timestamp,power
2021-04-18 19:58:29+00:00,2.0
2021-04-18 09:48:21+00:00,1.0
2021-04-10 17:03:28+00:00,89.0
2021-04-08 01:08:29+00:00,1.0
2021-04-24 01:18:10+00:00,1.0
2021-04-22 08:06:59+00:00,0.0
2021-04-09 15:58:27+00:00,1.0
2021-05-03 13:12:07+00:00,1.0
2021-04-21 02:47:56+00:00,0.0
2021-04-09 05:38:33+00:00,1.0
2021-04-24 13:04:13+00:00,1.0
2021-05-03 18:45:21+00:00,1.0
2021-04-20 08:18:09+00:00,1.0
2021-04-08 09:08:05+00:00,1.0
2021-04-05 18:56:21+00:00,1.0
2021-04-20 03:11:40+00:00,1.0
2021-05-03 21:17:44+00:00,1.0
2021-04-15 20:18:45+00:00,2.0
2021-05-02 05:51:17+00:00,0.0
2021-04-29 06:29:09+00:00,0.0
2021-04-15 18:02:43+00:00,2.0
2021-04-28 08:34:21+00:00,2418.0
2021-04-15 10:15:42+00:00,1.0
2021-04-06 15:50:20+00:00,1.0
2021-04-21 06:19:55+00:00,0.0
2021-04-16 17:55:20+00:00,0.0
2021-04-06 17:45:06+00:00,1.0
2021-04-28 13:49:28+00:00,1.0
2021-04-24 11:45:58+00:00,1.0
2021-04-17 21:13:08+00:00,1.0
2021-04-06 04:50:31+00:00,1.0
2021-04-10 18:25:42+00:00,1.0
2021-04-24 08:35:18+00:00,1.0
2021-04-06 21:58:48+00:00,1.0
2021-04-22 16:06:16+00:00,0.0
2021-04-04 23:40:04+00:00,1.0
2021-04-16 22:51:26+00:00,0.0
2021-04-25 01:05:16+00:00,1.0
2021-04-26 22:20:53+00:00,0.0
2021-04-14 22:35:58+00:00,2.0
2021-04-25 09:35:43+00:00,84.0
2021-04-17 10:27:34+00:00,0.0
2021-04-30 18:36:44+00:00,0.0
2021-04-13 10:24:32+00:00,1.0
2021-04-10 13:53:32+00:00,1.95
2021-04-06 01:57:35+00:00,1.0
2021-04-10 00:29:41+00:00,1.95
2021-04-11 18:21:12+00:00,2.0
2021-04-12 17:19:06+00:00,2.0
2021-04-17 01:22:32+00:00,0.0
2021-05-03 10:15:43+00:00,1.0
2021-04-13 16:52:03+00:00,1.0
2021-04-29 20:51:35+00:00,0.0
2021-04-08 08:57:38+00:00,1.0
2021-04-27 09:30:21+00:00,0.0
2021-04-08 09:18:39+00:00,2429.0
2021-04-30 21:58:45+00:00,0.0
2021-04-21 16:29:03+00:00,84.0
2021-04-24 18:46:00+00:00,1.0
2021-04-06 07:51:45+00:00,1.0
2021-04-05 07:54:58+00:00,1.0
2021-04-08 13:47:25+00:00,1.0
2021-04-24 01:54:39+00:00,1.0
2021-04-30 06:38:10+00:00,0.0
2021-04-14 21:18:37+00:00,1.0
2021-04-27 22:44:53+00:00,0.0
2021-04-29 14:21:10+00:00,0.0
2021-04-05 09:54:49+00:00,1.0
2021-04-16 05:02:31+00:00,2.0
2021-04-18 22:32:07+00:00,1.0
2021-04-08 01:36:16+00:00,1.0
2021-04-14 12:36:31+00:00,1.0
2021-05-03 01:36:13+00:00,1.0
2021-04-26 14:37:03+00:00,0.0
2021-04-13 21:23:47+00:00,1.0
2021-05-03 20:46:18+00:00,1.0
2021-05-01 09:05:11+00:00,0.0
2021-05-03 15:10:22+00:00,1.0
2021-05-01 15:04:42+00:00,0.0
2021-05-02 16:32:44+00:00,1.0
2021-04-15 06:00:21+00:00,1.0
2021-04-05 21:12:57+00:00,1.0
2021-04-08 23:07:52+00:00,2.0
2021-05-03 07:12:17+00:00,1.0
2021-04-22 23:00:04+00:00,3.0
2021-04-16 02:25:15+00:00,2.0
2021-05-01 17:15:54+00:00,0.0
2021-04-25 22:48:11+00:00,0.0
2021-04-11 07:32:54+00:00,1.0
2021-04-22 17:18:34+00:00,0.0
2021-04-21 03:23:04+00:00,0.0
2021-04-10 08:27:25+00:00,1.95
2021-04-26 09:55:41+00:00,0.0
2021-04-09 21:46:36+00:00,1.95
2021-05-02 05:06:29+00:00,0.0
2021-04-08 07:31:05+00:00,1.0
2021-04-25 05:51:18+00:00,1.0
2021-04-18 14:20:04+00:00,2.0
2021-04-20 21:44:44+00:00,1.0
2021-04-27 10:39:30+00:00,0.0
2021-04-28 03:04:14+00:00,0.0
2021-04-22 00:09:21+00:00,0.0
2021-04-30 09:56:25+00:00,0.0
2021-04-09 18:51:41+00:00,1.0
2021-04-18 20:48:11+00:00,1.0
2021-04-06 04:26:12+00:00,1.0
2021-04-11 16:07:05+00:00,1.0
2021-04-23 12:52:31+00:00,445.0
2021-05-03 17:10:12+00:00,1.0
2021-04-08 02:44:25+00:00,1.0
2021-04-17 12:52:21+00:00,0.0
2021-04-16 21:18:32+00:00,0.0
2021-04-21 05:06:40+00:00,0.0
2021-04-26 21:14:06+00:00,0.0
2021-05-02 17:32:19+00:00,1.0
2021-04-26 11:07:43+00:00,0.0
2021-04-19 23:15:47+00:00,2.0
2021-04-26 08:38:48+00:00,0.0
2021-04-12 09:37:21+00:00,1.0
2021-04-23 15:23:47+00:00,1.0
2021-04-23 06:57:24+00:00,3.0
2021-04-11 02:53:18+00:00,1.0
2021-04-21 02:34:29+00:00,0.0
2021-04-05 02:52:51+00:00,1.0
2021-04-17 20:12:44+00:00,1.0
2021-04-24 06:26:55+00:00,1.0
2021-04-30 01:12:36+00:00,0.0
2021-04-23 09:33:18+00:00,8.5
2021-04-29 05:21:48+00:00,0.0
2021-04-30 21:23:25+00:00,0.0
2021-04-21 03:13:06+00:00,0.0
2021-04-14 11:46:57+00:00,1.0
2021-04-21 06:11:48+00:00,0.0
2021-04-19 08:32:37+00:00,1.0
2021-04-14 01:13:22+00:00,2.0
2021-05-02 13:05:34+00:00,0.0
2021-04-30 11:05:55+00:00,0.0
2021-04-10 09:15:31+00:00,1.95
2021-04-10 03:18:38+00:00,1.95
2021-04-17 03:56:41+00:00,0.0
2021-05-01 20:20:47+00:00,0.0
2021-04-06 18:45:52+00:00,1.0
2021-04-30 16:58:21+00:00,0.0
2021-05-02 12:32:25+00:00,0.0
2021-05-02 16:53:38+00:00,1.0
2021-04-11 17:10:19+00:00,1.0
2021-04-22 09:14:10+00:00,0.0
2021-04-08 06:41:11+00:00,1.0
2021-04-20 06:10:04+00:00,1.0
2021-04-29 21:28:37+00:00,0.0
2021-04-27 01:19:38+00:00,0.0
2021-04-19 17:22:58+00:00,1.0
2021-04-24 16:34:31+00:00,1.0
2021-04-16 14:41:49+00:00,2.0
2021-04-30 10:28:13+00:00,0.0
2021-04-26 20:04:00+00:00,0.0
2021-04-06 19:41:08+00:00,1.0
2021-04-14 08:33:32+00:00,1.0
2021-04-18 11:57:56+00:00,2.0
2021-04-17 21:11:34+00:00,1.0
2021-04-26 11:14:11+00:00,0.0
2021-04-19 20:43:12+00:00,1.0
2021-04-19 14:17:08+00:00,2.0
2021-04-06 22:18:47+00:00,1.0
2021-04-08 07:57:44+00:00,1.0
2021-04-28 11:02:30+00:00,1.0
2021-04-17 13:46:11+00:00,0.0
2021-04-29 07:08:38+00:00,0.0
2021-04-25 05:17:56+00:00,1.0
2021-04-27 03:23:26+00:00,0.0
2021-04-25 06:27:47+00:00,1.0
2021-05-02 21:59:56+00:00,1.0
2021-04-11 00:17:48+00:00,1.0
2021-05-01 16:53:29+00:00,0.0
2021-04-28 18:48:40+00:00,1.0
2021-04-24 00:59:18+00:00,1.0
2021-04-17 02:23:40+00:00,0.0
2021-04-09 21:52:41+00:00,1.95
2021-04-24 04:42:34+00:00,1.0
2021-04-06 14:39:40+00:00,1.0
2021-04-06 09:13:21+00:00,1.0
2021-04-21 08:19:46+00:00,0.0
2021-04-08 00:19:44+00:00,1.0
2021-04-09 03:38:06+00:00,1.0
2021-04-12 14:24:42+00:00,1.0
2021-04-07 13:52:39+00:00,1.0
2021-04-09 23:01:42+00:00,1.95
2021-04-08 00:18:38+00:00,1.0
2021-05-03 11:54:39+00:00,1.0
2021-05-02 23:50:28+00:00,1.0
2021-04-23 12:19:14+00:00,7.0
2021-04-07 03:01:29+00:00,1.0
2021-04-22 13:47:10+00:00,0.0
2021-04-25 04:10:21+00:00,1.0
2021-04-05 16:53:55+00:00,1.0
2021-04-05 04:13:19+00:00,1.0
2021-04-22 13:56:24+00:00,0.0
2021-04-19 20:53:50+00:00,1.0
2021-04-14 13:06:55+00:00,1.0
2021-04-30 01:54:23+00:00,0.0
2021-04-14 19:27:04+00:00,1.0
2021-04-05 08:25:47+00:00,1.0
2021-04-07 16:03:51+00:00,1.0
2021-04-17 03:50:00+00:00,0.0
2021-04-30 06:35:03+00:00,0.0
2021-04-20 11:25:41+00:00,1.0
2021-04-21 11:45:35+00:00,0.0
2021-04-13 20:52:10+00:00,1.0
2021-05-02 17:57:36+00:00,1.0
2021-04-13 02:28:27+00:00,1.0
2021-04-06 21:11:27+00:00,1.0
2021-04-17 20:59:18+00:00,1.0
2021-04-28 03:15:55+00:00,0.0
2021-04-13 21:11:21+00:00,1.0
2021-04-29 20:25:08+00:00,0.0
2021-04-28 07:08:04+00:00,0.0
2021-04-21 12:04:56+00:00,0.0
2021-04-11 10:07:04+00:00,2.0
2021-05-01 08:24:48+00:00,0.0
2021-04-12 01:10:43+00:00,1.0
2021-04-16 18:53:18+00:00,0.0
2021-04-10 21:37:58+00:00,1.0
2021-04-25 13:20:21+00:00,1.0
2021-04-16 12:36:13+00:00,1.0
2021-04-24 10:08:49+00:00,1.0
2021-04-24 08:21:25+00:00,1.0
2021-04-12 18:33:16+00:00,1.0
2021-05-02 10:29:43+00:00,0.0
2021-05-02 13:45:23+00:00,110.0
2021-04-24 01:43:41+00:00,1.0
2021-04-05 19:48:57+00:00,1.0
2021-04-06 07:26:26+00:00,1.0
2021-04-06 07:28:16+00:00,1.0
2021-04-10 20:33:58+00:00,1.0
2021-04-18 00:55:07+00:00,2.0
2021-04-23 02:43:59+00:00,3.0
2021-04-09 10:58:01+00:00,1.0
2021-04-14 23:59:17+00:00,2.0
2021-04-16 14:27:06+00:00,1.0
2021-04-17 20:26:00+00:00,1.0
2021-04-10 08:14:39+00:00,1.95
2021-04-24 19:17:20+00:00,1.0
2021-05-03 08:56:45+00:00,1.0
2021-04-14 00:31:54+00:00,1.0
2021-04-16 12:44:51+00:00,2.0
2021-04-14 16:01:59+00:00,1.0
2021-04-19 05:00:42+00:00,1.0
2021-04-07 07:59:14+00:00,1.0
2021-04-25 00:42:41+00:00,1.0
2021-04-14 23:29:08+00:00,2.0
2021-04-20 16:32:58+00:00,1.0
2021-04-16 08:32:03+00:00,1.0
2021-04-13 14:00:15+00:00,2.0
2021-04-23 14:24:34+00:00,2507.0
2021-04-28 22:49:00+00:00,0.0
2021-04-22 15:03:34+00:00,0.0
2021-04-17 18:07:11+00:00,1.0
2021-05-01 13:47:03+00:00,0.0
2021-04-07 07:00:29+00:00,1.0
2021-04-17 23:45:51+00:00,1.0
2021-04-18 16:24:45+00:00,2.0
2021-04-16 08:17:25+00:00,1.0
2021-05-02 02:36:15+00:00,0.0
2021-04-14 15:17:04+00:00,1.0
2021-04-06 15:15:27+00:00,1.0
2021-04-17 16:06:52+00:00,0.0
2021-04-28 04:08:51+00:00,0.0
2021-04-09 05:27:27+00:00,1.0
2021-04-23 06:46:36+00:00,5.0
2021-04-13 03:10:55+00:00,1.0
2021-04-06 23:24:41+00:00,1.0
2021-04-08 17:24:07+00:00,1.0
2021-04-30 15:09:19+00:00,0.0
2021-04-16 06:58:02+00:00,1.0
2021-04-17 06:01:50+00:00,0.0
2021-04-28 20:46:45+00:00,1.0
2021-04-13 16:08:19+00:00,1.0
2021-04-08 13:34:21+00:00,1.0
2021-04-19 23:27:26+00:00,1.0
2021-04-26 10:00:32+00:00,0.0
2021-04-20 19:09:47+00:00,1.0
2021-04-15 03:45:53+00:00,2.0
2021-04-08 19:19:40+00:00,2.0
2021-04-08 04:54:07+00:00,1.0
2021-04-07 11:22:43+00:00,1.0
2021-04-20 11:58:09+00:00,1.0
2021-05-02 04:39:25+00:00,0.0
2021-04-17 06:09:54+00:00,0.0
2021-04-07 12:18:34+00:00,1.0
2021-04-22 08:47:04+00:00,0.0
2021-04-21 06:30:35+00:00,0.0
2021-04-23 17:25:11+00:00,1.0
2021-04-24 05:48:27+00:00,1.0
2021-04-19 06:10:27+00:00,1.0
2021-04-09 03:07:32+00:00,1.0
2021-04-22 17:39:50+00:00,0.0
2021-04-30 20:31:33+00:00,0.0
2021-04-28 20:35:03+00:00,1.0
2021-05-01 02:55:45+00:00,0.0
2021-04-11 08:41:06+00:00,2.0
2021-04-30 21:22:17+00:00,0.0
2021-05-01 19:06:32+00:00,0.0
2021-04-22 04:35:44+00:00,0.0
2021-04-05 12:05:17+00:00,1.0
2021-04-24 06:31:50+00:00,1.0
2021-04-12 12:11:09+00:00,1.0
2021-04-27 19:15:55+00:00,0.0
2021-04-09 20:43:45+00:00,1.0
2021-04-11 01:47:31+00:00,2.0
2021-04-06 15:27:11+00:00,1.0
2021-04-13 05:10:16+00:00,1.0
2021-04-09 03:10:29+00:00,1.0
2021-04-08 15:05:08+00:00,1.0
2021-04-26 14:43:59+00:00,0.0
2021-04-17 01:50:26+00:00,0.0
2021-04-15 03:39:59+00:00,2.0
2021-04-30 05:52:16+00:00,0.0
2021-04-22 15:13:47+00:00,0.0
2021-04-14 22:33:48+00:00,1.0
2021-04-26 09:48:23+00:00,0.0
2021-04-19 13:54:23+00:00,1.0
2021-04-09 13:30:15+00:00,1.0
2021-04-24 05:41:57+00:00,1.0
2021-04-06 08:55:02+00:00,1.0
2021-05-02 08:08:27+00:00,0.0
2021-04-18 02:17:01+00:00,1.0
2021-04-06 21:44:06+00:00,1.0
2021-04-23 06:18:28+00:00,2.0
2021-04-11 06:11:58+00:00,1.0
2021-04-16 19:01:19+00:00,0.0
2021-04-15 02:50:40+00:00,1.0
2021-05-02 14:08:48+00:00,51.0
2021-04-09 00:24:07+00:00,2.0
2021-05-03 23:35:06+00:00,1.0
2021-04-21 02:11:53+00:00,0.0
2021-04-09 06:00:28+00:00,2.0
2021-04-23 12:41:18+00:00,38.0
2021-04-18 16:08:04+00:00,1.0
2021-04-07 01:10:10+00:00,1.0
2021-04-10 15:12:49+00:00,159.0
2021-04-26 08:57:21+00:00,0.0
2021-04-20 20:35:41+00:00,2.0
2021-04-10 01:55:40+00:00,1.95
2021-04-06 21:48:10+00:00,1.0
2021-05-01 19:33:49+00:00,0.0
2021-04-06 11:19:03+00:00,2.0
2021-04-10 22:19:28+00:00,1.0
2021-05-01 06:59:50+00:00,0.0
2021-04-24 13:03:01+00:00,2.0
2021-05-03 04:40:00+00:00,1.0
2021-04-16 22:08:36+00:00,0.0
2021-05-02 11:11:35+00:00,0.0
2021-04-09 19:14:49+00:00,1.0
2021-04-27 01:19:25+00:00,0.0
2021-04-19 17:24:39+00:00,1.0
2021-04-13 02:01:06+00:00,1.0
2021-04-12 02:38:19+00:00,1.0
2021-04-17 21:26:43+00:00,1.0
2021-04-16 15:26:36+00:00,1.0
2021-04-16 22:52:46+00:00,0.0
2021-04-14 23:12:24+00:00,1.0
2021-04-27 01:50:03+00:00,0.0
2021-04-11 13:51:32+00:00,1.0
2021-04-13 13:06:53+00:00,1.0
2021-04-27 06:49:17+00:00,0.0
2021-04-21 13:39:50+00:00,0.0
2021-04-30 12:31:35+00:00,0.0
2021-04-20 06:45:16+00:00,1.0
2021-04-07 00:01:58+00:00,1.0
2021-05-03 18:45:56+00:00,1.0
2021-04-27 22:30:49+00:00,0.0
2021-04-13 15:47:35+00:00,2.0
2021-04-21 19:55:22+00:00,2.0
2021-04-20 08:47:33+00:00,1.0
2021-04-26 15:24:18+00:00,0.0
2021-04-18 00:09:11+00:00,2.0
2021-05-03 03:19:05+00:00,1.0
2021-04-08 10:17:09+00:00,501.0
2021-04-19 22:40:46+00:00,2.0
2021-04-25 11:40:11+00:00,1.0
2021-04-12 15:35:47+00:00,1.0
2021-04-07 22:24:45+00:00,1.0
2021-05-01 06:30:49+00:00,0.0
2021-04-21 13:09:44+00:00,0.0
2021-04-30 02:42:38+00:00,0.0
2021-04-06 22:25:37+00:00,1.0
2021-04-17 14:02:07+00:00,0.0
2021-04-28 02:31:39+00:00,0.0
2021-05-02 08:18:59+00:00,0.0
2021-05-03 05:43:56+00:00,1.0
2021-04-26 05:25:07+00:00,0.0
2021-04-06 23:06:38+00:00,1.0
2021-04-07 12:15:02+00:00,2.0
2021-04-30 17:05:48+00:00,0.0
2021-04-12 17:15:42+00:00,2.0
2021-04-13 09:55:34+00:00,1.0
2021-04-07 17:53:40+00:00,1.0
2021-04-16 07:18:21+00:00,2.0
2021-04-08 03:09:08+00:00,1.0
2021-04-20 20:14:11+00:00,2.0
2021-04-14 17:01:26+00:00,2.0
2021-04-20 19:31:34+00:00,1.0
2021-04-26 17:42:12+00:00,0.0
2021-04-07 01:57:11+00:00,1.0
2021-04-29 04:17:55+00:00,0.0
2021-04-23 21:23:20+00:00,1.0
2021-04-10 05:40:19+00:00,1.95
2021-05-02 12:11:38+00:00,0.0
2021-05-02 02:25:38+00:00,0.0
2021-04-11 14:17:14+00:00,1.0
2021-04-12 18:32:15+00:00,1.0
2021-05-02 15:20:55+00:00,1.0
2021-04-12 17:47:38+00:00,1.0
2021-04-23 21:42:26+00:00,1.0
2021-04-23 20:10:33+00:00,1.0
2021-04-20 14:25:32+00:00,1.0
2021-04-27 12:40:10+00:00,0.0
2021-04-08 13:33:41+00:00,1.0
2021-04-28 23:28:38+00:00,0.0
2021-04-29 07:15:18+00:00,0.0
2021-04-29 20:28:34+00:00,0.0
2021-04-24 23:57:26+00:00,1.0
2021-04-23 07:43:46+00:00,3.0
2021-04-21 07:25:42+00:00,0.0
2021-04-29 20:15:49+00:00,0.0
2021-04-21 15:02:53+00:00,0.0
2021-04-09 12:06:56+00:00,2.0
2021-04-17 20:09:08+00:00,1.0
2021-04-16 08:46:34+00:00,1.0
2021-04-19 06:24:41+00:00,1.0
2021-04-05 08:38:28+00:00,1.0
2021-04-15 13:09:33+00:00,1.0
2021-05-02 23:47:43+00:00,1.0
2021-04-28 13:36:49+00:00,1.0
2021-05-01 22:03:31+00:00,0.0
2021-04-25 02:55:21+00:00,1.0
2021-04-14 03:43:27+00:00,1.0
2021-04-20 19:23:39+00:00,1.0
2021-04-28 14:35:23+00:00,1.0
2021-04-05 10:04:48+00:00,1.0
2021-04-17 18:46:21+00:00,1.0
2021-04-27 05:11:31+00:00,0.0
2021-04-21 05:01:06+00:00,0.0
2021-04-21 08:48:14+00:00,0.0
2021-04-11 12:52:02+00:00,1.0
2021-04-26 20:10:12+00:00,0.0
2021-04-22 20:15:42+00:00,0.0
2021-04-05 05:18:35+00:00,1.0
2021-04-18 01:57:45+00:00,2.0
2021-04-09 11:00:28+00:00,1.0
2021-04-15 13:47:17+00:00,2.0
2021-04-14 17:32:43+00:00,1.0
2021-04-16 02:35:34+00:00,2.0
2021-04-20 09:08:23+00:00,1.0
2021-04-25 06:46:35+00:00,1.0
2021-04-15 16:22:57+00:00,1.0
2021-04-22 21:02:42+00:00,0.0
2021-04-13 22:18:36+00:00,1.0
2021-04-12 15:21:42+00:00,2.0
2021-04-11 12:40:57+00:00,2.0
2021-04-22 15:28:50+00:00,0.0
2021-04-09 06:11:10+00:00,2.0
2021-04-10 07:24:59+00:00,1.95
2021-04-27 08:09:10+00:00,0.0
2021-04-21 08:52:36+00:00,0.0
2021-04-10 22:34:04+00:00,1.0
2021-04-11 23:07:39+00:00,2.0
2021-04-18 10:13:34+00:00,1.0
2021-04-20 04:43:46+00:00,2.0
2021-04-23 15:23:51+00:00,1.0
2021-05-01 21:15:29+00:00,0.0
2021-05-03 23:55:54+00:00,1.0
2021-04-28 00:48:17+00:00,0.0
2021-04-23 07:05:09+00:00,4.0
2021-04-05 19:34:28+00:00,1.0
2021-05-03 13:39:47+00:00,1.0
2021-04-30 10:40:10+00:00,0.0
2021-04-29 00:20:26+00:00,0.0
2021-04-23 22:30:35+00:00,1.0
2021-05-02 00:03:11+00:00,0.0
2021-04-25 05:17:48+00:00,1.0
2021-04-07 17:20:45+00:00,1.0
2021-04-04 23:21:48+00:00,1.0
2021-04-29 18:34:17+00:00,0.0
2021-04-30 23:03:40+00:00,0.0
2021-04-30 21:28:51+00:00,0.0
2021-04-12 13:43:57+00:00,1.0
2021-04-21 00:37:25+00:00,0.0
2021-04-12 00:01:16+00:00,2.0
2021-05-02 15:05:51+00:00,1.0
2021-04-28 10:17:03+00:00,1.0
2021-04-20 07:57:02+00:00,1.0
2021-04-30 06:56:45+00:00,0.0
2021-04-17 19:16:04+00:00,1.0
2021-04-12 17:49:24+00:00,1.0
2021-04-05 14:23:39+00:00,1.0
2021-04-23 00:41:13+00:00,2.0
2021-04-29 11:56:13+00:00,0.0
2021-04-21 21:38:04+00:00,0.0
2021-04-06 20:51:17+00:00,1.0
2021-04-21 05:20:00+00:00,0.0
2021-04-14 21:35:21+00:00,1.0
2021-04-05 05:16:22+00:00,1.0
2021-04-08 12:23:04+00:00,1.0
2021-05-03 01:08:41+00:00,1.0
2021-04-29 01:26:48+00:00,0.0
2021-04-12 11:01:33+00:00,1.0
2021-04-29 04:30:32+00:00,0.0
2021-04-29 05:10:58+00:00,0.0
2021-04-21 16:26:48+00:00,169.0
2021-04-24 11:22:39+00:00,1.0
2021-04-30 13:31:50+00:00,0.0
2021-04-17 01:20:30+00:00,0.0
2021-04-12 16:16:12+00:00,1.0
2021-04-08 19:11:30+00:00,2.0
2021-04-30 15:32:24+00:00,0.0
2021-04-27 10:18:20+00:00,0.0
2021-04-27 01:38:46+00:00,0.0
2021-04-29 17:59:31+00:00,0.0
2021-04-30 12:14:14+00:00,0.0
2021-04-07 15:29:42+00:00,1.0
2021-04-30 19:47:14+00:00,0.0
2021-04-13 21:03:48+00:00,1.0
2021-04-17 12:21:19+00:00,0.0
2021-04-22 03:40:01+00:00,0.0
2021-04-30 00:58:34+00:00,0.0
2021-04-17 20:17:51+00:00,2.0
2021-04-15 21:54:29+00:00,1.0
2021-04-14 21:01:47+00:00,2.0
2021-05-03 14:45:10+00:00,1.0
2021-04-29 04:27:30+00:00,0.0
2021-04-18 09:35:15+00:00,1.0
2021-04-20 15:47:41+00:00,1.0
2021-04-10 08:36:36+00:00,1.95
2021-04-29 23:47:55+00:00,0.0
2021-04-15 20:18:02+00:00,2.0
2021-04-29 08:10:07+00:00,0.0
2021-04-15 08:45:21+00:00,1.0
2021-04-26 23:38:32+00:00,0.0
2021-04-29 09:04:36+00:00,0.0
2021-04-23 17:25:21+00:00,1.0
2021-04-30 15:13:40+00:00,0.0
2021-04-26 22:01:38+00:00,0.0
2021-04-19 06:19:38+00:00,1.0
2021-04-17 14:54:08+00:00,0.0
2021-04-21 05:39:03+00:00,0.0
2021-04-05 05:54:47+00:00,1.0
2021-04-14 20:33:05+00:00,2.0
2021-04-19 13:57:47+00:00,1.0
2021-04-09 07:15:13+00:00,1.0
2021-04-05 12:53:57+00:00,1.0
2021-04-13 23:01:56+00:00,1.0
2021-04-06 11:28:14+00:00,1.0
2021-05-02 01:08:50+00:00,0.0
2021-04-30 05:52:41+00:00,0.0
2021-04-12 15:29:56+00:00,1.0
2021-04-18 20:07:40+00:00,1.0
2021-04-23 04:10:17+00:00,3.0
2021-05-03 19:30:13+00:00,1.0
2021-05-03 01:42:40+00:00,1.0
2021-04-15 14:04:24+00:00,1.0
2021-05-01 12:34:32+00:00,0.0
2021-04-10 23:10:17+00:00,1.0
2021-04-06 10:58:45+00:00,1.0
2021-04-28 03:50:02+00:00,0.0
2021-04-17 05:04:40+00:00,0.0
2021-05-02 15:38:18+00:00,1.0
2021-04-07 12:56:48+00:00,1.0
2021-04-08 05:34:29+00:00,1.0
2021-05-02 11:54:48+00:00,0.0
2021-04-17 17:34:05+00:00,0.0
2021-05-01 01:02:11+00:00,0.0
2021-04-22 01:42:20+00:00,0.0
2021-04-25 19:55:16+00:00,0.0
2021-04-11 08:35:13+00:00,2.0
2021-04-14 07:58:03+00:00,1.0
2021-04-15 10:39:27+00:00,1.0
2021-04-11 23:39:18+00:00,2.0
2021-04-25 03:44:51+00:00,1.0
2021-04-26 23:04:29+00:00,0.0
2021-04-21 20:10:02+00:00,1.0
2021-04-06 18:10:16+00:00,1.0
2021-04-11 18:41:21+00:00,1.0
2021-04-06 22:36:33+00:00,1.0
2021-04-30 08:12:18+00:00,0.0
2021-04-17 22:48:24+00:00,1.0
2021-04-25 22:37:10+00:00,0.0
2021-04-11 13:17:20+00:00,2.0
2021-04-06 23:13:24+00:00,1.0
2021-04-25 01:53:43+00:00,1.0
2021-04-26 22:09:21+00:00,0.0
2021-04-08 20:02:26+00:00,2.0
2021-05-01 00:44:24+00:00,0.0
2021-04-29 16:22:27+00:00,0.0
2021-04-18 04:31:07+00:00,1.0
2021-05-01 09:11:03+00:00,0.0
2021-04-09 04:06:58+00:00,1.0
2021-05-03 12:55:03+00:00,1.0
2021-04-10 08:36:14+00:00,1.95
2021-04-10 00:34:22+00:00,1.95
2021-04-10 06:16:17+00:00,1.95
2021-04-16 18:55:23+00:00,0.0
2021-04-08 03:29:17+00:00,2.0
2021-04-20 17:52:46+00:00,1.0
2021-04-19 12:49:35+00:00,2.0
2021-04-22 16:26:32+00:00,0.0
2021-05-03 04:32:33+00:00,1.0
2021-04-17 01:24:18+00:00,0.0
2021-04-22 21:03:36+00:00,0.0
2021-04-16 15:40:52+00:00,1.0
2021-04-23 13:26:48+00:00,5.0
2021-04-26 10:06:22+00:00,0.0
2021-04-06 02:35:45+00:00,1.0
2021-04-22 19:57:08+00:00,0.0
2021-04-18 00:24:16+00:00,1.0
2021-04-16 13:03:14+00:00,1.0
2021-04-23 08:05:50+00:00,8.5
2021-04-18 23:59:57+00:00,2.0
2021-05-02 05:18:31+00:00,0.0
2021-04-24 22:33:02+00:00,1.0
2021-04-08 18:27:56+00:00,2.0
2021-05-03 10:46:38+00:00,1.0
2021-04-25 15:42:48+00:00,1.0
2021-04-22 14:58:39+00:00,0.0
2021-04-11 18:57:53+00:00,1.0
2021-04-16 09:02:38+00:00,1.0
2021-04-24 04:06:13+00:00,1.0
2021-04-20 09:03:39+00:00,1.0
2021-04-06 16:22:39+00:00,1.0
2021-04-13 10:19:59+00:00,1.0
2021-05-02 17:44:29+00:00,1.0
2021-04-22 22:14:21+00:00,5.0
2021-04-25 15:33:40+00:00,1.0
2021-04-18 05:06:01+00:00,2.0
2021-05-01 07:09:02+00:00,0.0
2021-05-01 05:01:19+00:00,0.0
2021-04-09 03:52:43+00:00,2.0
2021-04-28 11:28:36+00:00,1.0
2021-04-25 05:41:04+00:00,1.0
2021-04-05 23:31:47+00:00,1.0
2021-04-08 20:40:54+00:00,2.0
2021-04-28 05:33:05+00:00,0.0
2021-04-26 02:25:06+00:00,0.0
2021-05-02 05:17:11+00:00,0.0
2021-04-29 04:14:51+00:00,0.0
2021-04-19 00:18:47+00:00,1.0
2021-04-15 06:18:26+00:00,2.0
2021-04-22 22:28:31+00:00,2.0
2021-04-04 22:58:23+00:00,1.0
2021-04-19 17:44:12+00:00,1.0
2021-04-18 23:38:54+00:00,1.0
2021-05-03 09:12:53+00:00,1.0
2021-04-14 02:55:11+00:00,2.0
2021-05-01 14:23:41+00:00,0.0
2021-04-19 14:29:39+00:00,1.0
2021-04-13 02:58:02+00:00,1.0
2021-04-07 06:45:38+00:00,1.0
2021-04-05 02:47:58+00:00,1.0
2021-04-29 13:46:52+00:00,0.0
2021-05-03 13:52:41+00:00,1.0
2021-04-09 05:49:10+00:00,2.0
2021-04-24 09:34:44+00:00,1.0
2021-04-27 05:22:03+00:00,0.0
2021-04-11 02:54:05+00:00,1.0
2021-04-16 03:27:33+00:00,1.0
2021-04-10 08:24:27+00:00,1.95
2021-04-11 21:25:53+00:00,1.0
2021-04-27 15:18:23+00:00,0.0
2021-04-07 14:31:27+00:00,1.0
2021-04-09 18:45:51+00:00,1.0
2021-04-29 20:08:14+00:00,0.0
2021-04-08 23:11:18+00:00,1.0
2021-04-22 02:45:47+00:00,0.0
2021-04-22 21:38:33+00:00,0.0
2021-04-28 06:50:20+00:00,0.0
2021-04-20 11:39:05+00:00,1.0
2021-04-14 03:16:35+00:00,2.0
2021-04-18 22:19:12+00:00,1.0
2021-04-24 22:32:25+00:00,1.0
2021-04-28 09:17:29+00:00,180.0
2021-04-25 11:46:07+00:00,1.0
2021-05-03 09:56:45+00:00,1.0
2021-04-17 15:09:32+00:00,0.0
2021-04-15 02:32:37+00:00,2.0
2021-04-06 21:49:20+00:00,1.0
2021-04-14 10:32:30+00:00,1.0
2021-05-02 21:14:54+00:00,1.0
2021-05-01 01:49:23+00:00,0.0
2021-04-25 10:50:13+00:00,1.0
2021-05-03 22:12:26+00:00,1.0
2021-04-09 21:37:19+00:00,1.0
2021-05-01 06:56:40+00:00,0.0
2021-04-08 15:38:57+00:00,1.0
2021-04-06 23:12:43+00:00,1.0
2021-04-18 00:03:46+00:00,2.0
2021-04-28 17:21:58+00:00,1.0
2021-04-08 23:33:41+00:00,1.0
2021-04-28 12:20:19+00:00,1.0
2021-04-20 08:16:37+00:00,1.0
2021-04-09 01:44:53+00:00,1.0
2021-04-08 04:02:00+00:00,1.0
2021-05-02 14:24:33+00:00,1.0
2021-04-28 03:09:05+00:00,0.0
2021-04-29 01:00:35+00:00,0.0
2021-04-08 08:45:40+00:00,1.0
2021-04-26 23:20:37+00:00,0.0
2021-04-21 01:10:07+00:00,0.0
2021-04-14 14:35:07+00:00,2.0
2021-04-19 12:10:54+00:00,1.0
2021-04-24 13:20:35+00:00,1.0
2021-04-19 01:55:15+00:00,2.0
2021-04-23 04:32:07+00:00,3.0
2021-04-28 11:03:51+00:00,1.0
2021-05-01 11:23:20+00:00,0.0
2021-04-17 16:24:28+00:00,0.0
2021-04-22 05:23:55+00:00,0.0
2021-04-14 19:57:11+00:00,1.0
2021-04-19 22:38:35+00:00,1.0
2021-04-26 11:32:45+00:00,0.0
2021-04-21 16:07:45+00:00,76.0
2021-04-12 03:58:40+00:00,1.0
2021-04-09 17:02:29+00:00,1.0
2021-04-18 02:20:15+00:00,1.0
2021-04-07 13:01:25+00:00,1.0
2021-04-14 10:45:05+00:00,2.0
2021-04-27 17:06:18+00:00,0.0
2021-04-19 06:48:34+00:00,2.0
2021-04-18 03:47:25+00:00,1.0
2021-04-23 18:44:06+00:00,1.0
2021-04-08 14:52:38+00:00,1.0
2021-04-16 06:15:28+00:00,2.0
2021-04-28 20:57:58+00:00,1.0
2021-04-10 03:57:21+00:00,1.95
2021-04-28 13:54:33+00:00,1.0
2021-04-27 23:11:16+00:00,0.0
2021-04-19 10:53:02+00:00,2.0
2021-04-11 03:02:36+00:00,1.0
2021-04-18 07:57:10+00:00,1.0
2021-04-05 13:08:42+00:00,1.0
2021-04-20 09:17:38+00:00,1.0
2021-05-01 22:07:14+00:00,0.0
2021-04-14 09:58:36+00:00,1.0
2021-04-20 17:57:21+00:00,1.0
2021-04-28 07:08:44+00:00,0.0
2021-04-08 15:32:08+00:00,1.0
2021-04-14 04:15:20+00:00,1.0
2021-04-06 18:54:08+00:00,1.0
2021-04-08 13:11:04+00:00,1.0
2021-04-11 21:40:53+00:00,1.0
2021-04-11 23:01:07+00:00,1.0
2021-04-24 12:50:50+00:00,2.0
2021-05-02 22:11:29+00:00,1.0
2021-04-06 07:42:26+00:00,1.0
2021-04-18 00:36:23+00:00,2.0
2021-05-01 19:48:05+00:00,0.0
2021-04-11 04:26:19+00:00,2.0
2021-04-23 02:31:00+00:00,3.0
2021-04-24 08:06:25+00:00,1.0
2021-04-18 05:55:34+00:00,1.0
2021-04-24 03:57:12+00:00,1.0
2021-04-15 08:37:42+00:00,1.0
2021-05-02 22:46:07+00:00,1.0
2021-04-07 14:36:00+00:00,1.0
2021-04-07 00:46:54+00:00,1.0
2021-04-09 18:02:12+00:00,1.0
2021-04-29 19:49:28+00:00,0.0
2021-04-27 19:48:11+00:00,0.0
2021-04-30 00:36:10+00:00,0.0
2021-04-07 22:04:46+00:00,1.0
2021-04-25 01:52:39+00:00,1.0
2021-04-09 21:00:43+00:00,1.0
2021-04-11 11:28:02+00:00,1.0
2021-04-21 21:36:15+00:00,0.0
2021-04-20 17:09:30+00:00,2.0
2021-04-30 17:41:54+00:00,0.0
2021-04-30 19:21:13+00:00,0.0
2021-04-17 17:48:21+00:00,1.0
2021-04-16 23:20:02+00:00,0.0
2021-04-07 09:03:35+00:00,1.0
2021-04-08 11:28:34+00:00,1.0
2021-04-18 20:34:52+00:00,1.0
2021-04-22 12:54:35+00:00,0.0
2021-04-21 20:57:56+00:00,2.0
2021-05-03 13:40:14+00:00,1.0
2021-04-07 17:14:29+00:00,1.0
2021-05-02 13:56:44+00:00,93.0
2021-04-27 01:46:44+00:00,0.0
2021-04-23 18:44:51+00:00,1.0
2021-04-25 02:15:21+00:00,1.0
2021-04-14 20:19:26+00:00,1.0
2021-04-20 06:35:57+00:00,1.0
2021-05-01 12:19:14+00:00,0.0
2021-05-03 22:32:50+00:00,1.0
2021-04-22 00:10:47+00:00,0.0
2021-04-06 17:38:09+00:00,1.0
2021-04-16 18:38:48+00:00,0.0
2021-04-07 15:58:29+00:00,1.0
2021-04-06 14:12:45+00:00,1.0
2021-04-17 01:30:10+00:00,0.0
2021-04-11 08:20:22+00:00,1.0
2021-04-16 16:53:10+00:00,1.0
2021-04-25 21:45:35+00:00,0.0
2021-04-24 09:31:39+00:00,1.0
2021-04-16 13:23:26+00:00,1.0
2021-04-16 00:57:13+00:00,2.0
2021-04-29 10:10:52+00:00,0.0
2021-05-01 03:10:55+00:00,0.0
2021-04-17 14:46:45+00:00,0.0
2021-04-29 00:50:03+00:00,0.0
2021-04-16 07:56:54+00:00,1.0
2021-04-29 18:02:27+00:00,0.0
2021-04-25 08:50:13+00:00,1.0
2021-04-07 14:37:39+00:00,1.0
2021-04-30 23:49:27+00:00,0.0
2021-04-09 16:37:32+00:00,2.0
2021-04-13 22:23:03+00:00,2.0
2021-04-25 00:38:03+00:00,1.0
2021-04-13 06:53:08+00:00,1.0
2021-05-01 15:34:56+00:00,0.0
2021-04-28 07:55:57+00:00,0.0
2021-04-16 15:49:15+00:00,1.0
2021-04-17 08:55:49+00:00,0.0
2021-04-14 13:22:44+00:00,1.0
2021-04-14 02:54:02+00:00,2.0
2021-05-02 05:11:29+00:00,0.0
2021-04-23 14:30:39+00:00,168.0
2021-05-01 06:45:45+00:00,0.0
2021-04-11 15:28:59+00:00,1.0
2021-04-07 00:51:33+00:00,1.0
2021-04-27 09:51:23+00:00,0.0
2021-04-07 13:26:03+00:00,1.0
2021-04-11 05:16:03+00:00,2.0
2021-04-29 00:45:00+00:00,0.0
2021-04-19 01:14:07+00:00,1.0
2021-04-26 12:43:55+00:00,0.0
2021-04-28 10:23:38+00:00,1.0
2021-04-24 06:09:26+00:00,1.0
2021-05-01 07:20:43+00:00,0.0
2021-04-13 11:32:22+00:00,1.0
2021-04-16 02:03:50+00:00,2.0
2021-04-16 22:39:21+00:00,0.0
2021-04-21 11:46:23+00:00,0.0
2021-04-06 02:33:09+00:00,1.0
2021-04-29 20:55:45+00:00,0.0
2021-04-10 18:57:06+00:00,1.0
2021-04-16 17:02:56+00:00,2.0
2021-04-28 16:18:05+00:00,1.0
2021-04-19 20:18:26+00:00,1.0
2021-04-09 19:03:22+00:00,2.0
2021-04-10 21:48:16+00:00,1.0
2021-04-12 12:16:36+00:00,2.0
2021-05-01 16:32:37+00:00,0.0
2021-04-24 04:34:04+00:00,1.0
2021-04-16 16:06:45+00:00,1.0
2021-04-24 01:23:35+00:00,1.0
2021-04-18 00:29:49+00:00,1.0
2021-04-06 11:06:39+00:00,1.0
2021-04-05 20:11:48+00:00,1.0
2021-04-28 06:04:01+00:00,0.0
2021-04-22 06:22:24+00:00,0.0
2021-04-26 07:16:43+00:00,0.0
2021-05-03 03:36:55+00:00,1.0
2021-04-19 03:58:56+00:00,2.0
2021-04-25 15:52:13+00:00,1.0
2021-04-08 07:21:33+00:00,1.0
2021-04-17 15:20:07+00:00,0.0
2021-04-30 11:50:07+00:00,0.0
2021-04-16 05:45:03+00:00,1.0
2021-04-10 09:37:57+00:00,1.95
2021-04-15 04:52:03+00:00,1.0
2021-04-13 17:12:45+00:00,1.0
2021-04-07 14:10:11+00:00,1.0
2021-04-12 14:00:30+00:00,2.0
2021-05-01 16:57:28+00:00,0.0
2021-04-14 11:38:56+00:00,1.0
2021-04-29 01:51:19+00:00,0.0
2021-04-28 01:07:06+00:00,0.0
2021-04-19 14:58:17+00:00,1.0
2021-04-30 08:03:32+00:00,0.0
2021-05-01 19:20:55+00:00,0.0
2021-04-10 00:34:29+00:00,1.95
2021-04-16 14:14:59+00:00,1.0
2021-04-08 03:41:13+00:00,1.0
2021-04-07 16:01:35+00:00,1.0
2021-04-19 00:12:04+00:00,1.0
2021-04-14 01:42:41+00:00,1.0
2021-04-24 12:34:52+00:00,1.0
2021-05-01 00:29:32+00:00,0.0
2021-04-10 23:19:41+00:00,1.0
2021-04-20 02:00:16+00:00,2.0
2021-04-24 12:30:39+00:00,1.0
2021-04-30 02:47:52+00:00,0.0
2021-04-12 12:28:25+00:00,2.0
2021-04-22 09:07:31+00:00,0.0
2021-04-16 14:32:44+00:00,1.0
2021-04-08 11:23:22+00:00,1.0
2021-04-12 08:06:38+00:00,1.0
2021-04-08 01:12:24+00:00,1.0
2021-04-16 02:07:33+00:00,2.0
2021-04-21 14:40:08+00:00,0.0
2021-05-02 17:35:57+00:00,1.0
2021-04-14 02:42:44+00:00,1.0
2021-04-15 11:26:22+00:00,1.0
2021-04-05 12:37:55+00:00,1.0
2021-04-09 02:07:00+00:00,1.0
2021-04-23 07:03:57+00:00,3.0
2021-04-05 05:35:35+00:00,1.0
2021-04-05 14:18:53+00:00,1.0
2021-04-18 00:05:35+00:00,1.0
2021-04-28 07:29:17+00:00,0.0
2021-04-05 07:14:34+00:00,1.0
2021-04-16 08:43:23+00:00,2.0
2021-04-25 12:54:14+00:00,1.0
2021-04-24 09:20:04+00:00,1.0
2021-04-21 16:56:23+00:00,5.0
2021-05-01 05:32:29+00:00,0.0
2021-04-21 12:18:25+00:00,0.0
2021-05-01 00:48:26+00:00,0.0
2021-04-20 06:04:40+00:00,2.0
2021-04-25 17:23:46+00:00,1.0
2021-04-25 11:08:56+00:00,1.0
2021-04-18 09:02:32+00:00,2.0
2021-05-02 02:11:05+00:00,0.0
2021-05-01 18:07:44+00:00,0.0
2021-04-12 15:55:34+00:00,2.0
2021-04-08 14:49:13+00:00,1.0
2021-05-03 04:24:28+00:00,1.0
2021-05-02 13:25:41+00:00,2496.0
2021-05-03 08:32:57+00:00,1.0
2021-05-01 03:04:44+00:00,0.0
2021-04-05 15:34:13+00:00,1.0
2021-04-30 04:25:59+00:00,0.0
2021-04-18 20:18:20+00:00,1.0
2021-05-01 19:49:06+00:00,0.0
2021-04-24 16:15:17+00:00,1.0
2021-04-30 03:20:33+00:00,0.0
2021-04-22 00:07:37+00:00,0.0
2021-04-24 20:47:39+00:00,1.0
2021-04-22 11:02:00+00:00,0.0
2021-04-09 15:38:39+00:00,1.0
2021-04-19 21:20:45+00:00,2.0
2021-04-12 20:49:22+00:00,1.0
2021-04-17 03:01:32+00:00,0.0
2021-04-13 15:24:34+00:00,1.0
2021-04-09 03:32:49+00:00,1.0
2021-04-24 03:00:37+00:00,1.0
2021-04-12 05:16:32+00:00,1.0
2021-04-21 12:18:56+00:00,0.0
2021-04-22 07:15:26+00:00,0.0
2021-04-28 08:19:59+00:00,11.0
2021-04-29 05:24:40+00:00,0.0
2021-04-25 23:19:18+00:00,0.0
2021-04-08 02:47:05+00:00,1.0
2021-04-24 10:30:02+00:00,1.0
2021-04-11 11:19:40+00:00,1.0
2021-04-24 21:24:12+00:00,1.0
2021-04-24 12:33:33+00:00,1.0
2021-04-30 01:12:57+00:00,0.0
2021-04-06 12:18:21+00:00,1.0
2021-04-26 23:16:51+00:00,0.0
2021-04-07 18:03:21+00:00,1.0
2021-04-20 12:16:33+00:00,2.0
2021-04-10 09:11:20+00:00,1.95
2021-04-20 06:29:05+00:00,2.0
2021-04-27 10:03:49+00:00,0.0
2021-04-28 07:12:09+00:00,0.0
2021-04-19 11:58:52+00:00,2.0
2021-04-22 08:45:21+00:00,0.0
2021-04-25 22:34:18+00:00,0.0
2021-04-17 14:24:11+00:00,0.0
2021-04-25 03:32:11+00:00,1.0
2021-04-24 21:11:49+00:00,1.0
2021-04-22 01:20:00+00:00,0.0
2021-04-16 16:17:37+00:00,1.0
2021-04-16 05:11:36+00:00,2.0
2021-04-12 00:52:19+00:00,1.0
2021-04-23 15:46:28+00:00,1.0
2021-04-10 17:05:43+00:00,5.0
2021-04-07 01:02:39+00:00,1.0
2021-04-25 03:31:44+00:00,1.0
2021-04-30 06:55:16+00:00,0.0
2021-04-24 08:11:18+00:00,1.0
2021-04-22 14:03:23+00:00,0.0
2021-04-16 10:48:22+00:00,2.0
2021-04-28 09:24:53+00:00,401.0
2021-05-03 01:56:12+00:00,1.0
2021-04-07 05:55:36+00:00,1.0
2021-04-23 11:54:56+00:00,98.0
2021-04-23 06:41:16+00:00,6.0
2021-05-01 11:22:46+00:00,0.0
2021-04-29 17:42:16+00:00,0.0
2021-04-15 15:43:49+00:00,1.0
2021-05-03 20:26:18+00:00,1.0
2021-04-05 13:15:55+00:00,1.0
2021-04-29 14:53:22+00:00,0.0
2021-04-07 11:04:29+00:00,1.0
2021-04-24 00:12:24+00:00,1.0
2021-04-25 02:38:39+00:00,1.0
2021-04-07 17:18:52+00:00,1.0
2021-05-03 12:49:01+00:00,1.0
2021-04-18 20:49:53+00:00,2.0
2021-04-05 11:52:29+00:00,1.0
2021-04-29 21:44:09+00:00,0.0
2021-04-14 10:54:33+00:00,1.0
2021-05-01 05:58:15+00:00,0.0
2021-04-09 14:43:58+00:00,1.0
2021-04-06 06:29:34+00:00,1.0
2021-04-26 00:04:40+00:00,0.0
2021-04-07 16:06:55+00:00,1.0
2021-04-21 21:44:02+00:00,0.0
2021-04-27 13:55:42+00:00,0.0
2021-04-04 23:02:32+00:00,1.0
2021-04-14 01:05:45+00:00,2.0
2021-04-24 23:57:02+00:00,1.0
2021-04-28 23:24:53+00:00,0.0
2021-04-24 22:28:35+00:00,1.0
2021-04-24 17:08:33+00:00,1.0
2021-04-19 22:40:38+00:00,2.0
2021-04-06 23:50:32+00:00,1.0
2021-04-19 09:16:57+00:00,2.0
2021-04-08 22:11:06+00:00,1.0
2021-04-08 23:01:43+00:00,1.0
2021-04-07 16:22:54+00:00,1.0
2021-04-11 17:14:55+00:00,2.0
2021-04-17 23:40:39+00:00,1.0
2021-04-28 05:29:45+00:00,0.0
2021-04-10 21:06:52+00:00,1.0
2021-05-02 20:25:49+00:00,1.0
2021-04-24 09:35:55+00:00,1.0
2021-04-28 01:51:27+00:00,0.0
2021-04-27 17:05:43+00:00,0.0
2021-04-16 21:21:50+00:00,0.0
2021-04-08 21:41:58+00:00,2.0
2021-04-21 08:01:31+00:00,0.0
2021-05-01 07:53:38+00:00,0.0
2021-04-07 13:45:56+00:00,1.0
2021-05-02 23:02:02+00:00,2.0
2021-04-29 11:11:49+00:00,0.0
2021-04-09 18:10:56+00:00,1.0
2021-04-06 16:41:56+00:00,1.0
2021-05-01 00:43:24+00:00,0.0
2021-04-10 11:16:15+00:00,1.95
2021-05-03 18:32:44+00:00,1.0
2021-04-07 06:31:08+00:00,1.0
2021-04-08 16:49:21+00:00,1.0
2021-05-03 11:56:17+00:00,1.0
2021-04-21 18:15:13+00:00,1.0
2021-04-10 11:13:32+00:00,1.95
2021-04-22 17:00:44+00:00,0.0
2021-04-12 14:30:01+00:00,1.0
2021-04-10 12:21:10+00:00,1.95
2021-04-19 22:53:26+00:00,1.0
2021-04-13 14:46:28+00:00,2.0
2021-04-29 09:00:37+00:00,0.0
2021-04-08 23:23:59+00:00,2.0
2021-04-09 04:53:56+00:00,2.0
2021-05-01 20:54:55+00:00,0.0
2021-04-16 04:18:41+00:00,2.0
2021-05-03 13:28:15+00:00,1.0
2021-04-25 17:55:18+00:00,1.0
2021-04-23 16:00:10+00:00,1.0
2021-04-10 13:26:26+00:00,1.95
2021-04-21 01:21:01+00:00,0.0
2021-04-26 08:13:27+00:00,0.0
2021-04-24 23:21:12+00:00,1.0
2021-04-23 23:15:12+00:00,1.0
2021-04-29 23:11:03+00:00,0.0
2021-04-13 23:44:09+00:00,1.0
2021-04-15 06:24:50+00:00,1.0
2021-04-22 09:55:17+00:00,0.0
2021-05-02 00:38:33+00:00,0.0
2021-04-24 11:35:10+00:00,1.0
2021-04-29 19:05:46+00:00,0.0
2021-04-10 06:55:05+00:00,1.95
2021-04-14 18:25:11+00:00,2.0
2021-04-23 12:53:19+00:00,439.0
2021-04-06 03:17:37+00:00,1.0
2021-04-26 03:03:34+00:00,0.0
2021-04-23 13:04:23+00:00,5.0
2021-04-27 19:56:32+00:00,0.0
2021-04-27 22:46:01+00:00,0.0
2021-05-03 22:07:55+00:00,1.0
2021-04-29 03:09:45+00:00,0.0
2021-04-15 10:45:15+00:00,2.0
2021-04-08 09:04:39+00:00,1.0
2021-04-18 08:40:08+00:00,1.0
2021-04-17 03:37:18+00:00,0.0
2021-05-01 17:14:49+00:00,0.0
2021-04-12 15:14:30+00:00,1.0
2021-04-26 18:04:23+00:00,0.0
2021-04-15 18:44:27+00:00,1.0
2021-04-09 09:10:18+00:00,2.0
2021-04-06 14:45:14+00:00,1.0
2021-04-27 08:07:04+00:00,0.0
2021-05-01 13:39:23+00:00,0.0
2021-04-25 11:12:28+00:00,1.0
2021-04-12 01:07:55+00:00,1.0
2021-04-23 05:28:45+00:00,2.0
2021-04-15 23:35:29+00:00,2.0
2021-04-22 03:19:18+00:00,0.0
2021-04-29 05:17:56+00:00,0.0
2021-04-14 04:12:42+00:00,1.0
2021-04-17 08:26:02+00:00,0.0
2021-04-12 20:13:02+00:00,1.0
2021-05-03 11:56:50+00:00,1.0
2021-04-09 12:32:10+00:00,1.0
2021-04-07 15:42:04+00:00,1.0
2021-04-19 00:08:05+00:00,1.0
2021-04-07 15:27:18+00:00,1.0
2021-04-27 14:43:36+00:00,0.0
2021-04-26 20:25:22+00:00,0.0
2021-04-12 03:41:33+00:00,2.0
2021-04-14 06:52:09+00:00,2.0
2021-04-12 19:20:38+00:00,2.0
2021-05-01 05:31:03+00:00,0.0
2021-04-08 16:37:47+00:00,1.0
2021-04-12 22:22:46+00:00,1.0
2021-04-15 10:14:10+00:00,1.0
2021-04-19 16:30:09+00:00,1.0
2021-04-26 20:16:46+00:00,0.0
2021-04-16 20:36:54+00:00,0.0
2021-04-28 17:39:23+00:00,1.0
2021-04-27 13:55:45+00:00,0.0
2021-04-10 04:00:42+00:00,1.95
2021-04-20 22:29:36+00:00,0.0
2021-04-07 16:29:08+00:00,1.0
2021-04-27 11:12:44+00:00,0.0
2021-04-10 00:27:06+00:00,1.95
2021-04-14 15:06:28+00:00,2.0
2021-04-18 07:43:19+00:00,1.0
2021-04-24 20:18:13+00:00,1.0
2021-04-24 13:41:17+00:00,1.0
2021-04-05 00:01:31+00:00,1.0
2021-05-03 05:35:31+00:00,1.0
2021-04-13 09:26:20+00:00,1.0
2021-04-05 15:50:19+00:00,1.0
2021-04-06 10:36:59+00:00,1.0
2021-04-25 17:02:41+00:00,1.0
2021-04-06 15:51:05+00:00,1.0
2021-04-27 22:37:21+00:00,0.0
2021-04-12 12:19:28+00:00,2.0
2021-04-24 12:45:59+00:00,2.0
2021-04-12 14:06:46+00:00,1.0
2021-04-13 09:38:54+00:00,1.0
2021-04-13 20:49:22+00:00,1.0
2021-04-25 04:36:25+00:00,1.0
2021-04-23 23:34:31+00:00,1.0
2021-05-01 12:56:32+00:00,0.0
2021-05-01 04:44:35+00:00,0.0
2021-04-22 02:56:07+00:00,0.0
2021-05-01 09:55:22+00:00,0.0
2021-04-14 23:39:21+00:00,2.0
2021-04-14 20:07:45+00:00,1.0
2021-05-02 04:45:38+00:00,0.0
2021-04-19 21:18:22+00:00,1.0
2021-04-30 00:31:21+00:00,0.0
2021-05-03 06:08:42+00:00,1.0
2021-04-15 19:17:13+00:00,1.0
2021-04-26 10:39:29+00:00,0.0
2021-04-28 18:46:54+00:00,1.0
2021-04-13 07:22:48+00:00,2.0
2021-04-28 02:46:43+00:00,0.0
2021-05-01 01:49:15+00:00,0.0
2021-04-24 01:17:34+00:00,1.0
2021-04-08 03:29:34+00:00,1.0
2021-04-07 23:41:18+00:00,1.0
2021-04-09 07:16:06+00:00,2.0
2021-04-16 20:30:17+00:00,0.0
2021-04-17 04:39:25+00:00,0.0
2021-04-15 00:06:12+00:00,1.0
2021-04-20 08:16:02+00:00,1.0
2021-04-08 00:46:49+00:00,1.0
2021-04-30 02:00:35+00:00,0.0
2021-04-14 03:10:53+00:00,1.0
2021-04-05 18:12:38+00:00,1.0
2021-04-17 19:28:19+00:00,1.0
2021-04-27 11:12:30+00:00,0.0
2021-04-19 06:55:34+00:00,2.0
2021-04-08 05:35:13+00:00,1.0
2021-04-22 17:46:43+00:00,0.0
2021-04-16 16:30:01+00:00,2.0
2021-04-13 14:41:25+00:00,1.0
2021-04-26 02:57:53+00:00,0.0
2021-04-11 01:50:08+00:00,1.0
2021-05-02 08:02:36+00:00,0.0
2021-04-11 04:24:41+00:00,2.0
2021-04-24 06:02:36+00:00,1.0
2021-04-20 16:33:35+00:00,1.0
2021-04-19 13:12:47+00:00,1.0
2021-05-01 15:42:16+00:00,0.0
2021-04-10 08:25:00+00:00,1.95
2021-04-22 20:02:40+00:00,0.0
2021-04-28 04:55:34+00:00,0.0
2021-04-05 22:48:45+00:00,1.0
2021-04-30 00:25:27+00:00,0.0
2021-05-02 23:07:20+00:00,1.0
2021-04-15 02:25:32+00:00,2.0
2021-04-11 05:04:49+00:00,2.0
2021-05-03 17:12:41+00:00,1.0
2021-04-12 11:12:09+00:00,2.0
2021-04-26 03:13:51+00:00,0.0
2021-04-12 13:26:34+00:00,1.0
2021-04-26 16:32:50+00:00,0.0
2021-05-02 04:35:50+00:00,0.0
2021-04-14 20:49:44+00:00,2.0
2021-04-27 14:12:53+00:00,0.0
2021-04-28 00:34:42+00:00,0.0
2021-04-17 22:20:54+00:00,1.0
2021-04-10 02:33:23+00:00,1.95
2021-04-26 13:00:11+00:00,0.0
2021-04-19 11:52:39+00:00,1.0
2021-04-12 10:21:55+00:00,1.0
2021-04-25 19:37:00+00:00,0.0
2021-04-20 08:46:40+00:00,1.0
2021-04-30 16:17:04+00:00,0.0
2021-04-30 12:12:39+00:00,0.0
2021-04-24 17:09:40+00:00,1.0
2021-04-09 22:29:28+00:00,1.95
2021-04-09 17:54:12+00:00,1.0
2021-04-28 01:45:52+00:00,0.0
2021-04-30 05:33:27+00:00,0.0
2021-04-25 09:29:25+00:00,80.0
2021-04-07 03:03:45+00:00,1.0
2021-04-20 03:10:17+00:00,2.0
2021-04-16 12:13:01+00:00,1.0
2021-04-11 04:31:18+00:00,1.0
2021-05-03 15:21:02+00:00,1.0
2021-04-30 18:50:08+00:00,0.0
2021-04-22 14:49:40+00:00,0.0
2021-05-03 01:42:02+00:00,1.0
2021-04-15 17:27:15+00:00,1.0
2021-04-11 07:41:29+00:00,1.0
2021-04-24 08:28:00+00:00,1.0
2021-04-30 06:27:01+00:00,0.0
2021-04-08 02:23:06+00:00,1.0
2021-04-19 02:43:32+00:00,1.0
2021-04-28 07:52:32+00:00,0.0
2021-04-24 05:17:32+00:00,1.0
2021-04-26 02:55:43+00:00,0.0
2021-05-01 13:01:54+00:00,0.0
2021-04-15 21:44:39+00:00,1.0
2021-04-06 14:13:06+00:00,1.0
2021-04-16 22:45:27+00:00,0.0
2021-04-21 19:42:01+00:00,1.0
2021-05-01 10:58:38+00:00,0.0
2021-04-24 23:28:37+00:00,1.0
2021-04-29 08:06:49+00:00,0.0
2021-04-16 12:35:16+00:00,1.0
2021-04-23 03:36:58+00:00,3.0
2021-04-05 11:27:23+00:00,1.0
2021-04-11 02:02:33+00:00,2.0
2021-04-21 17:51:52+00:00,1.0
2021-04-26 22:29:09+00:00,0.0
2021-04-27 01:46:29+00:00,0.0
2021-04-24 08:55:39+00:00,1.0
2021-04-20 01:22:44+00:00,1.0
2021-04-22 12:27:17+00:00,0.0
2021-04-11 22:48:27+00:00,1.0
2021-04-05 00:05:35+00:00,1.0
2021-04-21 06:04:23+00:00,0.0
2021-04-07 13:19:03+00:00,1.0
2021-04-28 10:23:59+00:00,1.0
2021-04-28 10:17:45+00:00,1.0
2021-04-11 07:22:36+00:00,2.0
2021-04-29 14:23:41+00:00,0.0
2021-04-19 12:39:55+00:00,2.0
2021-04-06 23:00:26+00:00,1.0
2021-04-27 14:21:28+00:00,0.0
2021-05-02 01:49:42+00:00,0.0
2021-04-11 09:43:03+00:00,2.0
2021-04-07 13:17:00+00:00,1.0
2021-04-27 01:14:48+00:00,0.0
2021-04-15 10:24:28+00:00,1.0
2021-04-06 21:44:40+00:00,1.0
2021-04-18 09:20:11+00:00,1.0
2021-04-19 03:00:05+00:00,1.0
2021-04-05 11:22:36+00:00,1.0
2021-04-10 13:48:44+00:00,1.95
2021-05-01 06:35:41+00:00,0.0
2021-05-02 09:09:10+00:00,0.0
2021-04-19 18:52:39+00:00,1.0
2021-04-25 21:41:10+00:00,0.0
2021-04-15 15:42:42+00:00,1.0
2021-04-28 15:59:07+00:00,1.0
2021-04-19 17:15:44+00:00,1.0
2021-04-13 18:59:01+00:00,1.0
2021-05-02 23:02:57+00:00,1.0
2021-04-21 02:05:17+00:00,0.0
2021-04-28 03:13:48+00:00,0.0
2021-04-05 18:37:43+00:00,1.0
2021-04-30 19:51:37+00:00,0.0
2021-04-30 18:53:11+00:00,0.0
2021-04-26 06:52:23+00:00,0.0
2021-04-29 16:56:53+00:00,0.0
2021-04-09 06:22:50+00:00,1.0
2021-04-19 18:16:37+00:00,1.0
2021-05-01 23:30:51+00:00,0.0
2021-04-09 00:48:14+00:00,2.0
2021-04-21 15:35:17+00:00,0.0
2021-04-14 18:47:46+00:00,1.0
2021-04-15 20:19:14+00:00,2.0
2021-04-23 06:50:05+00:00,5.0
2021-04-11 03:15:49+00:00,2.0
2021-04-18 20:09:19+00:00,2.0
2021-04-10 21:50:19+00:00,1.0
2021-04-15 01:12:38+00:00,1.0
2021-04-08 16:40:46+00:00,1.0
2021-04-30 20:57:04+00:00,0.0
2021-05-02 14:30:28+00:00,1.0
2021-04-16 17:06:16+00:00,1.0
2021-04-18 04:59:55+00:00,1.0
2021-05-03 18:40:47+00:00,1.0
2021-04-15 03:50:58+00:00,1.0
2021-04-05 03:15:05+00:00,1.0
2021-04-09 21:26:01+00:00,1.0
2021-04-10 05:16:32+00:00,1.95
2021-04-12 11:20:50+00:00,1.0
2021-04-07 06:00:08+00:00,2.0
2021-04-22 22:57:27+00:00,3.0
2021-04-09 12:18:34+00:00,1.0
2021-04-20 16:41:44+00:00,1.0
2021-04-24 09:54:36+00:00,1.0
2021-04-27 04:42:33+00:00,0.0
2021-04-23 16:00:58+00:00,1.0
2021-04-13 18:08:25+00:00,1.0
2021-04-15 00:45:22+00:00,2.0
2021-04-09 08:01:16+00:00,1.0
2021-04-27 02:38:47+00:00,0.0
2021-04-17 19:36:26+00:00,1.0
2021-05-03 19:30:56+00:00,1.0
2021-04-29 20:08:26+00:00,0.0
2021-04-09 13:31:37+00:00,1.0
2021-04-27 05:41:18+00:00,0.0
2021-04-20 00:28:11+00:00,2.0
2021-04-25 20:01:31+00:00,0.0
2021-04-14 03:09:35+00:00,2.0
2021-04-22 18:54:24+00:00,0.0
2021-05-01 08:33:34+00:00,0.0
2021-04-13 12:22:12+00:00,1.0
2021-04-27 12:59:02+00:00,0.0
2021-04-18 06:08:21+00:00,2.0
2021-04-12 20:01:28+00:00,1.0
2021-04-27 01:54:57+00:00,0.0
2021-04-08 13:18:52+00:00,1.0
2021-04-15 03:45:31+00:00,2.0
2021-04-24 06:00:09+00:00,1.0
2021-04-19 12:48:24+00:00,1.0
2021-04-12 09:04:51+00:00,1.0
2021-04-27 00:56:00+00:00,0.0
2021-04-13 22:58:12+00:00,1.0
2021-04-19 08:40:00+00:00,1.0
2021-04-30 07:58:25+00:00,0.0
2021-04-25 10:03:41+00:00,393.0
2021-04-08 16:49:57+00:00,1.0
2021-04-10 09:49:00+00:00,1.95
2021-04-09 20:24:04+00:00,2.0
2021-04-17 12:21:29+00:00,0.0
2021-04-26 19:35:37+00:00,0.0
2021-04-25 18:59:30+00:00,0.0
2021-04-18 16:33:18+00:00,1.0
2021-04-14 04:53:42+00:00,2.0
2021-04-11 12:46:11+00:00,1.0
2021-04-08 16:17:07+00:00,1.0
2021-04-06 08:35:39+00:00,1.0
2021-04-08 19:11:39+00:00,1.0
2021-04-07 22:25:53+00:00,1.0
2021-04-13 15:29:18+00:00,2.0
2021-04-25 03:04:31+00:00,1.0
2021-04-17 21:43:18+00:00,1.0
2021-04-22 11:25:50+00:00,0.0
2021-04-06 18:26:11+00:00,1.0
2021-04-28 14:55:53+00:00,1.0
2021-04-24 15:43:31+00:00,1.0
2021-04-22 13:43:07+00:00,0.0
2021-04-25 23:06:18+00:00,0.0
2021-04-30 17:55:42+00:00,0.0
2021-04-10 12:52:09+00:00,1.95
2021-04-26 23:22:42+00:00,0.0
2021-04-06 21:56:46+00:00,1.0
2021-04-12 21:02:30+00:00,1.0
2021-04-22 08:03:38+00:00,0.0
2021-04-25 13:56:20+00:00,1.0
2021-04-18 02:31:59+00:00,2.0
2021-04-07 10:56:12+00:00,1.0
2021-04-08 06:11:39+00:00,1.0
2021-04-26 11:41:55+00:00,0.0
2021-04-14 14:21:01+00:00,1.0
2021-04-23 07:18:37+00:00,3.0
2021-04-25 06:22:03+00:00,1.0
2021-04-14 09:09:57+00:00,2.0
2021-04-08 02:38:33+00:00,1.0
2021-04-11 22:45:07+00:00,1.0
2021-04-30 04:59:07+00:00,0.0
2021-04-23 15:46:44+00:00,1.0
2021-04-18 19:48:55+00:00,2.0
2021-04-26 00:23:52+00:00,0.0
2021-04-11 21:17:55+00:00,1.0
2021-04-13 17:29:05+00:00,2.0
2021-04-16 17:46:24+00:00,0.0
2021-04-25 05:39:01+00:00,1.0
2021-04-05 12:02:36+00:00,1.0
2021-04-12 05:53:10+00:00,1.0
2021-04-13 11:35:08+00:00,1.0
2021-04-09 22:15:27+00:00,1.95
2021-04-10 22:40:05+00:00,1.0
2021-05-02 18:51:25+00:00,1.0
2021-04-05 21:20:24+00:00,1.0
2021-04-13 15:06:50+00:00,1.0
2021-04-29 04:22:27+00:00,0.0
2021-04-23 23:13:01+00:00,1.0
2021-04-29 09:56:23+00:00,0.0
2021-04-20 07:33:08+00:00,1.0
2021-04-05 17:51:17+00:00,1.0
2021-04-09 15:45:59+00:00,2.0
2021-04-30 18:14:54+00:00,0.0
2021-04-30 10:56:31+00:00,0.0
2021-04-13 17:20:33+00:00,1.0
2021-04-06 16:51:48+00:00,1.0
2021-04-17 18:17:58+00:00,1.0
2021-04-07 06:11:59+00:00,1.0
2021-04-25 09:59:51+00:00,281.0
2021-04-11 02:35:00+00:00,2.0
2021-04-05 21:09:30+00:00,1.0
2021-04-13 23:29:50+00:00,1.0
2021-04-12 09:03:48+00:00,1.0
2021-05-02 02:01:04+00:00,0.0
2021-04-21 07:58:12+00:00,0.0
2021-04-20 19:08:48+00:00,1.0
2021-04-06 15:30:11+00:00,1.0
2021-04-20 01:59:39+00:00,1.0
2021-04-10 13:16:04+00:00,1.95
2021-04-23 09:52:34+00:00,281.0
2021-04-19 15:24:42+00:00,1.0
2021-04-05 13:34:42+00:00,1.0
2021-04-05 02:19:32+00:00,1.0
2021-04-08 01:08:49+00:00,1.0
2021-04-11 09:19:33+00:00,1.0
2021-04-08 14:40:44+00:00,1.0
2021-04-29 02:55:56+00:00,0.0
2021-04-10 09:59:59+00:00,1.95
2021-04-20 05:36:15+00:00,2.0
2021-04-24 11:28:35+00:00,1.0
2021-04-28 19:26:15+00:00,1.0
2021-04-20 06:24:56+00:00,1.0
2021-04-18 07:40:34+00:00,1.0
2021-04-17 05:51:46+00:00,0.0
2021-04-22 07:04:47+00:00,0.0
2021-04-19 03:30:47+00:00,1.0
2021-04-30 23:54:54+00:00,0.0
2021-04-27 00:01:16+00:00,0.0
2021-04-26 04:43:21+00:00,0.0
2021-04-05 19:37:15+00:00,1.0
2021-04-23 13:01:53+00:00,34.0
2021-05-01 05:53:54+00:00,0.0
2021-04-14 13:58:41+00:00,1.0
2021-04-20 17:52:37+00:00,1.0
2021-04-22 18:00:44+00:00,0.0
2021-04-16 00:23:30+00:00,1.0
2021-05-03 02:12:49+00:00,1.0
2021-05-03 22:18:24+00:00,1.0
2021-04-20 04:07:56+00:00,2.0
2021-04-11 03:43:29+00:00,2.0
2021-04-30 15:06:30+00:00,0.0
2021-04-21 18:32:44+00:00,2.0
2021-04-27 06:37:17+00:00,0.0
2021-04-10 06:52:04+00:00,1.95
2021-04-14 18:21:06+00:00,2.0
2021-04-24 14:42:48+00:00,1.0
2021-04-25 21:19:30+00:00,0.0
2021-04-26 12:39:07+00:00,0.0
2021-04-27 03:54:16+00:00,0.0
2021-04-07 09:09:09+00:00,1.0
2021-04-21 01:36:00+00:00,0.0
2021-04-22 21:35:56+00:00,0.0
2021-04-15 11:06:49+00:00,1.0
2021-05-01 08:51:52+00:00,0.0
2021-04-17 07:09:16+00:00,0.0
2021-04-07 12:46:37+00:00,1.0
2021-04-05 06:52:42+00:00,1.0
2021-04-09 01:24:45+00:00,1.0
2021-04-09 21:21:27+00:00,1.0
2021-04-09 08:54:46+00:00,2.0
2021-04-21 11:17:39+00:00,0.0
2021-04-18 17:35:02+00:00,2.0
2021-04-11 00:19:55+00:00,1.0
2021-04-06 13:07:57+00:00,1.0
2021-04-20 11:00:30+00:00,1.0
2021-04-13 21:28:33+00:00,1.0
2021-05-03 20:13:33+00:00,1.0
2021-04-15 09:15:47+00:00,106.5
2021-05-02 02:59:36+00:00,0.0
2021-04-21 14:29:45+00:00,0.0
2021-04-23 03:59:18+00:00,3.0
2021-04-27 15:45:57+00:00,0.0
2021-04-05 06:54:58+00:00,1.0
2021-04-29 11:55:10+00:00,0.0
2021-04-17 16:49:13+00:00,0.0
2021-04-06 13:07:06+00:00,1.0
2021-04-27 00:27:30+00:00,0.0
2021-04-12 05:32:59+00:00,2.0
2021-04-10 13:12:50+00:00,1.95
2021-04-24 20:23:12+00:00,1.0
2021-05-02 18:18:30+00:00,1.0
2021-05-01 22:56:56+00:00,0.0
2021-04-06 13:00:23+00:00,1.0
2021-04-15 20:27:49+00:00,1.0
2021-04-24 15:47:45+00:00,1.0
2021-04-15 14:30:38+00:00,1.0
2021-05-03 20:09:40+00:00,1.0
2021-04-30 23:44:59+00:00,0.0
2021-05-01 05:21:29+00:00,0.0
2021-04-29 19:37:54+00:00,0.0
2021-05-01 19:33:07+00:00,0.0
2021-04-27 04:01:48+00:00,0.0
2021-04-15 12:14:32+00:00,2.0
2021-04-09 07:24:13+00:00,1.0
2021-04-22 09:25:51+00:00,0.0
2021-04-08 11:48:07+00:00,1.0
2021-04-25 17:25:44+00:00,1.0
2021-04-13 11:45:22+00:00,2.0
2021-04-05 05:14:41+00:00,1.0
2021-04-17 18:52:45+00:00,2.0
2021-04-27 07:00:53+00:00,0.0
2021-04-10 23:36:31+00:00,1.0
2021-04-08 12:22:30+00:00,1.0
2021-04-13 06:03:01+00:00,1.0
2021-04-22 12:15:17+00:00,0.0
2021-04-29 13:27:42+00:00,0.0
2021-04-12 12:36:45+00:00,1.0
2021-04-13 00:55:28+00:00,1.0
2021-04-11 03:36:40+00:00,1.0
2021-04-07 11:07:36+00:00,1.0
2021-04-29 04:02:21+00:00,0.0
2021-04-20 10:03:07+00:00,1.0
2021-04-25 08:04:40+00:00,1.0
2021-04-21 10:15:16+00:00,0.0
2021-04-17 02:20:09+00:00,0.0
2021-04-26 10:16:12+00:00,0.0
2021-04-13 00:22:17+00:00,1.0
2021-04-28 22:41:02+00:00,0.0
2021-05-03 15:40:08+00:00,1.0
2021-04-10 14:14:54+00:00,1.95
2021-04-20 08:01:44+00:00,1.0
2021-04-21 14:19:59+00:00,0.0
2021-04-22 23:10:47+00:00,3.0
2021-05-01 01:29:38+00:00,0.0
2021-05-01 06:25:42+00:00,0.0
2021-04-09 12:52:44+00:00,1.0
2021-04-29 07:53:14+00:00,0.0
2021-04-13 22:54:14+00:00,2.0
2021-04-30 04:11:52+00:00,0.0
2021-04-10 04:37:41+00:00,1.95
2021-04-14 13:56:48+00:00,1.0
2021-04-19 19:24:57+00:00,2.0
2021-04-24 11:01:17+00:00,1.0
2021-04-30 21:40:59+00:00,0.0
2021-04-13 02:27:22+00:00,1.0
2021-04-13 19:56:32+00:00,1.0
2021-04-26 23:07:59+00:00,0.0
2021-04-28 09:30:08+00:00,5.0
2021-04-09 08:49:53+00:00,1.0
2021-04-21 23:06:13+00:00,0.0
2021-05-01 00:48:35+00:00,0.0
2021-04-08 20:01:46+00:00,1.0
2021-04-18 11:13:47+00:00,1.0
2021-04-28 22:59:55+00:00,0.0
2021-05-03 12:56:38+00:00,1.0
2021-04-13 23:36:17+00:00,2.0
2021-04-07 18:33:17+00:00,1.0
2021-04-13 00:57:12+00:00,1.0
2021-04-29 05:53:43+00:00,0.0
2021-04-06 03:16:14+00:00,1.0
2021-04-20 12:46:48+00:00,2.0
2021-04-17 21:57:46+00:00,1.0
2021-04-05 15:29:37+00:00,1.0
2021-04-28 15:08:24+00:00,1.0
2021-05-03 22:23:34+00:00,1.0
2021-04-30 01:43:13+00:00,0.0
2021-04-10 04:19:03+00:00,1.95
2021-04-13 23:58:35+00:00,2.0
2021-04-08 08:44:41+00:00,1.0
2021-04-18 17:14:34+00:00,1.0
2021-04-15 20:55:18+00:00,1.0
2021-04-11 00:05:38+00:00,2.0
2021-04-05 23:19:33+00:00,1.0
2021-04-15 11:22:06+00:00,2.0
2021-04-28 21:33:12+00:00,1.0
2021-04-21 08:41:37+00:00,0.0
2021-04-21 09:09:17+00:00,0.0
2021-04-28 20:43:48+00:00,1.0
2021-04-28 16:59:55+00:00,1.0
2021-04-08 02:46:18+00:00,1.0
2021-04-26 18:23:10+00:00,0.0
2021-04-25 14:08:25+00:00,1.0
2021-04-17 16:56:28+00:00,0.0
2021-05-01 15:44:53+00:00,0.0
2021-04-21 03:08:41+00:00,0.0
2021-05-01 11:26:57+00:00,0.0
2021-04-30 13:34:54+00:00,0.0
2021-04-12 09:34:25+00:00,2.0
2021-04-27 17:30:53+00:00,0.0
2021-04-06 12:19:41+00:00,1.0
2021-04-09 11:19:53+00:00,1.25
2021-04-08 23:28:37+00:00,1.0
2021-04-08 03:53:32+00:00,1.0
2021-04-24 20:23:55+00:00,1.0
2021-04-17 22:29:36+00:00,2.0
2021-04-21 06:19:33+00:00,0.0
2021-04-12 08:07:56+00:00,1.0
2021-04-25 07:28:17+00:00,1.0
2021-04-13 09:14:22+00:00,2.0
2021-04-28 12:02:55+00:00,1.0
2021-04-18 22:26:12+00:00,2.0
2021-05-02 04:09:41+00:00,0.0
2021-04-07 18:20:43+00:00,1.0
2021-04-07 20:45:31+00:00,1.0
2021-04-18 15:08:22+00:00,1.0
2021-04-05 07:00:40+00:00,1.0
2021-04-19 03:06:43+00:00,1.0
2021-04-17 17:21:43+00:00,0.0
2021-04-17 11:28:51+00:00,0.0
2021-04-09 15:16:45+00:00,1.0
2021-04-09 07:11:38+00:00,1.0
2021-04-09 23:54:48+00:00,1.95
2021-04-26 14:09:53+00:00,0.0
2021-04-28 09:21:37+00:00,251.0
2021-04-17 05:22:20+00:00,0.0
2021-04-06 01:12:47+00:00,1.0
2021-04-06 17:19:30+00:00,1.0
2021-04-13 00:44:04+00:00,1.0
2021-04-15 07:08:00+00:00,1.0
2021-04-23 18:28:34+00:00,1.0
2021-05-01 19:03:28+00:00,0.0
2021-04-30 09:56:13+00:00,0.0
2021-04-21 06:28:42+00:00,0.0
2021-04-06 21:29:59+00:00,1.0
2021-04-20 07:01:17+00:00,1.0
2021-04-23 06:51:44+00:00,5.0
2021-04-22 01:57:18+00:00,0.0
2021-04-19 22:43:36+00:00,1.0
2021-04-21 19:13:22+00:00,1.0
2021-04-29 05:36:57+00:00,0.0
2021-04-18 13:51:09+00:00,1.0
2021-04-20 16:46:08+00:00,1.0
2021-04-28 01:36:32+00:00,0.0
2021-04-13 15:27:47+00:00,1.0
2021-05-02 09:08:54+00:00,0.0
2021-05-02 20:54:12+00:00,1.0
2021-05-02 02:42:04+00:00,0.0
2021-04-29 13:15:02+00:00,0.0
2021-05-03 11:00:22+00:00,1.0
2021-04-21 05:40:30+00:00,0.0
2021-04-06 08:30:37+00:00,1.0
2021-04-08 11:58:46+00:00,1.0
2021-04-22 01:56:04+00:00,0.0
2021-04-07 04:08:03+00:00,1.0
2021-04-07 07:05:42+00:00,1.0
2021-04-13 11:29:26+00:00,1.0
2021-04-08 12:43:51+00:00,1.0
2021-04-28 19:42:15+00:00,1.0
2021-04-06 08:31:46+00:00,1.0
2021-04-26 00:49:50+00:00,0.0
2021-04-09 00:51:41+00:00,2.0
2021-04-22 00:34:47+00:00,0.0
2021-04-05 09:54:11+00:00,1.0
2021-04-15 05:39:18+00:00,1.0
2021-04-18 14:28:00+00:00,1.0
2021-04-19 23:30:38+00:00,2.0
2021-04-08 20:44:39+00:00,2.0
2021-04-26 09:55:04+00:00,0.0
2021-04-08 14:54:24+00:00,1.0
2021-04-17 11:19:31+00:00,0.0
2021-04-10 01:03:22+00:00,1.95
2021-05-02 19:07:17+00:00,1.0
2021-04-05 11:46:33+00:00,1.0
2021-04-20 05:40:43+00:00,1.0
2021-04-10 13:54:27+00:00,1.95
2021-04-15 23:33:55+00:00,1.0
2021-04-26 05:08:03+00:00,0.0
2021-04-22 03:21:53+00:00,0.0
2021-05-03 10:04:14+00:00,1.0
2021-04-28 05:51:00+00:00,0.0
2021-04-10 14:33:52+00:00,1.95
2021-05-03 05:46:50+00:00,1.0
2021-05-03 16:14:07+00:00,1.0
2021-04-09 08:09:23+00:00,1.0
2021-04-16 13:01:55+00:00,1.0
2021-04-11 13:37:37+00:00,1.0
2021-04-30 11:57:20+00:00,0.0
2021-05-01 15:25:53+00:00,0.0
2021-04-08 16:30:09+00:00,1.0
2021-04-29 20:19:09+00:00,0.0
2021-04-13 00:15:03+00:00,1.0
2021-04-15 23:48:35+00:00,2.0
2021-04-19 17:49:21+00:00,2.0
2021-04-21 18:48:41+00:00,2.0
2021-04-11 01:53:51+00:00,1.0
2021-04-28 00:33:38+00:00,0.0
2021-04-04 21:52:09+00:00,1.0
2021-04-05 02:16:43+00:00,1.0
2021-04-13 06:47:18+00:00,1.0
2021-04-20 12:49:14+00:00,2.0
2021-04-08 07:45:35+00:00,1.0
2021-04-15 08:30:59+00:00,1.0
2021-04-05 00:33:55+00:00,1.0
2021-04-15 23:42:40+00:00,2.0
2021-04-17 19:25:44+00:00,1.0
2021-04-13 19:53:43+00:00,1.0
2021-04-14 09:46:17+00:00,1.0
2021-04-21 12:31:12+00:00,0.0
2021-04-09 11:34:33+00:00,1.0
2021-04-29 13:59:11+00:00,0.0
2021-05-03 06:39:57+00:00,1.0
2021-04-25 18:35:32+00:00,1.0
2021-04-13 15:31:50+00:00,1.0
2021-04-07 17:28:07+00:00,1.0
2021-04-14 09:47:23+00:00,1.0
2021-04-15 16:52:36+00:00,1.0
2021-04-18 12:53:53+00:00,1.0
2021-04-10 11:38:25+00:00,1.95
2021-04-24 11:41:55+00:00,1.0
2021-05-01 17:31:43+00:00,0.0
2021-04-12 11:42:43+00:00,2.0
2021-04-23 10:24:42+00:00,1.0
2021-05-03 05:25:50+00:00,1.0
2021-04-16 13:18:16+00:00,1.0
2021-04-15 11:58:21+00:00,1.0
2021-04-18 09:09:56+00:00,2.0
2021-04-19 10:14:23+00:00,1.0
2021-04-15 20:47:06+00:00,1.0
2021-04-26 20:29:51+00:00,0.0
2021-04-28 04:31:30+00:00,0.0
2021-04-13 07:36:11+00:00,2.0
2021-04-22 11:47:06+00:00,0.0
2021-04-05 16:41:17+00:00,1.0
2021-04-21 20:50:44+00:00,1.0
2021-04-05 13:52:32+00:00,1.0
2021-04-26 15:20:39+00:00,0.0
2021-04-17 08:34:36+00:00,0.0
2021-04-23 23:05:55+00:00,1.0
2021-04-28 15:41:43+00:00,1.0
2021-04-17 23:55:35+00:00,1.0
2021-04-12 16:51:16+00:00,1.0
2021-04-09 17:59:59+00:00,1.0
2021-04-24 20:01:01+00:00,1.0
2021-05-01 04:02:39+00:00,0.0
2021-04-22 02:10:24+00:00,0.0
2021-04-21 04:58:30+00:00,0.0
2021-05-02 15:21:58+00:00,1.0
2021-04-24 23:19:54+00:00,1.0
2021-04-10 07:42:32+00:00,1.95
2021-04-12 14:54:35+00:00,1.0
2021-04-09 01:41:50+00:00,1.0
2021-04-09 01:58:20+00:00,1.0
2021-04-15 16:03:28+00:00,1.0
2021-04-26 12:30:37+00:00,0.0
2021-04-22 04:02:31+00:00,0.0
2021-04-14 15:04:56+00:00,1.0
2021-04-26 02:24:23+00:00,0.0
2021-04-25 04:27:17+00:00,1.0
2021-04-30 00:59:41+00:00,0.0
2021-05-01 00:14:29+00:00,0.0
2021-04-30 09:29:13+00:00,0.0
2021-04-19 13:14:07+00:00,1.0
2021-04-11 06:49:37+00:00,1.0
2021-04-18 18:52:28+00:00,1.0
2021-04-11 03:14:29+00:00,1.0
2021-04-22 21:19:53+00:00,0.0
2021-04-07 15:45:08+00:00,1.0
2021-04-25 18:11:32+00:00,1.0
2021-05-03 06:35:42+00:00,1.0
2021-04-10 09:38:21+00:00,1.95
2021-05-03 08:34:16+00:00,1.0
2021-04-22 14:49:13+00:00,0.0
2021-04-24 01:16:52+00:00,1.0
2021-04-09 17:06:43+00:00,1.0
2021-04-21 16:39:38+00:00,25.0
2021-04-06 21:25:43+00:00,1.0
2021-04-14 07:14:33+00:00,1.0
2021-04-05 20:34:58+00:00,1.0
2021-04-09 11:23:31+00:00,1.0
2021-04-19 12:35:50+00:00,2.0
2021-04-11 00:28:54+00:00,1.0
2021-04-19 15:51:06+00:00,1.0
2021-04-09 03:23:49+00:00,2.0
2021-04-16 13:39:56+00:00,1.0
2021-04-05 12:50:49+00:00,1.0
2021-04-09 22:06:59+00:00,1.95
2021-04-07 00:35:12+00:00,1.0
2021-04-18 06:02:53+00:00,1.0
2021-04-23 11:26:05+00:00,97.0
2021-04-10 06:54:02+00:00,1.95
2021-04-06 02:55:07+00:00,1.0
2021-04-24 07:04:48+00:00,1.0
2021-05-03 15:28:21+00:00,1.0
2021-04-13 15:30:08+00:00,1.0
2021-04-10 13:09:08+00:00,1.95
2021-04-17 19:42:30+00:00,2.0
2021-04-15 14:32:53+00:00,2.0
2021-04-25 23:39:58+00:00,0.0
2021-04-12 00:47:47+00:00,1.0
2021-04-26 11:18:05+00:00,0.0
2021-05-01 19:15:56+00:00,0.0
2021-04-25 21:22:08+00:00,0.0
2021-04-25 10:28:46+00:00,1.0
2021-04-11 04:17:42+00:00,2.0
2021-04-13 13:32:27+00:00,2.0
2021-04-16 05:21:59+00:00,2.0
2021-04-07 09:04:21+00:00,1.0
2021-04-14 07:42:24+00:00,1.0
2021-04-17 21:17:52+00:00,1.0
2021-04-26 21:38:31+00:00,0.0
2021-04-15 21:20:20+00:00,2.0
2021-04-17 17:27:27+00:00,0.0
2021-04-25 05:06:53+00:00,1.0
2021-04-17 02:07:49+00:00,0.0
2021-04-27 02:54:43+00:00,0.0
2021-04-12 21:38:52+00:00,1.0
2021-04-27 02:10:00+00:00,0.0
2021-04-30 07:03:29+00:00,0.0
2021-04-21 05:50:02+00:00,0.0
2021-04-12 15:24:18+00:00,1.0
2021-04-08 15:12:21+00:00,1.0
2021-04-13 03:02:34+00:00,1.0
2021-04-30 04:00:55+00:00,0.0
2021-04-24 12:39:08+00:00,1.0
2021-04-26 16:22:13+00:00,0.0
2021-04-05 04:35:59+00:00,1.0
2021-04-08 06:55:44+00:00,1.0
2021-04-23 10:30:56+00:00,5.0
2021-05-02 11:43:24+00:00,0.0
2021-04-19 21:22:46+00:00,2.0
2021-04-16 09:48:19+00:00,1.0
2021-04-10 00:32:19+00:00,1.95
2021-04-18 14:05:36+00:00,1.0
2021-04-12 13:09:49+00:00,1.0
2021-04-15 04:16:44+00:00,1.0
2021-04-22 03:10:53+00:00,0.0
2021-04-11 16:11:08+00:00,1.0
2021-04-16 02:17:37+00:00,1.0
2021-04-26 12:36:48+00:00,0.0
2021-05-02 01:46:52+00:00,0.0
2021-04-08 19:23:25+00:00,2.0
2021-04-17 03:44:09+00:00,0.0
2021-04-08 20:15:17+00:00,1.0
2021-04-24 06:08:37+00:00,1.0
2021-04-29 13:02:43+00:00,0.0
2021-04-15 16:52:31+00:00,1.0
2021-04-21 06:36:56+00:00,0.0
2021-04-10 23:32:59+00:00,1.0
2021-04-13 05:06:41+00:00,1.0
2021-04-25 09:33:51+00:00,5.0
2021-04-10 02:58:30+00:00,1.95
2021-04-09 10:57:19+00:00,2.0
2021-04-24 20:23:10+00:00,1.0
2021-04-08 20:21:22+00:00,2.0
2021-04-21 13:44:15+00:00,0.0
2021-04-28 20:11:29+00:00,1.0
2021-04-09 05:48:24+00:00,1.0
2021-04-24 00:50:38+00:00,1.0
2021-04-11 23:54:35+00:00,1.0
2021-04-28 10:35:53+00:00,1.0
2021-04-25 07:49:34+00:00,1.0
2021-04-16 22:45:22+00:00,0.0
2021-04-10 13:10:45+00:00,1.95
2021-04-19 18:57:37+00:00,2.0
2021-04-22 08:46:14+00:00,0.0
2021-04-20 15:12:46+00:00,2.0
2021-04-10 11:19:06+00:00,1.95
2021-04-11 01:10:10+00:00,2.0
2021-04-17 14:51:07+00:00,0.0
2021-04-07 05:36:44+00:00,1.0
2021-04-10 20:49:19+00:00,1.0
2021-04-20 00:35:15+00:00,2.0
2021-05-02 08:41:14+00:00,0.0
2021-04-23 17:52:19+00:00,1.0
2021-04-07 13:09:38+00:00,1.0
2021-04-27 12:28:54+00:00,0.0
2021-04-09 21:38:15+00:00,1.95
2021-04-21 21:54:22+00:00,0.0
2021-04-06 00:03:32+00:00,1.0
2021-04-20 21:51:16+00:00,1.0
2021-05-03 06:47:35+00:00,1.0
2021-04-26 18:44:03+00:00,0.0
2021-04-18 11:08:18+00:00,1.0
2021-05-03 07:30:34+00:00,1.0
2021-04-22 10:48:39+00:00,0.0
2021-04-06 00:11:39+00:00,1.0
2021-04-20 05:55:56+00:00,1.0
2021-04-11 12:09:58+00:00,1.0
2021-04-23 19:01:09+00:00,1.0
2021-04-06 12:55:34+00:00,1.0
2021-04-20 09:06:50+00:00,1.0
2021-04-23 03:50:07+00:00,3.0
2021-04-06 21:21:11+00:00,1.0
2021-05-03 01:10:53+00:00,1.0
2021-04-15 15:25:22+00:00,1.0
2021-04-05 09:31:54+00:00,1.0
2021-04-14 03:25:02+00:00,2.0
2021-04-24 20:23:08+00:00,1.0
2021-04-11 05:14:10+00:00,2.0
2021-04-12 02:09:24+00:00,1.0
2021-04-08 21:54:04+00:00,1.0
2021-04-19 08:35:13+00:00,1.0
2021-04-19 01:49:32+00:00,2.0
2021-04-28 05:44:00+00:00,0.0
2021-04-08 04:56:47+00:00,1.0
2021-04-26 22:58:34+00:00,0.0
2021-04-25 22:35:49+00:00,0.0
2021-04-24 10:21:46+00:00,1.0
2021-04-11 14:13:04+00:00,1.0
2021-04-27 15:49:12+00:00,0.0
2021-04-23 17:21:57+00:00,1.0
2021-04-20 04:05:25+00:00,1.0
2021-04-29 12:51:04+00:00,0.0
2021-04-07 10:43:37+00:00,1.0
2021-04-22 19:30:07+00:00,0.0
2021-04-08 17:08:49+00:00,1.0
2021-04-28 18:32:56+00:00,1.0
2021-04-08 22:12:56+00:00,2.0
2021-04-27 21:00:33+00:00,0.0
2021-04-16 01:09:08+00:00,2.0
2021-04-17 23:01:19+00:00,1.0
2021-05-03 07:28:54+00:00,1.0
2021-04-08 22:24:05+00:00,1.0
2021-05-03 17:20:58+00:00,1.0
2021-04-23 22:54:16+00:00,2.0
2021-04-15 20:12:12+00:00,1.0
2021-04-25 11:44:56+00:00,1.0
2021-04-14 02:29:48+00:00,2.0
2021-05-03 18:58:00+00:00,1.0
2021-04-29 02:46:16+00:00,0.0
2021-04-29 07:06:41+00:00,0.0
2021-04-07 17:09:24+00:00,2.0
2021-04-27 20:20:00+00:00,0.0
2021-04-16 05:00:17+00:00,2.0
2021-04-13 04:05:23+00:00,1.0
2021-04-18 05:15:47+00:00,2.0
2021-05-01 15:17:45+00:00,0.0
2021-04-20 01:19:35+00:00,2.0
2021-04-22 18:41:48+00:00,0.0
2021-04-28 04:31:42+00:00,0.0
2021-04-14 11:49:51+00:00,1.0
2021-04-13 01:31:24+00:00,1.0
2021-04-14 14:42:53+00:00,1.0
2021-04-07 11:56:00+00:00,1.0
2021-04-08 01:41:09+00:00,1.0
2021-04-23 18:35:02+00:00,1.0
2021-04-23 17:25:12+00:00,1.0
2021-05-01 14:05:25+00:00,0.0
2021-05-02 10:30:17+00:00,0.0
2021-05-02 13:20:50+00:00,2451.0
2021-04-09 08:06:25+00:00,1.0
2021-04-24 17:16:27+00:00,1.0
2021-04-28 11:59:17+00:00,1.0
2021-04-21 07:49:52+00:00,0.0
2021-04-21 02:41:03+00:00,0.0
2021-04-14 12:03:37+00:00,1.0
2021-04-12 01:16:30+00:00,2.0
2021-04-30 12:44:44+00:00,0.0
2021-04-13 15:37:34+00:00,2.0
2021-04-22 03:47:40+00:00,0.0
2021-04-06 16:35:21+00:00,1.0
2021-04-19 21:56:28+00:00,1.0
2021-04-16 06:23:22+00:00,1.0
2021-04-21 22:27:00+00:00,0.0
2021-04-08 21:43:25+00:00,2.0
2021-04-21 13:33:54+00:00,0.0
2021-04-05 08:53:56+00:00,1.0
2021-04-16 01:42:02+00:00,1.0
2021-04-30 08:14:50+00:00,0.0
2021-04-14 08:25:44+00:00,2.0
2021-04-18 05:03:36+00:00,1.0
2021-04-15 07:16:37+00:00,1.0
2021-04-25 19:27:04+00:00,0.0
2021-04-10 17:20:39+00:00,404.0
2021-04-30 05:05:24+00:00,0.0
2021-04-15 23:13:32+00:00,1.0
2021-04-29 22:57:50+00:00,0.0
2021-04-11 09:15:46+00:00,1.0
2021-04-23 22:01:46+00:00,1.0
2021-05-02 14:34:13+00:00,1.0
2021-04-05 09:51:52+00:00,1.0
2021-04-20 01:10:37+00:00,2.0
2021-04-16 01:16:25+00:00,2.0
2021-05-02 18:47:52+00:00,1.0
2021-04-13 19:54:10+00:00,2.0
2021-04-22 16:39:17+00:00,0.0
2021-04-20 02:14:04+00:00,2.0
2021-04-28 17:21:02+00:00,1.0
2021-04-10 11:19:28+00:00,1.95
2021-04-15 19:34:25+00:00,2.0
2021-04-09 23:31:50+00:00,1.95
2021-04-05 01:20:15+00:00,1.0
2021-04-05 21:18:07+00:00,1.0
2021-04-23 16:08:40+00:00,1.0
2021-04-08 12:02:36+00:00,1.0
2021-04-12 05:54:40+00:00,2.0
2021-04-14 06:26:47+00:00,2.0
2021-04-15 14:49:07+00:00,1.0
2021-05-03 21:59:45+00:00,1.0
2021-05-02 03:51:55+00:00,0.0
2021-04-29 17:16:12+00:00,0.0
2021-04-20 10:48:32+00:00,1.0
2021-05-03 01:55:04+00:00,1.0
2021-04-09 07:30:52+00:00,2.0
2021-04-09 06:39:12+00:00,2.0
2021-04-07 19:04:01+00:00,1.0
2021-04-05 03:50:52+00:00,1.0
2021-04-10 12:16:39+00:00,1.95
2021-04-12 09:31:30+00:00,2.0
2021-04-14 04:43:32+00:00,1.0
2021-04-16 07:55:11+00:00,1.0
2021-04-09 04:35:05+00:00,2.0
2021-04-06 18:22:57+00:00,1.0
2021-04-27 02:16:35+00:00,0.0
2021-04-28 05:38:12+00:00,0.0
2021-05-02 15:38:20+00:00,1.0
2021-04-25 16:30:12+00:00,1.0
2021-04-06 22:21:30+00:00,1.0
2021-04-17 14:06:40+00:00,0.0
2021-04-30 20:39:18+00:00,0.0
2021-04-26 23:40:56+00:00,0.0
2021-04-21 01:34:59+00:00,0.0
2021-04-27 15:51:28+00:00,0.0
2021-04-23 11:50:03+00:00,96.0
2021-05-01 22:13:01+00:00,0.0
2021-04-23 22:11:17+00:00,1.0
2021-05-02 15:34:04+00:00,1.0
2021-04-23 00:15:19+00:00,3.0
2021-04-05 03:35:24+00:00,1.0
2021-05-03 17:48:42+00:00,1.0
2021-04-27 11:46:39+00:00,0.0
2021-04-17 13:05:10+00:00,0.0
2021-04-19 20:45:31+00:00,2.0
2021-04-11 11:08:46+00:00,2.0
2021-04-23 16:10:04+00:00,1.0
2021-04-27 04:23:43+00:00,0.0
2021-04-10 08:08:22+00:00,1.95
2021-04-06 22:16:56+00:00,1.0
2021-04-13 08:43:26+00:00,2.0
2021-04-05 14:12:04+00:00,1.0
2021-04-06 19:45:06+00:00,1.0
2021-04-09 17:50:12+00:00,1.0
2021-04-13 12:45:53+00:00,1.0
2021-04-06 00:07:22+00:00,1.0
2021-04-17 21:19:31+00:00,1.0
2021-04-06 20:17:01+00:00,1.0
2021-04-28 16:07:34+00:00,1.0
2021-04-22 13:06:42+00:00,0.0
2021-04-14 12:28:16+00:00,1.0
2021-04-17 00:37:35+00:00,0.0
2021-04-13 14:27:13+00:00,1.0
2021-04-29 14:03:45+00:00,0.0
2021-04-30 09:17:00+00:00,0.0
2021-04-09 07:06:59+00:00,2.0
2021-04-23 12:19:36+00:00,97.0
2021-04-18 02:28:57+00:00,2.0
2021-04-15 18:08:23+00:00,2.0
2021-04-20 10:59:18+00:00,1.0
2021-04-06 10:43:53+00:00,1.0
2021-04-09 12:44:16+00:00,1.0
2021-04-19 03:12:01+00:00,2.0
2021-04-18 19:55:44+00:00,1.0
2021-04-26 17:44:29+00:00,0.0
2021-05-03 20:15:56+00:00,1.0
2021-04-10 16:18:27+00:00,129.0
2021-04-07 14:48:06+00:00,1.0
2021-04-28 21:11:29+00:00,1.0
2021-04-24 08:12:48+00:00,1.0
2021-04-05 19:49:48+00:00,1.0
2021-04-29 21:13:25+00:00,0.0
2021-04-24 16:37:09+00:00,1.0
2021-04-24 19:28:12+00:00,1.0
2021-04-19 06:04:04+00:00,1.0
2021-04-09 22:12:13+00:00,1.95
2021-04-07 16:02:57+00:00,1.0
2021-04-30 01:46:25+00:00,0.0
2021-04-09 06:46:59+00:00,1.0
2021-04-17 05:34:47+00:00,0.0
2021-04-21 08:26:24+00:00,0.0
2021-04-23 08:55:31+00:00,8.5
2021-05-01 23:11:54+00:00,0.0
2021-04-09 14:08:49+00:00,2.0
2021-04-06 07:07:16+00:00,1.0
2021-04-24 10:16:41+00:00,1.0
2021-04-09 04:49:34+00:00,2.0
2021-04-21 06:05:23+00:00,0.0
2021-04-29 09:39:50+00:00,0.0
2021-04-09 19:11:02+00:00,1.0
2021-04-19 00:12:07+00:00,1.0
2021-04-21 16:18:49+00:00,174.0
2021-04-30 03:40:18+00:00,0.0
2021-04-14 19:48:49+00:00,1.0
2021-04-24 15:15:50+00:00,1.0
2021-04-09 06:24:56+00:00,1.0
2021-04-16 08:36:41+00:00,2.0
2021-04-24 04:59:21+00:00,1.0
2021-04-15 09:55:49+00:00,5.0
2021-04-25 06:27:54+00:00,1.0
2021-04-22 12:27:22+00:00,0.0
2021-04-20 05:03:28+00:00,1.0
2021-04-10 09:50:20+00:00,1.95
2021-04-17 18:14:52+00:00,1.0
2021-04-22 22:26:50+00:00,3.0
2021-04-22 07:33:28+00:00,0.0
2021-04-06 04:48:57+00:00,1.0
2021-04-21 17:28:51+00:00,5.0
2021-04-26 09:12:38+00:00,0.0
2021-04-24 22:18:36+00:00,1.0
2021-04-28 20:37:42+00:00,1.0
2021-04-12 20:57:22+00:00,1.0
2021-04-06 20:23:43+00:00,1.0
2021-04-20 05:02:00+00:00,1.0
2021-04-26 16:27:57+00:00,0.0
2021-04-06 09:48:01+00:00,1.0
2021-04-28 02:11:35+00:00,0.0
2021-04-10 03:14:51+00:00,1.95
2021-05-03 11:25:15+00:00,1.0
2021-04-15 19:23:31+00:00,1.0
2021-04-17 08:46:03+00:00,0.0
2021-04-06 09:37:50+00:00,1.0
2021-04-26 18:59:08+00:00,0.0
2021-04-07 18:33:43+00:00,1.0
2021-04-21 10:21:47+00:00,0.0
2021-04-13 14:13:09+00:00,1.0
2021-04-07 19:45:57+00:00,1.0
2021-04-17 05:19:36+00:00,0.0
2021-05-02 22:42:48+00:00,1.0
2021-04-18 12:18:53+00:00,1.0
2021-04-16 09:33:49+00:00,1.0
2021-04-11 14:58:55+00:00,2.0
2021-04-07 20:56:28+00:00,1.0
2021-04-18 15:42:55+00:00,1.0
2021-04-25 22:50:04+00:00,0.0
2021-04-09 03:07:00+00:00,1.0
2021-04-10 03:17:55+00:00,1.95
2021-04-17 14:17:11+00:00,0.0
2021-04-22 21:32:10+00:00,0.0
2021-04-22 17:33:36+00:00,0.0
2021-05-01 07:34:01+00:00,0.0
2021-04-04 23:17:12+00:00,1.0
2021-04-21 06:48:08+00:00,0.0
2021-04-09 00:57:01+00:00,2.0
2021-04-27 14:31:01+00:00,0.0
2021-04-20 10:46:39+00:00,1.0
2021-04-10 21:55:12+00:00,2.0
2021-04-07 01:43:06+00:00,1.0
2021-04-07 19:37:07+00:00,1.0
2021-04-17 00:25:28+00:00,0.0
2021-04-18 14:07:51+00:00,1.0
2021-04-05 18:18:52+00:00,1.0
2021-04-07 09:35:35+00:00,1.0
2021-04-17 22:10:42+00:00,1.0
2021-04-19 07:22:19+00:00,1.0
2021-04-26 19:12:08+00:00,0.0
2021-04-15 02:48:57+00:00,2.0
2021-04-09 12:06:47+00:00,2.0
2021-04-10 04:23:35+00:00,1.95
2021-04-23 07:14:20+00:00,3.0
2021-04-20 11:23:55+00:00,2.0
2021-04-21 03:08:36+00:00,0.0
2021-04-25 13:35:21+00:00,1.0
2021-04-09 06:23:14+00:00,1.0
2021-04-11 09:44:29+00:00,2.0
2021-04-18 19:16:04+00:00,1.0
2021-04-30 00:11:25+00:00,0.0
2021-04-26 21:25:10+00:00,0.0
2021-04-08 12:45:59+00:00,1.0
2021-04-07 11:27:19+00:00,1.0
2021-04-26 00:30:34+00:00,0.0
2021-04-08 12:11:18+00:00,1.0
2021-04-27 16:00:49+00:00,0.0
2021-04-18 01:02:51+00:00,1.0
2021-04-11 15:57:41+00:00,1.0
2021-04-05 20:05:59+00:00,1.0
2021-05-03 12:40:09+00:00,1.0
2021-04-25 09:45:28+00:00,180.0
2021-04-21 21:38:56+00:00,0.0
2021-04-13 11:24:37+00:00,2.0
2021-04-27 15:33:00+00:00,0.0
2021-04-21 20:05:34+00:00,1.0
2021-05-03 09:35:15+00:00,1.0
2021-04-21 02:29:46+00:00,0.0
2021-04-18 18:30:14+00:00,2.0
2021-04-21 18:30:00+00:00,1.0
2021-04-12 15:04:00+00:00,1.0
2021-04-27 13:02:53+00:00,0.0
2021-04-30 21:50:44+00:00,0.0
2021-04-16 20:26:37+00:00,0.0
2021-04-22 13:47:34+00:00,0.0
2021-04-09 15:05:34+00:00,1.0
2021-04-10 02:22:24+00:00,1.95
2021-04-07 00:45:42+00:00,1.0
2021-04-20 12:36:39+00:00,1.0
2021-04-23 07:47:40+00:00,8.5
2021-04-24 23:06:24+00:00,1.0
2021-05-02 08:14:53+00:00,0.0
2021-04-29 11:33:28+00:00,0.0
2021-04-05 13:06:43+00:00,1.0
2021-04-23 19:25:42+00:00,1.0
2021-04-09 22:24:54+00:00,1.95
2021-05-02 11:15:19+00:00,0.0
2021-04-10 01:14:21+00:00,1.95
2021-04-14 07:03:24+00:00,2.0
2021-04-12 00:59:52+00:00,1.0
2021-04-16 15:51:00+00:00,1.0
2021-04-13 17:58:15+00:00,1.0
2021-04-05 03:00:40+00:00,1.0
2021-04-24 19:40:15+00:00,1.0
2021-04-27 21:56:50+00:00,0.0
2021-04-19 04:47:17+00:00,1.0
2021-04-16 18:52:42+00:00,0.0
2021-04-18 20:41:21+00:00,1.0
2021-04-26 09:11:48+00:00,0.0
2021-04-28 22:47:38+00:00,0.0
2021-04-15 04:54:56+00:00,1.0
2021-04-19 23:56:15+00:00,1.0
2021-04-05 01:23:25+00:00,1.0
2021-04-14 11:37:11+00:00,1.0
2021-04-06 07:39:27+00:00,1.0
2021-05-02 21:47:36+00:00,1.0
2021-04-22 10:12:43+00:00,0.0
2021-04-13 09:53:52+00:00,1.0
2021-04-12 02:59:58+00:00,1.0
2021-04-09 10:44:55+00:00,1.0
2021-04-28 11:31:13+00:00,1.0
2021-04-12 10:47:43+00:00,1.0
2021-04-14 18:26:41+00:00,1.0
2021-04-27 11:12:08+00:00,0.0
2021-04-19 02:20:38+00:00,1.0
2021-04-11 14:54:54+00:00,2.0
2021-05-02 14:00:01+00:00,21.0
2021-04-13 16:25:34+00:00,1.0
2021-04-11 23:34:08+00:00,1.0
2021-04-20 10:41:10+00:00,1.0
2021-04-05 21:16:25+00:00,1.0
2021-04-13 19:49:07+00:00,1.0
2021-04-22 03:27:53+00:00,0.0
2021-05-02 12:18:39+00:00,0.0
2021-04-27 12:24:50+00:00,0.0
2021-04-19 06:14:56+00:00,2.0
2021-04-18 19:51:21+00:00,1.0
2021-04-16 04:45:20+00:00,2.0
2021-04-22 09:20:02+00:00,0.0
2021-04-10 23:10:02+00:00,2.0
2021-04-16 05:31:35+00:00,1.0
2021-04-24 00:43:46+00:00,1.0
2021-04-25 14:39:48+00:00,1.0
2021-04-30 02:37:15+00:00,0.0
2021-04-16 12:18:22+00:00,1.0
2021-04-06 12:53:25+00:00,1.0
2021-04-24 13:59:57+00:00,1.0
2021-04-07 11:53:29+00:00,1.0
2021-04-24 02:16:15+00:00,1.0
2021-05-02 04:56:22+00:00,0.0
2021-04-24 07:57:41+00:00,1.0
2021-04-17 13:30:44+00:00,0.0
2021-04-11 07:40:44+00:00,2.0
2021-04-29 23:04:51+00:00,0.0
2021-04-22 05:10:26+00:00,0.0
2021-04-18 06:03:42+00:00,2.0
2021-04-30 15:12:52+00:00,0.0
2021-04-14 09:17:05+00:00,2.0
2021-04-19 19:28:39+00:00,1.0
2021-04-22 05:40:00+00:00,0.0
2021-04-30 04:01:09+00:00,0.0
2021-04-30 00:15:39+00:00,0.0
2021-04-15 19:52:26+00:00,2.0
2021-04-28 05:28:23+00:00,0.0
2021-04-06 11:29:10+00:00,1.0
2021-04-16 10:11:19+00:00,1.0
2021-04-13 13:19:31+00:00,1.0
2021-04-28 07:45:28+00:00,0.0
2021-04-14 23:03:24+00:00,2.0
2021-04-06 21:00:07+00:00,1.0
2021-04-13 23:39:22+00:00,2.0
2021-04-07 13:48:09+00:00,1.0
2021-05-02 11:26:42+00:00,0.0
2021-05-02 19:15:56+00:00,1.0
2021-04-29 13:35:11+00:00,0.0
2021-04-14 01:21:31+00:00,1.0
2021-04-30 10:21:40+00:00,0.0
2021-04-27 23:10:58+00:00,0.0
2021-04-28 06:12:29+00:00,0.0
2021-04-27 21:20:42+00:00,0.0
2021-04-28 18:16:53+00:00,1.0
2021-04-05 04:14:10+00:00,1.0
2021-04-20 02:23:18+00:00,2.0
2021-04-10 14:43:25+00:00,1.95
2021-04-26 05:33:35+00:00,0.0
2021-04-11 00:46:20+00:00,2.0
2021-04-27 01:37:32+00:00,0.0
2021-04-07 20:42:30+00:00,1.0
2021-05-01 10:12:35+00:00,0.0
2021-04-25 21:31:16+00:00,0.0
2021-04-08 10:30:11+00:00,1.0
2021-04-06 01:43:24+00:00,1.0
2021-04-05 00:17:13+00:00,1.0
2021-04-14 09:10:33+00:00,1.0
2021-04-24 08:36:23+00:00,1.0
2021-04-18 05:06:43+00:00,2.0
2021-04-12 16:48:17+00:00,2.0
2021-04-22 18:56:45+00:00,0.0
2021-04-25 21:26:25+00:00,0.0
2021-04-13 00:32:40+00:00,1.0
2021-04-06 01:56:20+00:00,1.0
2021-04-08 12:49:48+00:00,1.0
2021-05-03 17:55:08+00:00,1.0
2021-05-01 20:27:09+00:00,0.0
2021-04-06 01:08:30+00:00,1.0
2021-04-05 12:50:32+00:00,1.0
2021-04-30 05:14:39+00:00,0.0
2021-04-28 17:44:30+00:00,1.0
2021-04-08 01:40:52+00:00,1.0
2021-04-30 23:10:54+00:00,0.0
2021-04-25 17:16:11+00:00,1.0
2021-05-03 05:58:57+00:00,1.0
2021-04-23 23:32:39+00:00,1.0
2021-04-17 04:49:36+00:00,0.0
2021-04-14 08:23:08+00:00,2.0
2021-04-23 10:30:25+00:00,11.0
2021-04-13 11:09:21+00:00,1.0
2021-04-29 06:03:23+00:00,0.0
2021-04-30 03:59:13+00:00,0.0
2021-04-15 23:35:52+00:00,1.0
2021-04-27 08:43:46+00:00,0.0
2021-04-15 03:32:29+00:00,1.0
2021-04-07 08:31:08+00:00,1.0
2021-04-07 17:05:33+00:00,1.0
2021-04-14 00:26:50+00:00,2.0
2021-04-17 22:26:02+00:00,2.0
2021-04-12 04:13:17+00:00,1.0
2021-04-21 01:11:29+00:00,0.0
2021-04-20 03:53:57+00:00,1.0
2021-04-29 20:58:48+00:00,0.0
2021-04-30 03:39:20+00:00,0.0
2021-04-12 12:51:48+00:00,1.0
2021-04-30 18:44:44+00:00,0.0
2021-04-13 20:01:00+00:00,1.0
2021-04-10 19:24:25+00:00,1.0
2021-04-22 19:05:43+00:00,0.0
2021-04-16 15:19:58+00:00,2.0
2021-04-17 13:01:06+00:00,0.0
2021-04-11 03:00:52+00:00,1.0
2021-04-16 08:20:18+00:00,1.0
2021-05-01 13:06:53+00:00,0.0
2021-04-05 16:55:03+00:00,1.0
2021-04-09 14:53:31+00:00,1.0
2021-04-11 22:16:07+00:00,1.0
2021-04-22 12:24:54+00:00,0.0
2021-04-21 04:58:54+00:00,0.0
2021-04-11 22:04:11+00:00,1.0
2021-04-29 03:32:23+00:00,0.0
2021-04-08 01:36:07+00:00,1.0
2021-04-27 14:30:14+00:00,0.0
2021-04-22 05:22:42+00:00,0.0
2021-04-24 13:53:44+00:00,1.0
2021-04-13 09:26:13+00:00,1.0
2021-04-08 15:33:51+00:00,1.0
2021-04-07 15:04:55+00:00,1.0
2021-05-03 05:30:23+00:00,1.0
2021-04-19 03:43:06+00:00,1.0
2021-04-22 23:14:23+00:00,3.0
2021-04-10 11:53:16+00:00,1.95
2021-04-29 09:55:05+00:00,0.0
2021-04-06 05:46:26+00:00,1.0
2021-04-08 12:55:58+00:00,1.0
2021-04-30 05:02:00+00:00,0.0
2021-04-13 18:58:00+00:00,1.0
2021-04-24 10:03:00+00:00,1.0
2021-04-10 12:26:50+00:00,1.95
2021-04-08 22:02:21+00:00,2.0
2021-04-09 16:53:13+00:00,1.0
2021-04-07 01:22:10+00:00,1.0
2021-04-18 09:57:11+00:00,1.0
2021-04-15 10:07:21+00:00,1.0
2021-04-18 16:25:16+00:00,1.0
2021-04-18 07:07:03+00:00,1.0
2021-04-28 14:28:13+00:00,1.0
2021-04-06 03:22:13+00:00,1.0
2021-04-29 19:33:33+00:00,0.0
2021-04-05 04:11:53+00:00,1.0
2021-04-13 01:45:15+00:00,1.0
2021-04-10 05:29:40+00:00,1.95
2021-04-27 07:11:02+00:00,0.0
2021-04-10 17:20:08+00:00,404.0
2021-04-28 07:33:55+00:00,0.0
2021-04-21 22:12:34+00:00,0.0
2021-04-15 18:32:13+00:00,1.0
2021-04-07 09:48:17+00:00,1.0
2021-04-13 08:11:34+00:00,1.0
2021-04-16 23:10:26+00:00,0.0
2021-04-06 22:19:53+00:00,1.0
2021-04-07 12:55:01+00:00,1.0
2021-04-23 18:03:17+00:00,1.0
2021-05-02 11:41:15+00:00,0.0
2021-04-07 04:47:32+00:00,1.0
2021-04-06 07:17:55+00:00,1.0
2021-04-14 15:40:30+00:00,1.0
2021-05-02 22:55:50+00:00,1.0
2021-04-26 11:54:14+00:00,0.0
2021-04-07 07:48:59+00:00,1.0
2021-04-18 15:02:10+00:00,1.0
2021-05-01 19:49:27+00:00,0.0
2021-05-01 16:27:03+00:00,0.0
2021-04-28 23:00:01+00:00,0.0
2021-04-30 07:47:27+00:00,0.0
2021-04-10 13:50:56+00:00,1.95
2021-04-15 19:23:22+00:00,2.0
2021-04-18 18:31:45+00:00,1.0
2021-04-14 04:32:33+00:00,1.0
2021-04-20 01:58:21+00:00,2.0
2021-04-10 00:47:13+00:00,1.95
2021-05-02 22:07:30+00:00,1.0
2021-04-24 02:45:16+00:00,1.0
2021-04-16 12:03:21+00:00,1.0
2021-04-14 01:09:21+00:00,1.0
2021-04-22 09:28:10+00:00,0.0
2021-04-28 06:32:52+00:00,0.0
2021-04-19 15:32:08+00:00,1.0
2021-04-11 01:42:15+00:00,1.0
2021-04-24 09:26:54+00:00,1.0
2021-05-03 17:30:58+00:00,1.0
2021-05-02 07:12:41+00:00,0.0
2021-04-10 21:02:28+00:00,1.0
2021-04-07 07:55:21+00:00,1.0
2021-04-17 05:00:01+00:00,0.0
2021-04-30 12:07:02+00:00,0.0
2021-04-18 04:48:28+00:00,2.0
2021-04-09 10:22:54+00:00,1.0
2021-04-11 22:32:27+00:00,1.0
2021-04-20 17:00:55+00:00,1.0
2021-04-20 17:08:40+00:00,1.0
2021-04-06 19:13:19+00:00,1.0
2021-04-19 00:53:22+00:00,1.0
2021-05-01 12:28:24+00:00,0.0
2021-04-24 03:05:51+00:00,1.0
2021-04-20 19:01:07+00:00,1.0
2021-04-11 00:13:56+00:00,1.0
2021-04-09 15:50:11+00:00,1.0
2021-04-26 03:18:56+00:00,0.0
2021-04-23 19:52:25+00:00,1.0
2021-04-14 02:14:14+00:00,2.0
2021-04-11 15:24:38+00:00,2.0
2021-04-18 23:17:31+00:00,1.0
2021-04-12 09:00:10+00:00,1.0
2021-04-16 10:15:08+00:00,2.0
2021-04-19 12:32:21+00:00,1.0
2021-04-26 18:19:30+00:00,0.0
2021-04-20 16:09:51+00:00,2.0
2021-04-19 14:04:51+00:00,2.0
2021-04-17 12:44:14+00:00,0.0
2021-04-25 13:41:05+00:00,1.0
2021-04-08 01:39:35+00:00,1.0
2021-04-26 06:41:48+00:00,0.0
2021-04-12 18:16:00+00:00,1.0
2021-04-11 19:25:30+00:00,1.0
2021-04-22 02:30:11+00:00,0.0
2021-04-11 18:33:58+00:00,1.0
2021-04-14 15:47:00+00:00,1.0
2021-04-16 04:46:53+00:00,1.0
2021-04-25 16:00:09+00:00,1.0
2021-05-01 15:51:02+00:00,0.0
2021-04-23 18:51:34+00:00,1.0
2021-04-17 21:27:16+00:00,1.0
2021-04-25 15:04:30+00:00,1.0
2021-04-20 16:27:50+00:00,1.0
2021-04-13 14:04:11+00:00,2.0
2021-05-03 20:37:54+00:00,1.0
2021-04-23 05:03:58+00:00,3.0
2021-04-13 13:18:18+00:00,2.0
2021-04-16 23:33:07+00:00,0.0
2021-04-16 06:16:02+00:00,2.0
2021-04-16 02:30:24+00:00,2.0
2021-04-29 13:37:02+00:00,0.0
2021-04-10 12:10:45+00:00,1.95
2021-04-27 20:21:14+00:00,0.0
2021-04-22 14:06:55+00:00,0.0
2021-04-11 17:38:30+00:00,1.0
2021-04-19 00:42:36+00:00,1.0
2021-04-10 12:20:05+00:00,1.95
2021-05-02 20:13:59+00:00,1.0
2021-04-18 23:18:51+00:00,1.0
2021-04-23 03:03:13+00:00,3.0
2021-04-27 03:56:19+00:00,0.0
2021-04-22 00:33:18+00:00,0.0
2021-04-21 03:18:50+00:00,0.0
2021-04-23 05:03:35+00:00,3.0
2021-04-26 08:02:11+00:00,0.0
2021-04-21 06:24:57+00:00,0.0
2021-05-02 21:39:21+00:00,1.0
2021-04-24 11:56:00+00:00,1.0
2021-04-16 21:08:18+00:00,0.0
2021-04-21 19:38:37+00:00,1.0
2021-05-03 01:38:34+00:00,1.0
2021-04-12 05:45:53+00:00,2.0
2021-04-15 03:23:01+00:00,1.0
2021-04-05 22:30:46+00:00,1.0
2021-04-21 03:09:01+00:00,0.0
2021-04-22 18:38:47+00:00,0.0
2021-04-20 23:35:51+00:00,0.0
2021-04-20 10:00:22+00:00,2.0
2021-04-23 11:46:07+00:00,94.0
2021-04-07 22:57:35+00:00,1.0
2021-05-01 01:11:23+00:00,0.0
2021-04-22 18:33:07+00:00,0.0
2021-04-21 22:52:02+00:00,0.0
2021-04-11 18:51:48+00:00,1.0
2021-04-22 07:09:55+00:00,0.0
2021-04-09 22:05:41+00:00,1.95
2021-04-24 14:40:08+00:00,1.0
2021-04-24 07:55:43+00:00,2.0
2021-04-16 14:01:37+00:00,1.0
2021-04-10 23:57:56+00:00,2.0
2021-04-08 08:10:45+00:00,1.0
2021-04-29 19:01:11+00:00,0.0
2021-04-23 22:49:56+00:00,1.0
2021-05-01 18:35:36+00:00,0.0
2021-04-21 08:53:47+00:00,0.0
2021-04-25 13:36:41+00:00,1.0
2021-04-07 22:47:55+00:00,1.0
2021-04-25 02:42:10+00:00,1.0
2021-04-06 11:45:00+00:00,1.0
2021-04-24 20:05:39+00:00,1.0
2021-04-29 12:10:38+00:00,0.0
2021-04-06 22:51:01+00:00,1.0
2021-04-22 11:55:39+00:00,0.0
2021-04-24 00:21:39+00:00,1.0
2021-05-01 03:22:12+00:00,0.0
2021-05-01 01:52:19+00:00,0.0
2021-04-07 10:59:55+00:00,1.0
2021-04-21 15:42:35+00:00,2385.0
2021-04-12 23:45:35+00:00,1.0
2021-04-16 21:14:44+00:00,0.0
2021-04-06 20:46:27+00:00,1.0
2021-04-19 11:58:22+00:00,1.0
2021-04-25 17:27:59+00:00,1.0
2021-04-22 20:59:33+00:00,0.0
2021-04-09 23:04:21+00:00,1.95
2021-04-22 12:02:16+00:00,0.0
2021-04-16 19:50:54+00:00,0.0
2021-04-27 21:47:29+00:00,0.0
2021-04-30 11:08:50+00:00,0.0
2021-04-21 06:03:51+00:00,0.0
2021-04-28 01:05:39+00:00,0.0
2021-04-26 19:17:34+00:00,0.0
2021-04-25 06:57:03+00:00,1.0
2021-05-01 00:22:34+00:00,0.0
2021-04-09 16:52:05+00:00,1.0
2021-04-05 06:38:45+00:00,1.0
2021-04-05 00:05:08+00:00,1.0
2021-04-21 22:25:42+00:00,0.0
2021-04-18 04:25:07+00:00,2.0
2021-04-25 13:09:53+00:00,1.0
2021-04-26 13:56:52+00:00,0.0
2021-04-26 13:45:25+00:00,0.0
2021-04-24 04:44:02+00:00,1.0
2021-04-11 13:22:14+00:00,1.0
2021-04-30 18:11:18+00:00,0.0
2021-04-20 10:46:36+00:00,1.0
2021-04-11 23:20:57+00:00,2.0
2021-04-15 08:57:27+00:00,2407.0
2021-04-26 17:43:01+00:00,0.0
2021-04-28 01:55:22+00:00,0.0
2021-04-25 13:33:45+00:00,1.0
2021-04-29 00:41:10+00:00,0.0
2021-04-12 22:20:40+00:00,1.0
2021-04-17 13:20:59+00:00,0.0
2021-04-06 16:46:16+00:00,1.0
2021-04-11 17:33:09+00:00,2.0
2021-04-07 19:41:06+00:00,1.0
2021-04-10 14:58:39+00:00,21.0
2021-04-29 17:20:29+00:00,0.0
2021-05-03 05:28:15+00:00,1.0
2021-04-09 09:53:12+00:00,1.0
2021-04-21 19:02:14+00:00,1.0
2021-04-09 09:42:33+00:00,1.0
2021-04-07 01:57:07+00:00,1.0
2021-04-11 15:44:31+00:00,2.0
2021-04-17 08:48:16+00:00,0.0
2021-04-11 12:44:18+00:00,1.0
2021-04-08 06:30:30+00:00,1.0
2021-04-23 02:50:51+00:00,3.0
2021-05-01 23:38:16+00:00,0.0
2021-04-29 15:21:44+00:00,0.0
2021-04-28 03:15:37+00:00,0.0
2021-05-02 06:04:10+00:00,0.0
2021-04-20 14:40:59+00:00,2.0
2021-04-27 09:34:05+00:00,0.0
2021-04-18 10:52:54+00:00,1.8333333333333333
2021-04-26 19:34:14+00:00,0.0
2021-04-09 12:43:29+00:00,2.0
2021-04-13 17:15:24+00:00,2.0
2021-04-06 19:59:36+00:00,1.0
2021-04-29 12:33:59+00:00,0.0
2021-04-27 02:37:51+00:00,0.0
2021-04-28 18:03:02+00:00,1.0
2021-04-16 22:34:33+00:00,0.0
2021-05-03 18:21:32+00:00,1.0
2021-04-07 20:13:37+00:00,1.0
2021-04-29 01:25:43+00:00,0.0
2021-04-26 06:14:02+00:00,0.0
2021-05-02 01:45:36+00:00,0.0
2021-04-08 09:46:12+00:00,52.0
2021-04-19 21:44:55+00:00,1.0
2021-04-28 02:14:59+00:00,0.0
2021-04-10 04:11:56+00:00,1.95
2021-04-27 14:42:00+00:00,0.0
2021-04-23 02:22:00+00:00,2.0
2021-04-23 14:14:58+00:00,75.0
2021-04-12 08:59:36+00:00,1.0
2021-04-25 08:27:28+00:00,1.0
2021-04-18 04:38:44+00:00,2.0
2021-04-19 14:24:33+00:00,1.0
2021-04-22 06:07:27+00:00,0.0
2021-04-26 19:57:12+00:00,0.0
2021-04-09 12:24:38+00:00,2.0
2021-04-25 03:03:44+00:00,1.0
2021-04-16 01:23:39+00:00,2.0
2021-04-05 03:07:26+00:00,1.0
2021-04-09 05:37:53+00:00,1.0
2021-04-19 23:15:35+00:00,1.0
2021-04-29 17:43:07+00:00,0.0
2021-04-30 15:48:02+00:00,0.0
2021-04-10 08:27:06+00:00,1.95
2021-04-27 13:07:07+00:00,0.0
2021-04-25 05:38:16+00:00,1.0
2021-04-09 15:55:33+00:00,1.0
2021-04-23 15:20:45+00:00,1.0
2021-04-12 00:45:24+00:00,1.0
2021-04-10 07:02:25+00:00,1.95
2021-04-26 19:48:02+00:00,0.0
2021-04-22 19:12:39+00:00,0.0
2021-04-27 22:46:02+00:00,0.0
2021-04-05 14:17:25+00:00,1.0
2021-04-16 09:41:52+00:00,1.0
2021-04-05 17:41:46+00:00,1.0
2021-05-01 19:49:18+00:00,0.0
2021-04-26 01:53:30+00:00,0.0
2021-04-16 12:45:38+00:00,1.0
2021-04-15 17:54:18+00:00,1.0
2021-04-24 23:29:25+00:00,1.0
2021-04-19 07:22:28+00:00,2.0
2021-04-21 04:03:06+00:00,0.0
2021-04-18 21:29:30+00:00,2.0
2021-05-03 17:02:36+00:00,1.0
2021-04-22 08:34:47+00:00,0.0
2021-04-29 10:09:08+00:00,0.0
2021-04-12 15:36:39+00:00,1.0
2021-04-28 11:03:16+00:00,1.0
2021-04-29 14:10:41+00:00,0.0
2021-05-03 23:46:49+00:00,1.0
2021-04-11 12:52:16+00:00,1.0
2021-04-15 06:33:52+00:00,1.0
2021-04-30 05:10:26+00:00,0.0
2021-04-21 23:57:36+00:00,0.0
2021-04-30 09:17:15+00:00,0.0
2021-04-08 07:42:12+00:00,1.0
2021-04-09 20:28:59+00:00,1.0
2021-04-10 07:03:58+00:00,1.95
2021-04-13 20:57:26+00:00,1.0
2021-04-08 07:01:52+00:00,1.0
2021-04-21 10:45:09+00:00,0.0
2021-04-19 14:15:00+00:00,1.0
2021-04-19 04:04:39+00:00,1.0
2021-04-28 17:17:15+00:00,1.0
2021-04-14 19:00:52+00:00,1.0
2021-04-21 01:59:39+00:00,0.0
2021-04-12 09:02:32+00:00,2.0
2021-05-03 13:22:54+00:00,1.0
2021-04-06 05:52:45+00:00,1.0
2021-04-19 06:45:09+00:00,1.0
2021-04-22 05:26:31+00:00,0.0
2021-04-26 18:55:24+00:00,0.0
2021-04-07 03:46:08+00:00,1.0
2021-04-30 22:44:52+00:00,0.0
2021-04-20 19:44:05+00:00,1.0
2021-04-14 06:44:41+00:00,1.0
2021-05-01 14:29:01+00:00,0.0
2021-05-03 08:58:36+00:00,1.0
2021-04-28 00:10:00+00:00,0.0
2021-05-02 04:22:44+00:00,0.0
2021-04-07 20:02:31+00:00,1.0
2021-04-15 08:19:12+00:00,2.0
2021-05-03 02:03:28+00:00,1.0
2021-04-05 22:48:13+00:00,1.0
2021-04-13 08:56:29+00:00,1.0
2021-04-25 21:02:19+00:00,0.0
2021-04-22 12:42:07+00:00,0.0
2021-04-13 06:56:20+00:00,1.0
2021-04-26 17:11:31+00:00,0.0
2021-04-14 11:54:39+00:00,1.0
2021-05-01 00:05:02+00:00,0.0
2021-04-11 08:08:25+00:00,1.0
2021-04-18 18:29:59+00:00,2.0
2021-04-28 10:03:07+00:00,1.0
2021-04-11 05:45:59+00:00,1.0
2021-04-22 09:54:25+00:00,0.0
2021-04-09 06:42:57+00:00,1.0
2021-04-18 12:53:18+00:00,2.0
2021-04-05 07:20:01+00:00,1.0
2021-04-16 09:25:36+00:00,2.0
2021-04-28 07:41:56+00:00,0.0
2021-04-17 14:49:14+00:00,0.0
2021-04-14 08:45:03+00:00,2.0
2021-04-08 12:01:20+00:00,1.0
2021-04-15 20:23:35+00:00,2.0
2021-04-28 13:37:28+00:00,1.0
2021-05-01 17:48:19+00:00,0.0
2021-04-13 11:58:20+00:00,1.0
2021-04-23 16:57:47+00:00,1.0
2021-04-17 08:57:23+00:00,0.0
2021-04-27 19:15:38+00:00,0.0
2021-05-02 15:37:25+00:00,1.0
2021-04-18 20:16:26+00:00,1.0
2021-04-30 23:05:16+00:00,0.0
2021-04-26 03:59:08+00:00,0.0
2021-04-05 15:45:58+00:00,1.0
2021-04-19 19:48:38+00:00,1.0
2021-04-26 04:36:48+00:00,0.0
2021-04-20 04:28:55+00:00,1.0
2021-04-18 00:05:27+00:00,1.0
2021-04-06 09:51:05+00:00,1.0
2021-05-02 13:04:18+00:00,0.0
2021-04-10 16:19:56+00:00,144.0
2021-04-28 13:57:03+00:00,1.0
2021-04-08 23:30:14+00:00,2.0
2021-04-30 23:54:13+00:00,0.0
2021-04-18 06:56:46+00:00,1.0
2021-05-03 07:02:37+00:00,1.0
2021-04-22 13:34:30+00:00,0.0
2021-04-22 00:18:02+00:00,0.0
2021-04-18 17:25:12+00:00,1.0
2021-04-24 02:52:51+00:00,1.0
2021-05-03 21:14:25+00:00,1.0
2021-05-01 02:52:54+00:00,0.0
2021-04-16 03:50:18+00:00,1.0
2021-04-13 01:29:31+00:00,1.0
2021-04-14 10:05:29+00:00,1.0
2021-04-20 06:32:40+00:00,1.0
2021-04-19 13:58:08+00:00,1.0
2021-04-26 20:19:10+00:00,0.0
2021-05-03 02:17:06+00:00,1.0
2021-04-11 15:58:11+00:00,1.0
2021-04-20 18:24:02+00:00,1.0
2021-04-30 11:08:25+00:00,0.0
2021-04-09 22:03:27+00:00,1.95
2021-04-13 15:29:22+00:00,2.0
2021-04-15 14:59:42+00:00,1.0
2021-04-06 18:25:37+00:00,1.0
2021-04-07 00:18:10+00:00,1.0
2021-04-17 15:20:30+00:00,0.0
2021-04-28 14:08:07+00:00,1.0
2021-05-02 21:52:29+00:00,1.0
2021-04-16 05:54:44+00:00,2.0
2021-04-29 15:12:06+00:00,0.0
2021-04-18 06:53:31+00:00,1.0
2021-04-30 18:34:44+00:00,0.0
2021-05-01 05:47:12+00:00,0.0
2021-05-01 16:42:26+00:00,0.0
2021-04-06 13:47:41+00:00,1.0
2021-04-26 13:10:19+00:00,0.0
2021-04-11 00:48:36+00:00,2.0
2021-04-20 16:43:35+00:00,1.0
2021-04-08 06:24:55+00:00,1.0
2021-04-09 07:33:48+00:00,1.0
2021-04-13 07:49:41+00:00,1.0
2021-04-25 07:55:23+00:00,1.0
2021-04-06 05:48:40+00:00,1.0
2021-04-23 04:13:58+00:00,3.0
2021-04-20 03:05:51+00:00,1.0
2021-05-01 15:23:58+00:00,0.0
2021-04-22 05:29:34+00:00,0.0
2021-04-25 13:04:05+00:00,1.0
2021-04-30 16:22:09+00:00,0.0
2021-04-13 01:35:25+00:00,1.0
2021-04-28 17:39:24+00:00,1.0
2021-04-14 22:45:12+00:00,2.0
2021-04-25 13:59:33+00:00,1.0
2021-04-05 23:52:44+00:00,1.0
2021-04-08 23:41:56+00:00,1.0
2021-04-14 03:43:18+00:00,2.0
2021-04-08 21:07:44+00:00,1.0
2021-04-30 22:39:45+00:00,0.0
2021-04-29 14:55:36+00:00,0.0
2021-04-14 17:51:22+00:00,1.0
2021-04-15 18:02:44+00:00,2.0
2021-04-21 05:45:16+00:00,0.0
2021-04-18 07:42:50+00:00,2.0
2021-04-19 21:52:49+00:00,1.0
2021-04-08 11:26:27+00:00,1.0
2021-05-01 05:37:28+00:00,0.0
2021-04-21 17:52:19+00:00,1.0
2021-04-20 07:19:09+00:00,1.0
2021-04-23 22:26:11+00:00,1.0
2021-04-28 13:36:38+00:00,1.0
2021-04-18 05:30:31+00:00,1.0
2021-04-22 20:20:01+00:00,0.0
2021-04-21 16:52:35+00:00,5.0
2021-04-29 05:21:59+00:00,0.0
2021-04-15 11:38:45+00:00,2.0
2021-04-17 11:25:12+00:00,0.0
2021-04-09 11:21:16+00:00,1.0
2021-04-22 22:26:34+00:00,3.0
2021-04-22 05:29:41+00:00,0.0
2021-04-15 10:59:50+00:00,1.0
2021-04-21 02:46:37+00:00,0.0
2021-04-27 22:39:09+00:00,0.0
2021-04-09 10:45:03+00:00,2.0
2021-04-11 12:39:56+00:00,1.0
2021-04-29 21:51:17+00:00,0.0
2021-04-19 03:41:49+00:00,2.0
2021-04-27 01:07:57+00:00,0.0
2021-04-18 19:46:23+00:00,2.0
2021-04-10 09:47:37+00:00,1.95
2021-04-18 02:09:59+00:00,2.0
2021-04-10 16:53:25+00:00,26.0
2021-04-19 19:52:43+00:00,2.0
2021-04-05 05:46:03+00:00,2.0
2021-04-15 16:34:54+00:00,1.0
2021-04-05 20:41:37+00:00,1.0
2021-04-12 21:32:28+00:00,1.0
2021-05-03 14:35:06+00:00,1.0
2021-04-29 11:22:46+00:00,0.0
2021-04-18 08:49:03+00:00,1.0
2021-04-21 20:09:52+00:00,1.0
2021-04-30 14:10:59+00:00,0.0
2021-05-03 22:07:04+00:00,1.0
2021-04-25 23:37:30+00:00,0.0
2021-04-21 13:12:27+00:00,0.0
2021-04-20 03:28:48+00:00,2.0
2021-04-22 23:33:39+00:00,3.0
2021-04-16 18:32:44+00:00,0.0
2021-04-06 09:46:02+00:00,1.0
2021-05-03 23:00:57+00:00,1.0
2021-04-16 20:22:08+00:00,0.0
2021-04-19 15:00:01+00:00,1.0
2021-04-16 14:49:34+00:00,1.0
2021-04-29 22:37:27+00:00,0.0
2021-04-06 16:41:51+00:00,1.0
2021-04-27 06:39:46+00:00,0.0
2021-04-20 01:09:58+00:00,2.0
2021-04-26 09:44:39+00:00,0.0
2021-04-22 01:11:21+00:00,0.0
2021-04-08 06:27:10+00:00,1.0
2021-04-16 09:16:05+00:00,1.0
2021-04-19 14:44:17+00:00,1.0
2021-05-02 05:02:39+00:00,0.0
2021-05-02 08:42:19+00:00,0.0
2021-04-24 07:50:59+00:00,1.0
2021-04-10 01:52:53+00:00,1.95
2021-04-13 22:27:04+00:00,1.0
2021-05-02 19:05:48+00:00,1.0
2021-04-09 09:56:45+00:00,1.0
2021-04-19 23:08:15+00:00,1.0
2021-04-24 19:02:29+00:00,1.0
2021-04-20 22:48:05+00:00,0.0
2021-04-05 23:54:36+00:00,1.0
2021-04-05 17:29:34+00:00,1.0
2021-04-16 17:45:33+00:00,0.0
2021-04-30 19:28:45+00:00,0.0
2021-04-07 04:32:07+00:00,1.0
2021-04-13 17:35:33+00:00,1.0
2021-04-05 18:52:34+00:00,1.0
2021-04-26 03:12:38+00:00,0.0
2021-04-14 17:01:16+00:00,2.0
2021-04-25 16:16:43+00:00,1.0
2021-04-07 17:56:09+00:00,1.0
2021-04-17 15:02:35+00:00,0.0
2021-04-20 20:05:52+00:00,1.0
2021-04-14 11:38:25+00:00,2.0
2021-05-01 04:54:28+00:00,0.0
2021-04-29 04:51:43+00:00,0.0
2021-04-29 03:44:40+00:00,0.0
2021-04-29 22:50:18+00:00,0.0
2021-04-18 14:52:58+00:00,1.0
2021-04-24 07:29:27+00:00,1.0
2021-04-05 21:50:51+00:00,1.0
2021-05-02 19:30:09+00:00,1.0
2021-05-02 13:41:41+00:00,16.0
2021-04-27 04:58:08+00:00,0.0
2021-04-24 00:43:07+00:00,1.0
2021-04-10 08:12:43+00:00,1.95
2021-04-15 01:36:13+00:00,2.0
2021-04-25 00:01:59+00:00,1.0
2021-04-15 02:18:55+00:00,2.0
2021-05-03 04:00:48+00:00,1.0
2021-04-10 15:20:57+00:00,162.0
2021-05-03 02:02:53+00:00,1.0
2021-04-26 20:27:23+00:00,0.0
2021-04-28 20:29:57+00:00,1.0
2021-04-23 14:33:39+00:00,160.0
2021-04-24 20:27:47+00:00,2.0
2021-04-30 12:25:26+00:00,0.0
2021-04-12 04:41:32+00:00,1.0
2021-04-22 20:36:49+00:00,0.0
2021-04-05 03:18:56+00:00,1.0
2021-04-30 20:14:39+00:00,0.0
2021-04-30 07:43:16+00:00,0.0
2021-04-16 04:02:27+00:00,2.0
2021-04-16 15:20:43+00:00,1.0
2021-04-27 08:21:07+00:00,0.0
2021-04-14 22:53:36+00:00,1.0
2021-04-19 13:05:42+00:00,2.0
2021-04-06 18:25:08+00:00,1.0
2021-05-02 21:17:06+00:00,1.0
2021-04-21 08:22:15+00:00,0.0
2021-04-10 00:45:41+00:00,1.95
2021-04-28 19:21:04+00:00,1.0
2021-04-08 02:18:22+00:00,1.0
2021-05-01 02:51:24+00:00,0.0
2021-04-30 02:21:23+00:00,0.0
2021-04-09 20:00:18+00:00,1.0
2021-04-25 02:32:18+00:00,1.0
2021-04-14 14:12:22+00:00,2.0
2021-04-08 00:44:48+00:00,1.0
2021-04-15 19:28:24+00:00,1.0
2021-05-03 01:44:37+00:00,1.0
2021-04-08 08:47:04+00:00,1.0
2021-04-08 15:46:28+00:00,1.0
2021-05-01 01:45:04+00:00,0.0
2021-04-17 20:36:41+00:00,1.0
2021-04-08 00:20:45+00:00,1.0
2021-04-30 05:02:32+00:00,0.0
2021-04-17 08:00:50+00:00,0.0
2021-04-09 09:39:01+00:00,1.0
2021-04-26 10:06:18+00:00,0.0
2021-05-03 12:42:24+00:00,1.0
2021-04-07 07:17:41+00:00,1.0
2021-04-17 12:14:32+00:00,0.0
2021-04-16 07:39:18+00:00,1.0
2021-04-13 04:14:39+00:00,1.0
2021-04-26 13:15:41+00:00,0.0
2021-04-24 10:04:38+00:00,1.0
2021-04-24 22:24:05+00:00,1.0
2021-04-08 15:28:30+00:00,1.0
2021-04-12 08:17:49+00:00,1.0
2021-04-13 22:32:04+00:00,1.0
2021-04-22 07:56:42+00:00,0.0
2021-04-06 20:53:23+00:00,1.0
2021-04-27 08:19:26+00:00,0.0
2021-04-26 10:00:39+00:00,0.0
2021-04-17 07:39:47+00:00,0.0
2021-04-07 06:06:51+00:00,1.0
2021-04-20 03:06:37+00:00,1.0
2021-04-09 18:10:07+00:00,1.0
2021-04-05 10:43:25+00:00,1.0
2021-04-24 11:49:52+00:00,1.0
2021-04-23 15:21:27+00:00,1.0
2021-04-22 19:15:55+00:00,0.0
2021-04-26 22:11:19+00:00,0.0
2021-04-24 03:44:09+00:00,1.0
2021-04-08 17:03:32+00:00,1.0
2021-04-22 14:28:34+00:00,0.0
2021-04-18 01:11:26+00:00,2.0
2021-04-22 21:44:06+00:00,0.0
2021-04-29 10:06:03+00:00,0.0
2021-04-17 17:05:04+00:00,0.0
2021-05-02 02:36:34+00:00,0.0
2021-04-11 20:23:07+00:00,2.0
2021-04-14 09:19:28+00:00,1.0
2021-04-09 11:50:47+00:00,1.0
2021-04-12 04:34:02+00:00,1.0
2021-04-21 19:03:32+00:00,1.0
2021-04-09 22:00:05+00:00,1.95
2021-04-19 13:59:46+00:00,2.0
2021-04-05 12:10:23+00:00,1.0
2021-05-02 13:49:43+00:00,135.0
2021-04-09 22:43:09+00:00,1.95
2021-04-05 09:05:43+00:00,1.0
2021-04-23 04:11:26+00:00,3.0
2021-04-28 20:43:19+00:00,1.0
2021-04-18 17:52:40+00:00,1.0
2021-04-30 12:05:50+00:00,0.0
2021-04-24 22:24:02+00:00,1.0
2021-04-05 00:39:57+00:00,1.0
2021-04-06 13:47:50+00:00,1.0
2021-04-22 09:20:00+00:00,0.0
2021-04-10 00:17:49+00:00,1.95
2021-04-05 11:12:21+00:00,1.0
2021-04-15 16:24:44+00:00,1.0
2021-05-02 07:00:49+00:00,0.0
2021-04-17 10:44:16+00:00,0.0
2021-05-01 13:36:39+00:00,0.0
2021-04-15 21:53:26+00:00,1.0
2021-04-22 17:45:18+00:00,0.0
2021-04-21 14:26:42+00:00,0.0
2021-04-20 03:12:18+00:00,2.0
2021-04-11 10:12:04+00:00,1.0
2021-05-01 05:05:24+00:00,0.0
2021-05-03 22:46:33+00:00,1.0
2021-04-12 05:52:39+00:00,1.0
2021-04-16 12:33:20+00:00,1.0
2021-04-06 09:29:22+00:00,1.0
2021-04-23 07:49:52+00:00,8.5
2021-04-27 16:30:01+00:00,0.0
2021-04-17 13:56:07+00:00,0.0
2021-04-26 05:59:44+00:00,0.0
2021-04-09 08:40:41+00:00,1.0
2021-04-09 09:11:49+00:00,1.0
2021-04-29 06:21:54+00:00,0.0
2021-04-24 18:33:30+00:00,1.0
2021-04-13 11:27:04+00:00,1.0
2021-04-29 16:27:04+00:00,0.0
2021-04-10 02:16:19+00:00,1.95
2021-04-08 15:38:54+00:00,1.0
2021-04-27 19:04:00+00:00,0.0
2021-05-03 10:08:50+00:00,1.0
2021-05-01 14:51:04+00:00,0.0
2021-04-16 02:44:43+00:00,2.0
2021-04-21 11:39:16+00:00,0.0
2021-04-12 05:53:47+00:00,1.0
2021-04-15 13:49:16+00:00,1.0
2021-04-18 05:29:18+00:00,2.0
2021-04-15 05:42:45+00:00,1.0
2021-04-11 03:31:25+00:00,1.0
2021-04-30 12:43:32+00:00,0.0
2021-04-15 11:11:53+00:00,2.0
2021-04-25 16:09:03+00:00,1.0
2021-04-26 10:28:22+00:00,0.0
2021-05-03 09:46:40+00:00,1.0
2021-04-23 00:45:36+00:00,3.0
2021-04-14 16:05:40+00:00,2.0
2021-04-12 22:48:16+00:00,1.0
2021-04-25 05:20:03+00:00,1.0
2021-04-11 08:31:56+00:00,1.0
2021-04-07 16:31:07+00:00,1.0
2021-04-29 23:19:57+00:00,0.0
2021-04-09 06:43:24+00:00,1.0
2021-04-26 14:14:03+00:00,0.0
2021-04-06 20:10:06+00:00,1.0
2021-04-16 22:00:28+00:00,0.0
2021-04-11 15:17:35+00:00,1.0
2021-04-16 06:40:52+00:00,1.0
2021-04-20 14:19:24+00:00,2.0
2021-04-11 23:50:58+00:00,1.0
2021-04-14 12:34:36+00:00,1.0
2021-04-27 06:04:21+00:00,0.0
2021-04-18 06:11:02+00:00,2.0
2021-05-02 09:31:59+00:00,0.0
2021-04-20 10:38:15+00:00,1.0
2021-04-07 19:00:53+00:00,1.0
2021-05-02 21:17:25+00:00,1.0
2021-04-12 18:25:44+00:00,1.0
2021-04-24 22:59:07+00:00,1.0
2021-04-13 10:43:02+00:00,1.0
2021-04-17 10:12:44+00:00,0.0
2021-04-22 11:57:25+00:00,0.0
2021-04-19 17:38:08+00:00,1.0
2021-04-21 06:58:08+00:00,0.0
2021-04-11 14:10:03+00:00,1.0
2021-04-15 11:54:55+00:00,1.0
2021-04-25 17:41:13+00:00,1.0
2021-04-13 18:40:07+00:00,1.0
2021-05-02 10:47:28+00:00,0.0
2021-04-30 16:19:42+00:00,0.0
2021-04-13 18:45:04+00:00,1.0
2021-04-18 12:02:58+00:00,1.0
2021-04-20 10:51:54+00:00,2.0
2021-04-30 19:31:10+00:00,0.0
2021-05-01 10:15:16+00:00,0.0
2021-04-16 01:59:58+00:00,2.0
2021-04-24 07:18:18+00:00,1.0
2021-04-12 08:14:50+00:00,1.0
2021-04-08 18:17:58+00:00,1.0
2021-04-20 12:08:13+00:00,1.0
2021-05-03 15:05:17+00:00,1.0
2021-04-25 17:25:14+00:00,1.0
2021-04-19 01:21:41+00:00,2.0
2021-04-09 15:21:53+00:00,2.0
2021-04-23 00:27:53+00:00,3.0
2021-04-25 17:47:31+00:00,1.0
2021-04-19 16:42:55+00:00,1.0
2021-04-27 21:33:44+00:00,0.0
2021-04-16 05:54:19+00:00,1.0
2021-05-02 23:49:33+00:00,1.0
2021-04-27 09:10:02+00:00,0.0
2021-05-01 15:34:18+00:00,0.0
2021-04-28 14:01:36+00:00,1.0
2021-04-22 11:39:49+00:00,0.0
2021-04-14 17:52:56+00:00,1.0
2021-04-22 13:38:58+00:00,0.0
2021-04-13 20:58:08+00:00,2.0
2021-04-06 06:17:46+00:00,1.0
2021-04-23 12:48:39+00:00,316.0
2021-04-05 20:31:00+00:00,1.0
2021-04-18 18:31:59+00:00,1.0
2021-04-28 04:08:41+00:00,0.0
2021-04-22 12:29:45+00:00,0.0
2021-04-13 11:22:37+00:00,1.0
2021-04-23 21:56:35+00:00,1.0
2021-04-15 04:35:58+00:00,2.0
2021-04-11 04:38:27+00:00,1.0
2021-05-03 02:57:16+00:00,1.0
2021-04-20 05:39:40+00:00,1.0
2021-04-29 17:58:01+00:00,0.0
2021-04-10 12:08:18+00:00,1.95
2021-04-18 22:19:40+00:00,1.0
2021-04-22 23:33:09+00:00,3.0
2021-04-12 12:12:31+00:00,1.0
2021-05-01 03:09:56+00:00,0.0
2021-05-01 19:59:21+00:00,0.0
2021-04-14 00:05:32+00:00,1.0
2021-04-20 02:33:28+00:00,1.0
2021-05-03 16:05:29+00:00,1.0
2021-04-17 22:10:30+00:00,2.0
2021-04-14 08:47:29+00:00,1.0
2021-05-03 02:05:48+00:00,1.0
2021-04-08 20:27:32+00:00,1.0
2021-04-25 16:02:24+00:00,1.0
2021-04-26 04:54:54+00:00,0.0
2021-04-08 05:12:39+00:00,1.0
2021-04-17 14:48:29+00:00,0.0
2021-04-09 03:35:59+00:00,1.0
2021-04-30 02:03:01+00:00,0.0
2021-05-02 16:33:38+00:00,1.0
2021-04-30 06:51:57+00:00,0.0
2021-04-08 18:37:14+00:00,2.0
2021-05-03 06:20:39+00:00,1.0
2021-04-17 01:15:54+00:00,0.0
2021-04-21 13:28:31+00:00,0.0
2021-04-12 19:34:29+00:00,1.0
2021-04-28 19:38:47+00:00,1.0
2021-04-19 17:49:16+00:00,2.0
2021-04-24 02:47:37+00:00,1.0
2021-04-06 08:29:39+00:00,1.0
2021-04-26 17:37:20+00:00,0.0
2021-04-05 07:25:08+00:00,1.0
2021-04-12 06:49:45+00:00,2.0
2021-05-03 18:05:33+00:00,1.0
2021-04-05 16:47:28+00:00,1.0
2021-04-15 21:15:45+00:00,1.0
2021-04-07 02:02:35+00:00,1.0
2021-04-07 06:48:20+00:00,1.0
2021-05-03 07:12:27+00:00,1.0
2021-04-20 18:41:43+00:00,2.0
2021-04-12 19:51:45+00:00,2.0
2021-04-15 06:12:05+00:00,2.0
2021-04-06 08:10:35+00:00,1.0
2021-04-14 00:20:14+00:00,1.0
2021-04-05 13:04:11+00:00,1.0
2021-05-01 09:38:06+00:00,0.0
2021-04-17 16:40:43+00:00,0.0
2021-05-03 09:26:08+00:00,1.0
2021-04-06 07:13:07+00:00,1.0
2021-04-07 13:08:11+00:00,1.0
2021-04-24 13:16:43+00:00,1.0
2021-04-05 02:13:02+00:00,1.0
2021-04-19 03:08:12+00:00,2.0
2021-04-13 05:38:11+00:00,1.0
2021-04-17 22:00:01+00:00,1.0
2021-04-22 17:46:05+00:00,0.0
2021-04-09 13:44:05+00:00,1.0
2021-04-27 11:43:55+00:00,0.0
2021-05-01 10:11:07+00:00,0.0
2021-04-05 01:26:47+00:00,1.0
2021-04-28 14:53:30+00:00,1.0
2021-04-22 11:25:27+00:00,0.0
2021-04-23 05:54:41+00:00,3.0
2021-04-06 18:17:10+00:00,1.0
2021-04-28 14:16:54+00:00,1.0
2021-04-05 07:20:30+00:00,1.0
2021-05-03 09:26:13+00:00,1.0
2021-04-09 04:03:02+00:00,1.0
2021-04-23 19:16:38+00:00,1.0
2021-04-21 08:44:26+00:00,0.0
2021-04-16 01:15:38+00:00,1.0
2021-04-13 21:46:13+00:00,2.0
2021-04-05 10:43:58+00:00,1.0
2021-04-07 01:58:50+00:00,1.0
2021-04-30 10:36:08+00:00,0.0
2021-04-08 00:21:39+00:00,1.0
2021-04-25 19:03:41+00:00,0.0
2021-04-27 18:18:02+00:00,0.0
2021-04-08 13:50:54+00:00,1.0
2021-04-13 10:24:15+00:00,2.0
2021-04-18 11:13:44+00:00,1.0
2021-04-20 07:43:02+00:00,2.0
2021-04-18 08:14:36+00:00,1.0
2021-05-03 23:01:33+00:00,1.0
2021-04-25 18:52:31+00:00,0.0
2021-04-27 08:40:41+00:00,0.0
2021-04-29 10:24:18+00:00,0.0
2021-04-12 17:40:03+00:00,1.0
2021-04-14 03:27:26+00:00,2.0
2021-04-19 12:00:20+00:00,1.0
2021-05-03 19:07:00+00:00,1.0
2021-04-30 23:27:47+00:00,0.0
2021-04-26 00:16:57+00:00,0.0
2021-04-27 01:52:08+00:00,0.0
2021-04-15 06:32:24+00:00,1.0
2021-04-16 21:23:37+00:00,0.0
2021-05-03 20:18:12+00:00,1.0
2021-04-11 07:22:35+00:00,2.0
2021-04-29 00:26:03+00:00,0.0
2021-04-10 01:54:18+00:00,1.95
2021-04-23 16:36:27+00:00,1.0
2021-04-11 02:15:50+00:00,1.0
2021-04-29 08:39:30+00:00,0.0
2021-04-17 01:57:34+00:00,0.0
2021-04-24 14:08:52+00:00,1.0
2021-05-01 18:25:44+00:00,0.0
2021-04-06 17:50:48+00:00,1.0
2021-04-14 21:53:03+00:00,1.0
2021-04-05 15:33:15+00:00,1.0
2021-04-16 00:06:51+00:00,1.0
2021-04-09 05:31:56+00:00,1.0
2021-04-13 06:13:31+00:00,1.0
2021-04-15 21:27:36+00:00,1.0
2021-04-28 01:49:23+00:00,0.0
2021-05-03 21:09:42+00:00,1.0
2021-04-17 06:11:17+00:00,0.0
2021-04-20 08:05:36+00:00,1.0
2021-04-16 19:13:30+00:00,0.0
2021-04-07 11:09:12+00:00,1.0
2021-05-01 06:53:12+00:00,0.0
2021-04-30 19:05:21+00:00,0.0
2021-04-10 08:08:46+00:00,1.95
2021-04-30 01:39:22+00:00,0.0
2021-04-09 12:29:08+00:00,2.0
2021-04-25 19:37:42+00:00,0.0
2021-04-11 20:57:27+00:00,1.0
2021-05-03 16:08:03+00:00,1.0
2021-05-02 15:54:07+00:00,1.0
2021-04-28 17:59:10+00:00,1.0
2021-04-08 02:24:04+00:00,1.0
2021-05-02 21:16:25+00:00,1.0
2021-04-12 12:26:54+00:00,1.0
2021-04-14 00:28:14+00:00,1.0
2021-05-03 09:48:34+00:00,1.0
2021-04-12 09:48:40+00:00,1.0
2021-04-14 05:03:25+00:00,2.0
2021-04-06 08:40:56+00:00,1.0
2021-05-01 03:54:56+00:00,0.0
2021-04-22 07:52:32+00:00,0.0
2021-04-21 02:47:02+00:00,0.0
2021-04-24 23:52:15+00:00,1.0
2021-04-21 05:43:18+00:00,0.0
2021-04-11 09:36:38+00:00,1.0
2021-04-19 04:31:57+00:00,2.0
2021-04-05 23:45:54+00:00,1.0
2021-04-27 03:07:44+00:00,0.0
2021-04-09 06:17:04+00:00,2.0
2021-04-16 22:13:13+00:00,0.0
2021-04-18 12:32:57+00:00,2.0
2021-04-12 22:47:47+00:00,1.0
2021-04-15 15:06:49+00:00,2.0
2021-04-26 18:02:38+00:00,0.0
2021-04-24 18:39:33+00:00,1.0
2021-04-27 14:22:52+00:00,0.0
2021-04-24 23:57:21+00:00,1.0
2021-04-18 18:44:12+00:00,1.0
2021-04-09 21:02:03+00:00,1.0
2021-04-08 06:13:29+00:00,1.0
2021-04-27 05:28:32+00:00,0.0
2021-04-09 03:42:54+00:00,2.0
2021-04-08 19:25:42+00:00,1.0
2021-04-29 19:32:35+00:00,0.0
2021-04-20 04:01:19+00:00,2.0
2021-04-05 03:32:48+00:00,1.0
2021-04-24 19:28:52+00:00,1.0
2021-04-25 17:01:51+00:00,1.0
2021-04-15 21:20:00+00:00,1.0
2021-04-05 13:51:48+00:00,1.0
2021-04-28 06:40:16+00:00,0.0
2021-04-08 08:58:39+00:00,1.0
2021-04-05 19:20:51+00:00,1.0
2021-04-14 03:37:10+00:00,2.0
2021-04-30 15:22:34+00:00,0.0
2021-04-09 20:29:21+00:00,1.0
2021-04-10 22:55:36+00:00,2.0
2021-04-08 20:02:35+00:00,1.0
2021-04-11 09:51:55+00:00,2.0
2021-04-12 01:31:44+00:00,1.0
2021-04-14 14:24:59+00:00,1.0
2021-05-03 22:26:38+00:00,1.0
2021-04-13 12:54:55+00:00,1.0
2021-04-25 10:19:40+00:00,1.0
2021-04-06 12:22:34+00:00,1.0
2021-04-18 04:43:00+00:00,1.0
2021-04-06 08:54:59+00:00,1.0
2021-04-11 05:44:51+00:00,2.0
2021-04-22 23:15:33+00:00,3.0
2021-04-10 18:09:46+00:00,1.0
2021-04-17 14:46:55+00:00,0.0
2021-04-15 06:02:39+00:00,2.0
2021-04-28 06:23:17+00:00,0.0
2021-04-27 19:42:40+00:00,0.0
2021-04-07 01:28:21+00:00,1.0
2021-04-16 22:40:03+00:00,0.0
2021-04-10 20:34:28+00:00,1.0
2021-04-18 19:33:13+00:00,2.0
2021-04-08 05:18:17+00:00,1.0
2021-04-24 09:23:40+00:00,1.0
2021-04-14 05:36:00+00:00,1.0
2021-04-25 18:06:18+00:00,1.0
2021-04-13 16:04:00+00:00,1.0
2021-04-15 12:07:25+00:00,2.0
2021-04-27 04:28:32+00:00,0.0
2021-04-19 21:57:44+00:00,1.0
2021-05-03 01:50:12+00:00,1.0
2021-04-28 23:43:08+00:00,0.0
2021-04-11 04:35:37+00:00,1.0
2021-04-29 06:22:15+00:00,0.0
2021-05-03 12:24:55+00:00,1.0
2021-04-22 07:27:21+00:00,0.0
2021-04-10 20:11:11+00:00,1.0
2021-04-05 19:44:15+00:00,1.0
2021-04-06 09:21:58+00:00,1.0
2021-04-09 01:30:41+00:00,2.0
2021-04-06 10:35:58+00:00,1.0
2021-05-02 00:30:02+00:00,0.0
2021-04-06 06:37:19+00:00,1.0
2021-04-19 01:14:08+00:00,1.0
2021-04-20 20:18:05+00:00,1.0
2021-04-25 02:39:19+00:00,1.0
2021-04-30 14:05:30+00:00,0.0
2021-04-13 06:47:28+00:00,1.0
2021-04-05 09:53:23+00:00,1.0
2021-04-13 21:35:15+00:00,1.0
2021-04-09 23:23:10+00:00,1.95
2021-04-29 11:37:21+00:00,0.0
2021-05-03 14:23:05+00:00,1.0
2021-04-13 14:50:00+00:00,1.0
2021-04-30 22:47:32+00:00,0.0
2021-04-18 12:49:06+00:00,1.0
2021-04-09 15:38:09+00:00,1.0
2021-04-12 13:45:43+00:00,1.0
2021-04-19 12:55:19+00:00,2.0
2021-04-30 09:22:56+00:00,0.0
2021-04-23 11:33:59+00:00,88.0
2021-04-25 03:41:01+00:00,1.0
2021-04-11 16:42:13+00:00,1.0
2021-04-12 14:30:10+00:00,1.0
2021-05-01 08:44:50+00:00,0.0
2021-04-11 21:29:58+00:00,2.0
2021-04-26 04:12:03+00:00,0.0
2021-04-25 01:09:15+00:00,1.0
2021-04-05 03:18:36+00:00,1.0
2021-04-25 03:31:20+00:00,1.0
2021-04-26 23:00:53+00:00,0.0
2021-04-06 18:02:13+00:00,1.0
2021-04-21 03:33:50+00:00,0.0
2021-04-06 21:29:08+00:00,1.0
2021-04-17 23:06:54+00:00,1.0
2021-04-15 21:04:07+00:00,2.0
2021-05-02 03:54:34+00:00,0.0
2021-04-18 04:38:54+00:00,2.0
2021-04-22 13:30:22+00:00,0.0
2021-04-05 22:33:15+00:00,1.0
2021-04-29 09:53:55+00:00,0.0
2021-04-17 07:46:22+00:00,0.0
2021-04-12 02:41:53+00:00,2.0
2021-04-16 23:18:20+00:00,0.0
2021-04-26 17:37:10+00:00,0.0
2021-05-01 21:32:01+00:00,0.0
2021-04-25 17:24:46+00:00,1.0
2021-04-26 02:48:07+00:00,0.0
2021-04-26 04:24:02+00:00,0.0
2021-04-23 12:15:48+00:00,43.0
2021-04-19 11:12:57+00:00,1.0
2021-04-05 19:46:44+00:00,1.0
2021-04-28 23:41:32+00:00,0.0
2021-04-23 01:56:18+00:00,3.0
2021-04-05 05:14:40+00:00,1.0
2021-04-08 22:47:32+00:00,2.0
2021-04-09 22:52:41+00:00,1.95
2021-04-14 12:28:39+00:00,1.0
2021-04-22 04:01:25+00:00,0.0
2021-05-02 00:28:12+00:00,0.0
2021-04-29 21:12:23+00:00,0.0
2021-05-01 10:47:15+00:00,0.0
2021-04-14 16:55:57+00:00,1.0
2021-04-16 19:32:01+00:00,0.0
2021-04-08 07:05:27+00:00,1.0
2021-04-28 02:49:32+00:00,0.0
2021-04-23 19:18:14+00:00,1.0
2021-04-19 01:26:40+00:00,1.0
2021-05-02 03:26:51+00:00,0.0
2021-04-07 15:24:10+00:00,1.0
2021-04-16 00:59:08+00:00,2.0
2021-04-19 12:09:06+00:00,1.0
2021-04-21 10:19:30+00:00,0.0
2021-04-17 19:30:33+00:00,2.0
2021-04-16 22:37:21+00:00,0.0
2021-04-24 19:32:21+00:00,1.0
2021-04-26 04:30:01+00:00,0.0
2021-04-09 14:20:43+00:00,1.0
2021-04-24 11:04:58+00:00,1.0
2021-04-16 19:43:51+00:00,0.0
2021-04-10 01:14:54+00:00,1.95
2021-04-16 22:54:54+00:00,0.0
2021-04-17 09:58:08+00:00,0.0
2021-04-22 13:31:25+00:00,0.0
2021-05-02 17:17:41+00:00,1.0
2021-04-14 19:01:14+00:00,1.0
2021-05-03 04:28:31+00:00,1.0
2021-04-26 10:01:56+00:00,0.0
2021-04-27 22:56:04+00:00,0.0
2021-04-18 20:38:09+00:00,1.0
2021-04-22 09:32:14+00:00,0.0
2021-04-17 05:56:11+00:00,0.0
2021-04-20 07:00:22+00:00,1.0
2021-04-07 03:24:04+00:00,1.0
2021-04-15 03:54:46+00:00,1.0
2021-04-12 01:58:33+00:00,1.0
2021-05-03 12:11:05+00:00,1.0
2021-04-26 05:22:25+00:00,0.0
2021-04-10 05:48:45+00:00,1.95
2021-04-16 13:59:57+00:00,1.0
2021-04-16 21:15:31+00:00,0.0
2021-04-16 06:09:09+00:00,1.0
2021-04-23 00:45:06+00:00,3.0
2021-04-06 22:28:46+00:00,1.0
2021-04-12 03:59:30+00:00,2.0
2021-04-14 01:48:50+00:00,2.0
2021-04-27 11:24:31+00:00,0.0
2021-04-23 15:14:28+00:00,5.0
2021-04-07 14:01:47+00:00,1.0
2021-05-02 11:35:04+00:00,0.0
2021-04-17 10:40:56+00:00,0.0
2021-04-07 11:01:45+00:00,1.0
2021-04-08 15:22:37+00:00,1.0
2021-04-21 21:53:48+00:00,0.0
2021-04-08 02:34:24+00:00,1.0
2021-04-26 19:53:54+00:00,0.0
2021-04-08 19:46:20+00:00,1.0
2021-05-03 18:57:44+00:00,1.0
2021-04-17 21:21:25+00:00,1.0
2021-04-07 22:44:15+00:00,1.0
2021-04-24 00:11:56+00:00,1.0
2021-04-13 06:32:51+00:00,1.0
2021-04-09 02:58:52+00:00,2.0
2021-04-17 03:36:13+00:00,0.0
2021-05-01 23:48:22+00:00,0.0
2021-04-10 15:39:15+00:00,135.0
2021-04-10 07:08:51+00:00,1.95
2021-04-22 19:05:32+00:00,0.0
2021-04-17 12:12:21+00:00,0.0
2021-04-14 13:28:55+00:00,2.0
2021-04-07 01:51:36+00:00,1.0
2021-05-02 19:01:08+00:00,1.0
2021-05-03 10:25:26+00:00,1.0
2021-04-28 20:57:52+00:00,1.0
2021-04-09 09:28:06+00:00,1.0
2021-04-26 00:45:44+00:00,0.0
2021-04-17 01:03:57+00:00,0.0
2021-04-09 21:33:57+00:00,1.0
2021-04-06 03:25:15+00:00,1.0
2021-04-14 05:51:45+00:00,2.0
2021-04-08 07:42:18+00:00,1.0
2021-04-05 22:32:03+00:00,1.0
2021-04-26 22:14:37+00:00,0.0
2021-04-21 00:34:46+00:00,0.0
2021-05-02 12:22:08+00:00,0.0
2021-04-21 11:29:39+00:00,0.0
2021-04-27 23:11:14+00:00,0.0
2021-04-27 12:17:24+00:00,0.0
2021-04-15 09:28:52+00:00,38.0
2021-04-13 21:41:11+00:00,2.0
2021-04-27 09:05:29+00:00,0.0
2021-04-09 11:49:45+00:00,1.0
2021-04-15 08:50:54+00:00,11.0
2021-04-06 00:45:25+00:00,1.0
2021-04-11 13:06:13+00:00,2.0
2021-04-16 21:17:08+00:00,0.0
2021-05-02 05:29:02+00:00,0.0
2021-04-09 17:03:38+00:00,1.0
2021-04-25 20:46:45+00:00,0.0
2021-04-24 01:22:48+00:00,1.0
2021-04-29 22:58:05+00:00,0.0
2021-04-19 07:22:44+00:00,1.0
2021-04-24 18:46:33+00:00,1.0
2021-04-09 23:52:24+00:00,1.95
2021-05-03 08:18:48+00:00,1.0
2021-05-01 20:54:23+00:00,0.0
2021-04-12 21:09:35+00:00,1.0
2021-04-25 13:54:56+00:00,1.0
2021-04-16 10:59:54+00:00,1.0
2021-05-02 12:52:34+00:00,0.0
2021-04-15 01:24:42+00:00,2.0
2021-04-15 04:04:43+00:00,2.0
2021-04-06 19:40:45+00:00,1.0
2021-04-14 11:42:45+00:00,1.0
2021-04-08 20:49:34+00:00,1.0
2021-04-17 12:58:25+00:00,0.0
2021-04-23 20:44:57+00:00,1.0
2021-04-05 06:24:21+00:00,1.0
2021-04-27 10:23:50+00:00,0.0
2021-04-05 03:43:50+00:00,1.0
2021-04-23 23:31:25+00:00,1.0
2021-04-30 16:37:51+00:00,0.0
2021-04-30 00:40:19+00:00,0.0
2021-04-12 01:57:32+00:00,2.0
2021-04-24 09:45:55+00:00,1.0
2021-05-01 21:47:13+00:00,0.0
2021-04-28 01:16:19+00:00,0.0
2021-04-22 19:38:41+00:00,0.0
2021-04-15 12:36:04+00:00,2.0
2021-04-06 04:22:32+00:00,1.0
2021-05-01 19:49:42+00:00,0.0
2021-04-24 18:58:29+00:00,1.0
2021-04-26 19:14:35+00:00,0.0
2021-04-19 02:14:10+00:00,1.0
2021-04-07 04:56:35+00:00,1.0
2021-04-18 14:39:25+00:00,1.0
2021-04-21 05:00:08+00:00,0.0
2021-04-09 10:38:37+00:00,2.0
2021-04-22 15:40:51+00:00,0.0
2021-04-10 08:40:29+00:00,1.95
2021-04-28 08:13:53+00:00,0.0
2021-04-26 02:53:22+00:00,0.0
2021-04-17 17:56:04+00:00,1.0
2021-04-06 20:22:59+00:00,1.0
2021-04-10 11:44:44+00:00,1.95
2021-04-17 15:00:10+00:00,0.0
2021-05-03 15:09:59+00:00,1.0
2021-04-21 07:13:45+00:00,0.0
2021-04-10 22:53:23+00:00,1.0
2021-04-22 12:13:07+00:00,0.0
2021-04-12 14:42:15+00:00,1.0
2021-04-26 10:46:47+00:00,0.0
2021-04-07 20:09:04+00:00,1.0
2021-04-13 07:10:08+00:00,1.0
2021-05-03 08:35:16+00:00,1.0
2021-05-02 02:41:12+00:00,0.0
2021-04-18 00:23:52+00:00,2.0
2021-05-03 06:16:55+00:00,1.0
2021-04-12 12:17:42+00:00,1.0
2021-05-01 06:07:36+00:00,0.0
2021-04-26 01:12:43+00:00,0.0
2021-04-27 23:03:15+00:00,0.0
2021-05-02 01:25:51+00:00,0.0
2021-04-19 13:22:17+00:00,1.0
2021-04-24 06:09:37+00:00,1.0
2021-04-07 03:39:26+00:00,1.0
2021-04-18 08:16:02+00:00,1.0
2021-04-27 08:03:09+00:00,0.0
2021-04-18 10:04:56+00:00,1.0
2021-04-10 05:32:09+00:00,1.95
2021-04-13 22:24:57+00:00,1.0
2021-04-20 22:00:27+00:00,0.0
2021-04-06 21:27:07+00:00,1.0
2021-04-27 22:06:53+00:00,0.0
2021-04-05 08:47:21+00:00,1.0
2021-05-03 16:44:07+00:00,1.0
2021-04-13 03:51:55+00:00,1.0
2021-04-18 02:31:05+00:00,1.0
2021-04-05 23:08:48+00:00,1.0
2021-04-28 22:02:37+00:00,0.0
2021-04-05 13:54:38+00:00,1.0
2021-04-30 18:44:15+00:00,0.0
2021-04-25 03:41:15+00:00,1.0
2021-04-25 15:23:22+00:00,1.0
2021-04-05 23:40:07+00:00,1.0
2021-04-16 08:23:55+00:00,1.0
2021-04-23 12:53:55+00:00,437.0
2021-04-08 21:32:33+00:00,1.0
2021-04-14 12:48:43+00:00,1.0
2021-04-27 21:17:33+00:00,0.0
2021-04-18 01:35:09+00:00,1.0
2021-04-27 12:38:05+00:00,0.0
2021-04-28 11:12:12+00:00,1.0
2021-05-01 05:23:10+00:00,0.0
2021-04-09 16:11:59+00:00,1.0
2021-05-01 20:32:06+00:00,0.0
2021-04-24 06:47:28+00:00,1.0
2021-04-11 02:18:33+00:00,1.0
2021-04-06 11:21:15+00:00,1.0
2021-04-07 10:20:34+00:00,1.0
2021-04-09 15:51:26+00:00,1.0
2021-04-20 13:24:34+00:00,2.0
2021-04-15 22:20:04+00:00,1.0
2021-04-16 04:11:51+00:00,2.0
2021-04-22 21:53:11+00:00,0.0
2021-05-03 18:36:58+00:00,1.0
2021-04-05 19:49:24+00:00,1.0
2021-04-25 11:27:10+00:00,1.0
2021-04-16 01:18:23+00:00,1.0
2021-04-16 14:29:58+00:00,2.0
2021-04-20 04:40:59+00:00,2.0
2021-04-26 21:36:43+00:00,0.0
2021-04-28 16:14:40+00:00,1.0
2021-04-21 11:12:05+00:00,0.0
2021-04-04 22:02:12+00:00,1.0
2021-04-12 04:30:03+00:00,1.0
2021-04-24 06:11:53+00:00,1.0
2021-04-27 02:00:24+00:00,0.0
2021-04-29 15:52:05+00:00,0.0
2021-04-10 09:47:09+00:00,1.95
2021-04-12 01:43:21+00:00,1.0
2021-04-21 06:06:48+00:00,0.0
2021-04-17 07:51:23+00:00,0.0
2021-04-30 18:20:42+00:00,0.0
2021-04-10 09:43:07+00:00,1.95
2021-04-13 15:51:56+00:00,1.0
2021-04-16 03:17:51+00:00,1.0
2021-05-01 17:16:07+00:00,0.0
2021-04-17 20:00:36+00:00,1.0
2021-04-28 06:38:10+00:00,0.0
2021-04-30 22:12:45+00:00,0.0
2021-05-02 16:02:01+00:00,1.0
2021-04-14 17:24:20+00:00,2.0
2021-04-28 19:56:21+00:00,1.0
2021-04-23 03:58:12+00:00,2.0
2021-04-17 05:57:36+00:00,0.0
2021-04-11 14:50:37+00:00,1.0
2021-04-08 07:20:23+00:00,1.0
2021-04-14 18:38:48+00:00,1.0
2021-04-21 22:40:35+00:00,0.0
2021-05-02 17:46:16+00:00,1.0
2021-04-25 18:26:00+00:00,1.0
2021-04-16 14:04:20+00:00,1.0
2021-04-28 21:06:39+00:00,1.0
2021-04-19 18:01:24+00:00,1.0
2021-04-12 22:27:57+00:00,1.0
2021-04-22 09:34:18+00:00,0.0
2021-04-30 04:32:39+00:00,0.0
2021-04-08 00:19:31+00:00,1.0
2021-04-11 09:22:43+00:00,2.0
2021-05-03 03:06:12+00:00,1.0
2021-04-18 04:50:16+00:00,2.0
2021-04-29 08:00:01+00:00,0.0
2021-05-01 01:57:18+00:00,0.0
2021-04-18 04:29:20+00:00,1.0
2021-04-16 20:29:48+00:00,0.0
2021-04-16 00:46:05+00:00,1.0
2021-04-27 06:58:20+00:00,0.0
2021-05-03 15:56:03+00:00,1.0
2021-04-19 06:13:26+00:00,1.0
2021-04-14 06:27:00+00:00,1.0
2021-04-07 12:56:51+00:00,1.0
2021-04-17 02:26:17+00:00,0.0
2021-04-27 22:17:39+00:00,0.0
2021-04-09 15:46:32+00:00,1.0
2021-04-22 02:09:37+00:00,0.0
2021-04-14 09:49:23+00:00,1.0
2021-04-27 20:52:03+00:00,0.0
2021-04-05 07:56:06+00:00,1.0
2021-04-23 07:32:42+00:00,3.0
2021-04-14 08:27:19+00:00,1.0
2021-04-23 13:36:53+00:00,2501.5
2021-05-02 08:22:01+00:00,0.0
2021-05-03 14:41:21+00:00,1.0
2021-05-01 13:46:52+00:00,0.0
2021-04-05 10:28:46+00:00,1.0
2021-04-29 12:16:46+00:00,0.0
2021-04-09 00:32:18+00:00,1.0
2021-05-01 11:21:47+00:00,0.0
2021-04-20 03:10:53+00:00,1.0
2021-04-21 22:33:38+00:00,0.0
2021-04-23 20:14:30+00:00,1.0
2021-04-08 00:23:07+00:00,2.0
2021-05-01 22:12:43+00:00,0.0
2021-04-27 08:19:21+00:00,0.0
2021-04-07 04:18:05+00:00,1.0
2021-04-22 17:41:36+00:00,0.0
2021-04-11 18:21:48+00:00,2.0
2021-04-30 14:59:20+00:00,0.0
2021-04-27 10:40:02+00:00,0.0
2021-04-12 22:26:44+00:00,1.0
2021-04-09 16:32:29+00:00,2.0
2021-04-24 14:39:50+00:00,1.0
2021-04-24 23:09:59+00:00,1.0
2021-04-12 06:55:27+00:00,1.0
2021-04-07 10:59:11+00:00,1.0
2021-04-23 22:48:55+00:00,1.0
2021-04-30 21:55:05+00:00,0.0
2021-04-19 19:19:02+00:00,1.0
2021-04-11 06:21:35+00:00,2.0
2021-04-11 22:05:43+00:00,2.0
2021-04-08 22:57:58+00:00,2.0
2021-04-08 05:48:21+00:00,1.0
2021-04-27 17:19:13+00:00,0.0
2021-04-08 01:25:10+00:00,1.0
2021-04-21 08:11:01+00:00,0.0
2021-04-10 11:44:02+00:00,1.95
2021-04-17 22:36:13+00:00,1.0
2021-04-21 08:52:37+00:00,0.0
2021-04-07 12:02:23+00:00,1.0
2021-04-23 10:53:35+00:00,110.0
2021-04-27 02:02:34+00:00,0.0
2021-04-25 15:46:14+00:00,1.0
2021-04-19 06:49:17+00:00,1.0
2021-04-18 00:53:25+00:00,1.0
2021-04-29 16:30:24+00:00,0.0
2021-04-06 09:59:03+00:00,1.0
2021-04-12 15:19:14+00:00,1.0
2021-04-11 19:52:06+00:00,1.0
2021-04-22 11:15:33+00:00,0.0
2021-04-13 03:23:48+00:00,1.0
2021-04-15 21:43:48+00:00,1.0
2021-05-01 06:52:45+00:00,0.0
2021-04-27 20:07:33+00:00,0.0
2021-04-17 07:56:37+00:00,0.0
2021-04-11 05:55:50+00:00,1.0
2021-04-25 06:42:25+00:00,1.0
2021-04-27 22:51:32+00:00,0.0
2021-04-24 03:47:06+00:00,1.0
2021-05-02 16:12:43+00:00,1.0
2021-04-15 06:01:27+00:00,1.0
2021-05-03 03:21:17+00:00,1.0
2021-04-10 18:18:55+00:00,1.0
2021-04-28 11:46:46+00:00,1.0
2021-04-07 21:01:03+00:00,1.0
2021-04-22 12:29:25+00:00,0.0
2021-04-20 12:42:56+00:00,1.0
2021-04-09 05:55:18+00:00,1.0
2021-05-02 03:41:40+00:00,0.0
2021-04-20 20:06:06+00:00,1.0
2021-04-11 16:46:53+00:00,2.0
2021-04-27 08:27:29+00:00,0.0
2021-04-24 06:17:52+00:00,1.0
2021-04-12 02:04:58+00:00,1.0
2021-04-12 00:49:06+00:00,1.0
2021-04-12 09:51:20+00:00,1.0
2021-04-05 18:40:47+00:00,1.0
2021-05-03 04:58:35+00:00,1.0
2021-04-04 23:59:13+00:00,1.0
2021-04-28 07:35:57+00:00,0.0
2021-04-10 12:12:13+00:00,1.95
2021-04-05 13:01:41+00:00,1.0
2021-04-06 14:49:50+00:00,1.0
2021-04-30 11:17:12+00:00,0.0
2021-04-16 03:48:25+00:00,1.0
2021-04-09 00:02:45+00:00,1.0
2021-04-11 08:00:37+00:00,1.0
2021-04-30 23:01:17+00:00,0.0
2021-05-03 03:11:40+00:00,1.0
2021-04-16 10:50:23+00:00,1.0
2021-04-05 09:00:16+00:00,1.0
2021-04-07 18:29:37+00:00,1.0
2021-04-13 12:02:39+00:00,1.0
2021-04-06 13:05:34+00:00,1.0
2021-04-21 03:37:57+00:00,0.0
2021-04-17 18:43:08+00:00,1.0
2021-04-11 14:04:54+00:00,1.0
2021-04-15 06:25:54+00:00,2.0
2021-04-19 15:07:17+00:00,1.0
2021-04-13 20:22:04+00:00,1.0
2021-04-30 08:41:34+00:00,0.0
2021-04-07 02:13:47+00:00,1.0
2021-04-29 04:39:38+00:00,0.0
2021-04-27 22:20:15+00:00,0.0
2021-05-01 18:21:44+00:00,0.0
2021-04-10 17:38:30+00:00,1.0
2021-04-25 07:45:38+00:00,1.0
2021-04-22 12:52:57+00:00,0.0
2021-04-26 01:02:57+00:00,0.0
2021-04-24 10:55:30+00:00,1.0
2021-04-25 15:03:33+00:00,1.0
2021-04-29 17:38:44+00:00,0.0
2021-04-20 12:40:59+00:00,1.5
2021-04-20 10:41:43+00:00,1.0
2021-04-17 15:23:24+00:00,0.0
2021-04-07 19:41:50+00:00,1.0
2021-04-16 09:58:42+00:00,1.0
2021-04-19 10:25:24+00:00,1.0
2021-04-08 00:55:37+00:00,1.0
2021-04-08 21:52:09+00:00,1.0
2021-04-14 13:38:50+00:00,1.0
2021-04-20 22:29:32+00:00,0.0
2021-04-16 13:30:56+00:00,1.0
2021-04-08 05:15:12+00:00,1.0
2021-04-21 11:28:11+00:00,0.0
2021-04-16 00:44:05+00:00,1.0
2021-04-20 14:01:27+00:00,1.0
2021-04-27 07:38:51+00:00,0.0
2021-04-20 05:12:27+00:00,1.0
2021-04-06 17:13:52+00:00,1.0
2021-04-26 14:52:42+00:00,0.0
2021-04-25 12:15:35+00:00,1.0
2021-04-05 14:01:17+00:00,1.0
2021-04-27 15:32:48+00:00,0.0
2021-04-23 06:55:24+00:00,3.0
2021-05-01 10:41:38+00:00,0.0
2021-04-28 17:28:25+00:00,1.0
2021-04-16 17:14:06+00:00,0.0
2021-04-05 16:05:06+00:00,1.0
2021-04-16 22:24:12+00:00,0.0
2021-04-16 14:13:02+00:00,1.0
2021-05-02 08:01:14+00:00,0.0
2021-04-08 04:03:43+00:00,1.0
2021-04-14 06:30:24+00:00,2.0
2021-04-25 09:32:23+00:00,86.0
2021-04-28 02:11:43+00:00,0.0
2021-05-01 08:09:37+00:00,0.0
2021-04-13 09:00:36+00:00,1.0
2021-04-23 17:45:12+00:00,1.0
2021-04-21 19:44:24+00:00,1.0714285714285714
2021-04-12 06:36:14+00:00,2.0
2021-04-10 22:57:12+00:00,2.0
2021-04-27 00:44:06+00:00,0.0
2021-04-29 05:52:26+00:00,0.0
2021-04-10 02:11:19+00:00,1.95
2021-04-22 23:36:02+00:00,3.0
2021-04-21 04:13:16+00:00,0.0
2021-04-07 14:56:33+00:00,1.0
2021-04-08 16:24:13+00:00,1.0
2021-04-05 23:26:47+00:00,1.0
2021-04-18 01:23:06+00:00,1.0
2021-04-12 03:38:15+00:00,2.0
2021-04-12 01:41:38+00:00,2.0
2021-05-03 03:56:19+00:00,1.0
2021-04-30 23:05:29+00:00,0.0
2021-04-25 12:57:35+00:00,1.0
2021-04-20 21:44:06+00:00,1.0
2021-05-01 08:43:08+00:00,0.0
2021-05-01 00:45:57+00:00,0.0
2021-04-21 14:23:56+00:00,0.0
2021-04-07 16:29:32+00:00,1.0
2021-04-24 01:44:56+00:00,1.0
2021-04-28 12:02:05+00:00,1.0
2021-04-14 00:07:15+00:00,1.0
2021-04-09 10:24:19+00:00,1.0
2021-04-08 07:01:14+00:00,1.0
2021-04-16 20:21:36+00:00,0.0
2021-04-22 16:58:07+00:00,0.0
2021-04-23 07:49:24+00:00,8.5
2021-04-26 21:40:10+00:00,0.0
2021-04-23 07:19:11+00:00,4.0
2021-04-05 12:34:04+00:00,1.0
2021-04-28 21:52:38+00:00,0.0
2021-05-02 07:03:03+00:00,0.0
2021-04-11 18:30:27+00:00,1.0
2021-04-16 02:31:43+00:00,2.0
2021-04-11 11:54:13+00:00,1.0
2021-04-09 17:12:13+00:00,1.0
2021-04-14 03:19:19+00:00,1.0
2021-04-08 23:48:26+00:00,2.0
2021-05-01 11:16:35+00:00,0.0
2021-04-28 06:50:58+00:00,0.0
2021-04-12 14:47:24+00:00,1.0
2021-04-24 06:22:05+00:00,1.0
2021-04-26 23:17:45+00:00,0.0
2021-04-26 03:35:41+00:00,0.0
2021-05-01 20:18:00+00:00,0.0
2021-04-16 03:29:52+00:00,1.0
2021-04-09 00:31:32+00:00,1.0
2021-04-21 17:51:54+00:00,1.0
2021-04-28 21:26:28+00:00,1.0
2021-04-30 05:44:23+00:00,0.0
2021-04-21 09:30:32+00:00,0.0
2021-04-25 08:04:47+00:00,1.0
2021-04-21 04:24:42+00:00,0.0
2021-04-15 19:31:08+00:00,2.0
2021-04-25 16:06:48+00:00,1.0
2021-04-20 13:25:03+00:00,1.0
2021-04-27 01:23:02+00:00,0.0
2021-05-03 21:04:32+00:00,1.0
2021-04-16 07:37:48+00:00,2.0
2021-04-05 20:13:40+00:00,1.0
2021-04-26 19:09:50+00:00,0.0
2021-04-21 00:51:09+00:00,0.0
2021-04-05 13:33:26+00:00,1.0
2021-04-22 18:53:21+00:00,0.0
2021-04-20 00:06:09+00:00,1.0
2021-04-19 11:15:41+00:00,1.0
2021-04-24 20:05:21+00:00,1.0
2021-05-03 16:41:30+00:00,1.0
2021-04-10 22:09:18+00:00,2.0
2021-04-20 23:05:41+00:00,0.0
2021-04-07 00:11:45+00:00,1.0
2021-04-16 19:56:46+00:00,0.0
2021-04-08 04:10:28+00:00,1.0
2021-04-10 19:08:07+00:00,1.0
2021-04-16 13:00:51+00:00,1.0
2021-05-01 22:38:39+00:00,0.0
2021-04-19 03:52:47+00:00,1.0
2021-04-08 05:29:32+00:00,1.0
2021-04-25 01:55:12+00:00,1.0
2021-04-25 19:59:17+00:00,0.0
2021-04-20 23:24:56+00:00,0.0
2021-04-24 00:03:46+00:00,1.0
2021-04-20 07:19:34+00:00,1.0
2021-04-10 02:32:08+00:00,1.95
2021-04-30 00:16:42+00:00,0.0
2021-04-12 21:04:55+00:00,1.0
2021-04-18 13:38:58+00:00,1.0
2021-04-11 19:36:10+00:00,1.0
2021-04-20 02:47:46+00:00,1.0
2021-04-25 20:48:10+00:00,0.0
2021-04-05 18:28:01+00:00,1.0
2021-04-23 08:42:50+00:00,8.5
2021-04-07 19:50:26+00:00,1.0
2021-04-14 21:20:34+00:00,2.0
2021-04-25 02:32:13+00:00,1.0
2021-04-14 20:02:07+00:00,1.0
2021-04-10 08:48:32+00:00,1.95
2021-04-19 06:49:39+00:00,2.0
2021-04-05 19:45:00+00:00,1.0
2021-04-18 08:28:46+00:00,1.0
2021-04-21 14:49:25+00:00,0.0
2021-04-22 14:35:28+00:00,0.0
2021-04-21 08:07:45+00:00,0.0
2021-04-16 19:22:20+00:00,0.0
2021-04-12 11:09:59+00:00,1.0
2021-04-16 06:27:45+00:00,2.0
2021-04-11 22:14:44+00:00,2.0
2021-04-30 08:28:35+00:00,0.0
2021-04-15 20:16:02+00:00,1.0
2021-04-30 08:46:23+00:00,0.0
2021-04-26 21:23:31+00:00,0.0
2021-04-10 06:08:14+00:00,1.95
2021-04-10 09:14:24+00:00,1.95
2021-04-18 08:43:17+00:00,1.0
2021-04-20 23:37:41+00:00,0.0
2021-04-07 17:11:39+00:00,1.0
2021-04-05 07:08:26+00:00,1.0
2021-05-03 07:25:20+00:00,1.0
2021-04-07 23:16:46+00:00,1.0
2021-04-05 14:02:10+00:00,1.0
2021-04-13 10:24:26+00:00,1.0
2021-04-14 23:13:27+00:00,1.0
2021-04-29 07:41:35+00:00,0.0
2021-04-21 04:36:24+00:00,0.0
2021-04-27 02:22:06+00:00,0.0
2021-04-09 21:00:35+00:00,2.0
2021-04-15 05:04:46+00:00,2.0
2021-05-01 07:28:23+00:00,0.0
2021-04-14 19:30:00+00:00,2.0
2021-05-01 21:13:54+00:00,0.0
2021-04-07 20:29:19+00:00,1.0
2021-04-23 05:32:49+00:00,3.0
2021-04-28 10:02:25+00:00,1.0
2021-04-06 11:52:23+00:00,1.0
2021-04-15 20:36:57+00:00,1.0
2021-04-17 06:11:05+00:00,0.0
2021-04-20 17:33:45+00:00,2.0
2021-04-16 04:12:23+00:00,2.0
2021-05-01 14:46:49+00:00,0.0
2021-04-23 17:27:31+00:00,1.0
2021-04-19 08:06:19+00:00,2.0
2021-05-03 08:09:53+00:00,1.0
2021-05-01 22:08:24+00:00,0.0
2021-04-15 05:12:28+00:00,1.0
2021-04-27 05:27:20+00:00,0.0
2021-05-03 13:50:14+00:00,1.0
2021-04-13 15:42:59+00:00,2.0
2021-04-22 02:16:29+00:00,0.0
2021-04-08 22:42:02+00:00,1.0
2021-04-22 09:30:41+00:00,0.0
2021-05-01 17:44:39+00:00,0.0
2021-04-27 13:46:40+00:00,0.0
2021-04-16 03:45:32+00:00,1.0
2021-04-19 19:45:20+00:00,1.0
2021-04-27 03:59:43+00:00,0.0
2021-04-11 13:33:58+00:00,1.0
2021-04-13 01:05:32+00:00,1.0
2021-04-23 10:47:27+00:00,114.0
2021-04-27 07:14:32+00:00,0.0
2021-04-26 01:27:11+00:00,0.0
2021-04-16 06:25:10+00:00,1.0
2021-04-26 11:06:22+00:00,0.0
2021-04-06 04:22:31+00:00,1.0
2021-04-28 12:01:15+00:00,1.0
2021-04-07 22:12:48+00:00,1.0
2021-04-07 04:16:47+00:00,1.0
2021-04-16 17:54:44+00:00,0.0
2021-04-30 02:38:48+00:00,0.0
2021-04-08 22:22:15+00:00,1.0
2021-04-15 01:55:51+00:00,2.0
2021-04-21 00:31:16+00:00,0.0
2021-04-29 15:08:06+00:00,0.0
2021-05-01 11:51:23+00:00,0.0
2021-04-11 15:12:29+00:00,1.0
2021-04-20 07:17:32+00:00,1.0
2021-04-06 05:09:36+00:00,1.0
2021-04-23 05:38:35+00:00,3.0
2021-04-07 13:12:42+00:00,1.0
2021-05-03 08:52:43+00:00,1.0
2021-04-16 01:15:24+00:00,1.0
2021-04-25 01:53:07+00:00,1.0
2021-04-29 07:33:30+00:00,0.0
2021-04-27 22:04:10+00:00,0.0
2021-05-01 09:28:08+00:00,0.0
2021-05-01 02:00:44+00:00,0.0
2021-04-17 14:52:22+00:00,0.0
2021-05-02 18:52:39+00:00,1.0
2021-04-26 23:15:44+00:00,0.0
2021-04-14 08:39:31+00:00,1.0
2021-04-20 16:37:27+00:00,1.0
2021-04-17 11:16:18+00:00,0.0
2021-04-19 22:34:45+00:00,2.0
2021-04-07 08:50:25+00:00,1.0
2021-04-17 07:38:45+00:00,0.0
2021-04-21 15:24:36+00:00,0.0
2021-04-23 22:53:11+00:00,1.0
2021-04-07 12:35:14+00:00,1.0
2021-04-10 15:37:28+00:00,160.0
2021-04-09 20:02:54+00:00,1.0
2021-04-13 01:02:40+00:00,1.0
2021-04-06 13:05:15+00:00,1.0
2021-04-27 19:22:43+00:00,0.0
2021-04-23 17:07:34+00:00,1.0
2021-04-22 23:25:30+00:00,3.0
2021-04-06 17:49:40+00:00,1.0
2021-04-27 08:41:37+00:00,0.0
2021-04-17 18:53:29+00:00,1.0
2021-04-20 14:25:40+00:00,1.0
2021-04-21 21:49:09+00:00,0.0
2021-04-16 16:56:42+00:00,2.0
2021-04-26 17:40:37+00:00,0.0
2021-04-15 19:29:14+00:00,1.0
2021-04-29 16:15:52+00:00,0.0
2021-04-18 01:53:41+00:00,1.0
2021-04-10 03:19:08+00:00,1.95
2021-05-03 23:47:09+00:00,1.0
2021-05-02 15:59:39+00:00,1.0
2021-04-07 19:04:48+00:00,1.0
2021-04-29 05:37:44+00:00,0.0
2021-04-15 16:34:16+00:00,1.0
2021-04-16 21:33:46+00:00,0.0
2021-04-16 17:59:39+00:00,0.0
2021-04-09 09:07:03+00:00,1.0
2021-05-03 10:30:50+00:00,1.0
2021-04-23 16:58:22+00:00,1.0
2021-04-22 14:02:05+00:00,0.0
2021-05-01 16:56:57+00:00,0.0
2021-04-07 17:01:48+00:00,1.0
2021-04-25 11:46:29+00:00,1.0
2021-05-03 00:15:29+00:00,1.0
2021-04-05 06:27:58+00:00,1.0
2021-04-10 01:45:15+00:00,1.95
2021-04-25 13:25:05+00:00,1.0
2021-04-07 14:54:22+00:00,1.0
2021-04-18 21:23:41+00:00,2.0
2021-04-09 05:35:48+00:00,1.0
2021-04-28 02:59:59+00:00,0.0
2021-04-14 22:59:29+00:00,1.0
2021-04-10 22:41:36+00:00,2.0
2021-04-09 11:38:25+00:00,1.0
2021-04-05 20:37:36+00:00,1.0
2021-04-15 15:52:16+00:00,1.0
2021-04-20 22:09:47+00:00,0.0
2021-04-13 20:15:47+00:00,1.0
2021-04-05 06:12:05+00:00,1.0
2021-04-12 22:59:40+00:00,1.0
2021-04-22 13:44:58+00:00,0.0
2021-04-16 23:26:56+00:00,0.0
2021-05-02 17:16:33+00:00,1.0
2021-04-06 00:24:54+00:00,1.0
2021-04-12 18:34:51+00:00,1.0
2021-05-02 07:50:50+00:00,0.0
2021-05-02 09:10:47+00:00,0.0
2021-04-07 03:11:34+00:00,1.0
2021-04-30 14:25:17+00:00,0.0
2021-04-29 03:30:25+00:00,0.0
2021-04-30 02:28:57+00:00,0.0
2021-04-08 09:42:25+00:00,89.0
2021-04-07 23:46:53+00:00,1.0
2021-05-03 17:12:55+00:00,1.0
2021-04-06 17:05:03+00:00,1.0
2021-04-19 07:14:58+00:00,2.0
2021-04-10 15:28:38+00:00,169.0
2021-04-12 19:46:56+00:00,1.0
2021-05-01 20:13:36+00:00,0.0
2021-05-01 05:24:35+00:00,0.0
2021-04-16 03:44:11+00:00,1.0
2021-04-22 01:12:31+00:00,0.0
2021-05-01 18:05:52+00:00,0.0
2021-04-16 06:23:56+00:00,2.0
2021-04-09 08:22:23+00:00,1.0
2021-05-01 18:38:11+00:00,0.0
2021-04-16 21:18:00+00:00,0.0
2021-04-10 19:28:22+00:00,1.0
2021-04-25 11:51:17+00:00,1.0
2021-05-01 08:19:11+00:00,0.0
2021-05-01 05:12:56+00:00,0.0
2021-04-29 20:50:18+00:00,0.0
2021-04-05 23:30:43+00:00,1.0
2021-05-02 11:42:03+00:00,0.0
2021-04-16 00:11:22+00:00,1.0
2021-04-25 22:32:02+00:00,0.0
2021-04-16 00:32:16+00:00,1.0
2021-04-17 21:38:51+00:00,2.0
2021-04-17 13:33:35+00:00,0.0
2021-04-16 18:43:53+00:00,0.0
2021-04-16 04:28:24+00:00,2.0
2021-05-02 07:06:24+00:00,0.0
2021-04-27 01:34:02+00:00,0.0
2021-04-24 04:49:47+00:00,1.0
2021-04-07 12:41:55+00:00,1.0
2021-04-23 02:19:25+00:00,3.0
2021-04-27 02:00:13+00:00,0.0
2021-04-09 03:44:39+00:00,2.0
2021-04-10 09:02:17+00:00,1.95
2021-04-04 21:51:51+00:00,1.0
2021-04-24 21:29:07+00:00,1.0
2021-04-08 01:06:35+00:00,1.0
2021-04-15 04:24:10+00:00,2.0
2021-04-22 04:19:58+00:00,0.0
2021-04-30 09:43:03+00:00,0.0
2021-05-02 04:05:48+00:00,0.0
2021-04-17 04:28:37+00:00,0.0
2021-04-24 09:33:56+00:00,1.0
2021-04-13 20:05:21+00:00,1.0
2021-04-14 19:31:50+00:00,1.0
2021-04-25 08:18:06+00:00,1.0
2021-05-03 01:00:25+00:00,1.0
2021-04-08 09:41:52+00:00,81.0
2021-04-22 04:04:11+00:00,0.0
2021-04-26 09:31:59+00:00,0.0
2021-04-22 04:59:37+00:00,0.0
2021-05-03 03:42:10+00:00,1.0
2021-04-06 00:44:28+00:00,1.0
2021-04-25 00:07:01+00:00,1.0
2021-04-08 00:28:15+00:00,1.0
2021-04-17 14:09:41+00:00,0.0
2021-04-13 23:55:13+00:00,2.0
2021-05-01 03:54:51+00:00,0.0
2021-04-07 00:57:23+00:00,1.0
2021-04-15 20:57:13+00:00,1.0
2021-05-02 13:24:20+00:00,2485.0
2021-04-26 09:24:57+00:00,0.0
2021-04-22 16:01:56+00:00,0.0
2021-04-07 02:03:46+00:00,1.0
2021-05-01 10:19:05+00:00,0.0
2021-05-01 11:55:28+00:00,0.0
2021-04-26 18:20:55+00:00,0.0
2021-04-21 00:21:28+00:00,0.0
2021-04-23 08:39:22+00:00,8.5
2021-04-29 02:17:36+00:00,0.0
2021-04-12 12:27:02+00:00,1.0
2021-04-21 16:19:23+00:00,312.0
2021-04-09 19:07:04+00:00,1.0
2021-04-28 05:50:02+00:00,0.0
2021-04-16 05:23:22+00:00,2.0
2021-04-09 05:12:31+00:00,1.0
2021-04-28 08:40:30+00:00,2541.0
2021-04-23 00:49:07+00:00,3.0
2021-04-17 02:54:21+00:00,0.0
2021-04-07 18:44:34+00:00,1.0
2021-04-05 02:39:39+00:00,1.0
2021-04-21 10:13:37+00:00,0.0
2021-04-30 21:59:24+00:00,0.0
2021-04-29 15:11:36+00:00,0.0
2021-04-28 02:35:01+00:00,0.0
2021-04-27 09:08:33+00:00,0.0
2021-04-27 07:42:04+00:00,0.0
2021-04-23 04:31:07+00:00,2.0
2021-04-25 11:42:41+00:00,1.0
2021-04-17 13:03:17+00:00,0.0
2021-04-20 05:48:09+00:00,1.0
2021-04-07 11:55:04+00:00,1.0
2021-04-25 13:59:10+00:00,1.0
2021-04-24 15:17:41+00:00,1.0
2021-04-12 19:14:35+00:00,1.0
2021-04-19 22:11:02+00:00,1.0
2021-04-23 03:25:17+00:00,3.0
2021-04-12 14:15:15+00:00,1.0
2021-04-21 11:16:26+00:00,0.0
2021-04-16 11:24:10+00:00,1.0
2021-04-28 23:42:05+00:00,0.0
2021-05-01 03:57:08+00:00,0.0
2021-04-13 20:27:45+00:00,2.0
2021-04-15 05:30:58+00:00,1.0
2021-04-27 01:23:30+00:00,0.0
2021-04-18 20:25:13+00:00,1.0
2021-04-17 11:17:55+00:00,0.0
2021-04-17 16:12:39+00:00,0.0
2021-04-29 18:38:15+00:00,0.0
2021-04-13 09:40:04+00:00,2.0
2021-04-14 05:25:58+00:00,1.0
2021-04-08 08:08:09+00:00,1.0
2021-04-28 11:30:05+00:00,1.0
2021-05-02 07:57:02+00:00,0.0
2021-04-13 22:52:53+00:00,2.0
2021-04-20 23:32:31+00:00,0.0
2021-04-14 10:49:02+00:00,1.0
2021-04-24 20:50:14+00:00,1.0
2021-04-10 11:52:09+00:00,1.95
2021-04-09 10:09:10+00:00,1.0
2021-04-28 13:36:33+00:00,1.0
2021-04-30 20:37:07+00:00,0.0
2021-04-16 19:08:01+00:00,0.0
2021-05-02 00:00:15+00:00,0.0
2021-04-06 20:43:56+00:00,1.0
2021-04-05 20:36:09+00:00,1.0
2021-04-28 12:24:41+00:00,1.0
2021-04-17 14:01:37+00:00,0.0
2021-04-07 05:57:05+00:00,1.0
2021-04-29 00:45:17+00:00,0.0
2021-04-18 11:25:14+00:00,2.0
2021-04-21 06:46:28+00:00,0.0
2021-04-22 02:19:09+00:00,0.0
2021-05-03 17:08:31+00:00,1.0
2021-04-07 20:31:49+00:00,1.0
2021-04-19 03:54:37+00:00,1.0
2021-04-27 06:27:49+00:00,0.0
2021-04-09 09:59:45+00:00,1.0
2021-04-19 06:50:09+00:00,1.0
2021-05-01 16:00:08+00:00,0.0
2021-04-29 04:46:37+00:00,0.0
2021-04-29 20:27:49+00:00,0.0
2021-04-21 13:00:51+00:00,0.0
2021-04-09 16:06:45+00:00,1.0
2021-04-14 06:39:28+00:00,1.0
2021-04-22 02:38:47+00:00,0.0
2021-04-07 08:51:07+00:00,1.0
2021-04-16 04:22:29+00:00,1.0
2021-04-07 04:06:01+00:00,1.0
2021-04-17 17:21:57+00:00,0.0
2021-04-14 16:14:01+00:00,1.0
2021-04-05 13:54:27+00:00,1.0
2021-04-25 11:56:37+00:00,1.0
2021-05-01 15:23:43+00:00,0.0
2021-05-02 11:03:53+00:00,0.0
2021-04-20 23:15:03+00:00,0.0
2021-04-20 13:18:15+00:00,1.0
2021-04-17 10:24:57+00:00,0.0
2021-04-28 07:41:14+00:00,0.0
2021-04-23 19:42:16+00:00,1.0
2021-04-23 06:26:40+00:00,4.0
2021-04-23 01:22:33+00:00,3.0
2021-04-24 10:10:20+00:00,1.0
2021-04-09 01:48:31+00:00,2.0
2021-04-09 15:16:02+00:00,1.0
2021-04-15 19:14:03+00:00,1.0
2021-04-08 16:38:09+00:00,1.0
2021-04-24 01:58:37+00:00,1.0
2021-04-07 22:30:57+00:00,1.0
2021-04-24 15:46:49+00:00,1.0
2021-04-28 14:41:46+00:00,1.0
2021-04-29 23:55:10+00:00,0.0
2021-05-03 11:01:27+00:00,1.0
2021-04-16 05:37:56+00:00,2.0
2021-04-14 12:23:41+00:00,1.0
2021-04-08 18:51:57+00:00,1.0
2021-04-26 00:26:41+00:00,0.0
2021-04-20 23:54:33+00:00,0.0
2021-05-02 06:28:07+00:00,0.0
2021-04-21 17:03:36+00:00,5.0
2021-04-15 04:39:17+00:00,2.0
2021-04-19 04:48:43+00:00,1.0
2021-04-10 03:39:20+00:00,1.95
2021-04-11 21:24:06+00:00,1.0
2021-04-13 23:30:44+00:00,1.0
2021-04-30 07:40:21+00:00,0.0
2021-04-11 21:55:02+00:00,1.0
2021-04-23 02:13:46+00:00,3.0
2021-04-13 14:44:29+00:00,1.0
2021-04-25 11:07:03+00:00,1.0
2021-04-20 21:51:12+00:00,1.0
2021-04-23 17:20:02+00:00,1.0
2021-04-16 09:37:05+00:00,2.0
2021-04-05 00:42:43+00:00,1.0
2021-04-23 14:53:20+00:00,390.0
2021-04-12 11:28:33+00:00,1.0
2021-04-26 15:05:38+00:00,0.0
2021-04-28 10:53:13+00:00,1.0
2021-04-16 20:23:17+00:00,0.0
2021-05-03 00:36:16+00:00,1.0
2021-04-10 23:35:57+00:00,1.0
2021-04-13 12:32:27+00:00,2.0
2021-04-17 03:24:42+00:00,0.0
2021-04-11 08:32:20+00:00,1.0
2021-04-30 14:56:46+00:00,0.0
2021-04-27 00:39:56+00:00,0.0
2021-04-30 07:22:25+00:00,0.0
2021-04-14 09:58:20+00:00,1.0
2021-04-11 00:27:16+00:00,1.0
2021-05-01 22:02:48+00:00,0.0
2021-04-30 13:07:11+00:00,0.0
2021-04-28 14:13:19+00:00,1.0
2021-04-06 18:38:57+00:00,1.0
2021-04-30 05:40:47+00:00,0.0
2021-04-05 12:57:51+00:00,1.0
2021-04-12 16:44:48+00:00,2.0
2021-04-27 09:02:17+00:00,0.0
2021-04-05 16:28:42+00:00,1.0
2021-05-03 01:59:54+00:00,1.0
2021-04-26 16:44:30+00:00,0.0
2021-04-15 05:55:50+00:00,1.0
2021-04-19 20:46:46+00:00,1.0
2021-04-27 04:54:17+00:00,0.0
2021-05-01 22:45:01+00:00,0.0
2021-04-08 02:43:05+00:00,1.0
2021-04-13 20:17:25+00:00,1.0
2021-04-26 12:27:15+00:00,0.0
2021-04-29 12:27:49+00:00,0.0
2021-05-01 01:41:37+00:00,0.0
2021-04-19 21:35:15+00:00,1.0
2021-05-02 15:19:24+00:00,1.0
2021-04-19 21:48:12+00:00,1.0
2021-05-03 21:34:36+00:00,1.0
2021-04-14 04:15:23+00:00,1.0
2021-04-19 19:33:58+00:00,1.0
2021-04-22 08:33:41+00:00,0.0
2021-04-21 07:45:16+00:00,0.0
2021-04-06 15:20:20+00:00,1.0
2021-04-17 11:01:23+00:00,0.0
2021-04-10 10:04:57+00:00,1.95
2021-04-17 23:37:32+00:00,2.0
2021-04-11 23:12:33+00:00,2.0
2021-04-19 02:14:11+00:00,1.0
2021-04-17 11:01:40+00:00,0.0
2021-04-20 11:42:50+00:00,2.0
2021-04-28 00:34:25+00:00,0.0
2021-04-22 07:05:27+00:00,0.0
2021-04-23 17:17:24+00:00,1.0
2021-04-22 12:54:20+00:00,0.0
2021-05-02 10:13:57+00:00,0.0
2021-04-08 11:41:01+00:00,1.0
2021-04-26 23:39:31+00:00,0.0
2021-04-13 17:57:31+00:00,1.0
2021-04-29 16:24:33+00:00,0.0
2021-04-07 22:03:32+00:00,1.0
2021-04-08 19:13:09+00:00,1.0
2021-04-08 20:04:18+00:00,1.0
2021-04-09 01:06:44+00:00,1.0
2021-04-30 00:21:10+00:00,0.0
2021-04-25 16:57:55+00:00,1.0
2021-04-25 07:50:51+00:00,1.0
2021-04-12 11:48:47+00:00,2.0
2021-04-16 21:59:04+00:00,0.0
2021-05-01 06:28:54+00:00,0.0
2021-04-22 08:43:20+00:00,0.0
2021-04-30 15:06:54+00:00,0.0
2021-04-09 14:05:14+00:00,2.0
2021-04-17 21:13:51+00:00,2.0
2021-04-22 06:49:05+00:00,0.0
2021-04-23 20:08:44+00:00,1.0
2021-04-08 14:03:01+00:00,1.0
2021-05-02 06:39:41+00:00,0.0
2021-04-18 20:07:32+00:00,1.0
2021-04-27 20:47:19+00:00,0.0
2021-04-09 22:48:59+00:00,1.95
2021-04-05 23:13:04+00:00,1.0
2021-04-24 12:46:19+00:00,1.0
2021-04-07 19:11:02+00:00,1.0
2021-04-25 21:03:27+00:00,0.0
2021-04-13 23:39:44+00:00,2.0
2021-04-27 14:12:25+00:00,0.0
2021-04-16 13:07:59+00:00,1.0
2021-04-17 17:45:23+00:00,2.0
2021-04-07 23:31:52+00:00,1.0
2021-04-22 16:08:02+00:00,0.0
2021-04-25 13:31:21+00:00,1.0
2021-04-09 00:43:39+00:00,1.0
2021-04-15 16:54:56+00:00,1.0
2021-04-29 04:33:55+00:00,0.0
2021-04-15 23:46:03+00:00,1.0
2021-04-24 17:45:51+00:00,1.0
2021-05-03 09:52:51+00:00,1.0
2021-04-28 23:51:22+00:00,0.0
2021-04-21 19:34:40+00:00,2.0
2021-04-22 00:30:00+00:00,0.0
2021-04-25 20:48:49+00:00,0.0
2021-04-21 04:24:52+00:00,0.0
2021-04-18 23:50:44+00:00,2.0
2021-04-25 16:16:28+00:00,1.0
2021-04-07 10:32:34+00:00,1.0
2021-04-15 18:05:00+00:00,1.0
2021-04-23 08:14:47+00:00,8.5
2021-04-23 02:56:45+00:00,3.0
2021-04-26 01:14:39+00:00,0.0
2021-04-22 19:19:52+00:00,0.0
2021-04-10 18:31:30+00:00,2.0
2021-04-15 15:44:54+00:00,1.0
2021-04-09 06:15:21+00:00,1.0
2021-05-01 21:30:35+00:00,0.0
2021-04-29 03:44:00+00:00,0.0
2021-04-12 06:51:35+00:00,1.0
2021-04-28 00:15:56+00:00,0.0
2021-04-10 13:51:31+00:00,1.95
2021-04-19 19:40:53+00:00,1.0
2021-04-30 04:46:00+00:00,0.0
2021-04-21 23:57:53+00:00,0.0
2021-04-25 03:44:53+00:00,1.0
2021-04-08 22:13:06+00:00,2.0
2021-04-06 09:31:00+00:00,1.0
2021-04-26 06:34:49+00:00,0.0
2021-04-26 12:40:10+00:00,0.0
2021-04-10 18:45:13+00:00,1.0
2021-04-18 13:25:17+00:00,1.0
2021-04-23 08:42:00+00:00,8.5
2021-05-02 17:23:57+00:00,1.0
2021-04-30 03:12:12+00:00,0.0
2021-04-09 05:04:44+00:00,2.0
2021-04-30 02:51:34+00:00,0.0
2021-04-05 15:38:09+00:00,1.0
2021-04-16 19:03:54+00:00,0.0
2021-04-09 18:59:31+00:00,1.0
2021-04-18 15:26:48+00:00,2.0
2021-04-26 22:18:48+00:00,0.0
2021-04-27 20:34:59+00:00,0.0
2021-04-21 01:14:39+00:00,0.0
2021-04-28 19:29:17+00:00,1.0
2021-05-03 14:37:36+00:00,1.0
2021-04-10 01:19:16+00:00,1.95
2021-05-02 09:12:14+00:00,0.0
2021-04-28 23:50:03+00:00,0.0
2021-04-05 03:38:53+00:00,1.0
2021-04-15 04:17:38+00:00,2.0
2021-04-30 23:25:04+00:00,0.0
2021-04-06 12:31:34+00:00,1.0
2021-04-04 23:55:01+00:00,1.0
2021-04-16 09:01:19+00:00,1.0
2021-04-12 16:29:05+00:00,2.0
2021-04-27 09:12:47+00:00,0.0
2021-04-06 17:31:14+00:00,1.0
2021-04-04 22:03:10+00:00,1.0
2021-04-22 09:32:24+00:00,0.0
2021-04-23 09:44:32+00:00,90.0
2021-04-15 16:47:04+00:00,1.0
2021-04-05 09:57:03+00:00,1.0
2021-04-14 22:20:47+00:00,1.0
2021-04-30 10:09:12+00:00,0.0
2021-04-11 01:38:46+00:00,2.0
2021-04-27 21:01:55+00:00,0.0
2021-04-26 20:12:33+00:00,0.0
2021-04-26 18:27:20+00:00,0.0
2021-04-15 18:09:14+00:00,1.0
2021-04-10 18:18:12+00:00,2.0
2021-04-30 07:31:19+00:00,0.0
2021-04-13 05:40:18+00:00,1.0
2021-04-27 10:11:45+00:00,0.0
2021-04-19 14:49:33+00:00,1.0
2021-04-14 20:24:34+00:00,1.0
2021-04-12 05:37:48+00:00,1.0
2021-04-08 10:30:23+00:00,1.0
2021-04-25 18:11:55+00:00,1.0
2021-04-29 07:58:33+00:00,0.0
2021-04-27 21:16:35+00:00,0.0
2021-04-14 19:49:18+00:00,1.0
2021-04-21 12:26:44+00:00,0.0
2021-04-10 18:51:20+00:00,1.0
2021-04-17 16:51:16+00:00,0.0
2021-04-21 03:45:22+00:00,0.0
2021-04-23 17:16:27+00:00,1.0
2021-04-29 09:45:48+00:00,0.0
2021-04-19 22:52:32+00:00,1.0
2021-04-11 06:30:46+00:00,2.0
2021-04-20 13:54:53+00:00,1.0
2021-04-26 04:52:56+00:00,0.0
2021-04-07 01:17:56+00:00,1.0
2021-04-18 03:07:43+00:00,1.0
2021-04-25 17:46:39+00:00,1.0
2021-04-09 22:44:48+00:00,1.95
2021-04-27 20:30:26+00:00,0.0
2021-05-01 05:29:53+00:00,0.0
2021-04-06 18:12:28+00:00,1.0
2021-04-23 16:27:02+00:00,1.0
2021-04-05 08:44:11+00:00,1.0
2021-04-19 02:54:45+00:00,1.0
2021-04-09 16:35:35+00:00,1.0
2021-04-22 05:40:36+00:00,0.0
2021-04-19 06:58:20+00:00,2.0
2021-04-25 18:46:11+00:00,1.0
2021-04-05 02:13:21+00:00,1.0
2021-04-21 19:28:17+00:00,1.0
2021-04-28 01:29:19+00:00,0.0
2021-05-03 09:32:22+00:00,1.0
2021-05-03 11:41:17+00:00,1.0
2021-04-26 23:41:41+00:00,0.0
2021-04-08 08:26:49+00:00,1.0
2021-04-24 08:01:05+00:00,1.0
2021-04-15 12:40:33+00:00,1.0
2021-04-30 21:56:07+00:00,0.0
2021-04-20 20:41:26+00:00,1.0
2021-04-11 23:18:31+00:00,2.0
2021-04-06 22:18:34+00:00,1.0
2021-04-08 23:41:54+00:00,1.0
2021-04-25 17:57:19+00:00,1.0
2021-04-05 04:13:34+00:00,1.0
2021-04-05 00:37:48+00:00,1.0
2021-04-27 01:50:12+00:00,0.0
2021-04-11 02:15:09+00:00,1.0
2021-04-29 21:40:33+00:00,0.0
2021-04-29 19:04:29+00:00,0.0
2021-04-24 16:41:46+00:00,1.0
2021-05-03 02:42:55+00:00,1.0
2021-04-15 10:36:22+00:00,1.0
2021-04-25 04:24:34+00:00,1.0
2021-04-16 13:14:08+00:00,2.0
2021-04-21 17:54:53+00:00,1.0
2021-04-12 23:05:34+00:00,1.0
2021-05-02 14:59:44+00:00,1.0
2021-04-10 20:35:20+00:00,1.0
2021-04-08 15:41:46+00:00,1.0
2021-04-05 09:29:42+00:00,1.0
2021-04-28 15:40:16+00:00,1.0
2021-04-18 01:36:42+00:00,1.0
2021-04-26 04:52:29+00:00,0.0
2021-05-01 19:26:57+00:00,0.0
2021-04-09 20:41:46+00:00,1.0
2021-04-15 08:22:15+00:00,1.0
2021-04-07 13:36:40+00:00,1.0
2021-04-14 20:22:02+00:00,1.0
2021-04-17 17:20:56+00:00,0.0
2021-04-18 12:59:46+00:00,2.0
2021-04-24 11:21:50+00:00,1.0
2021-04-10 08:23:21+00:00,1.95
2021-04-28 19:52:09+00:00,1.0
2021-04-20 10:59:32+00:00,1.0
2021-04-15 11:00:49+00:00,1.0
2021-05-03 01:16:03+00:00,1.0
2021-04-17 21:37:20+00:00,2.0
2021-04-20 09:52:51+00:00,1.0
2021-04-16 06:15:49+00:00,1.0
2021-04-07 01:29:28+00:00,1.0
2021-04-28 06:39:16+00:00,0.0
2021-04-09 14:42:37+00:00,1.0
2021-05-01 11:16:24+00:00,0.0
2021-04-24 22:21:41+00:00,1.0
2021-04-28 15:41:15+00:00,1.0
2021-05-02 03:07:04+00:00,0.0
2021-04-27 16:10:22+00:00,0.0
2021-04-23 17:16:36+00:00,1.0
2021-04-17 06:01:12+00:00,0.0
2021-04-15 05:47:27+00:00,1.0
2021-05-01 13:41:49+00:00,0.0
2021-04-14 08:54:47+00:00,1.0
2021-04-30 15:06:44+00:00,0.0
2021-04-29 16:36:54+00:00,0.0
2021-04-11 01:31:22+00:00,2.0
2021-04-20 13:45:00+00:00,1.0
2021-04-30 11:16:22+00:00,0.0
2021-04-24 02:35:44+00:00,1.0
2021-04-16 03:33:56+00:00,2.0
2021-04-07 04:59:05+00:00,1.0
2021-04-14 04:22:27+00:00,2.0
2021-05-03 01:19:24+00:00,1.0
2021-04-24 00:25:21+00:00,1.0
2021-04-21 11:15:47+00:00,0.0
2021-05-02 06:39:07+00:00,0.0
2021-04-08 18:39:25+00:00,1.0
2021-04-11 05:31:43+00:00,2.0
2021-04-24 08:23:07+00:00,1.0
2021-04-12 15:48:13+00:00,1.0
2021-04-09 10:52:30+00:00,2.0
2021-04-15 05:10:27+00:00,1.0
2021-04-19 01:30:02+00:00,1.0
2021-04-14 06:46:49+00:00,2.0
2021-05-02 13:20:13+00:00,2474.0
2021-04-17 08:23:24+00:00,0.0
2021-04-30 02:21:04+00:00,0.0
2021-04-24 06:10:07+00:00,1.0
2021-04-23 00:04:22+00:00,3.0
2021-04-13 22:55:48+00:00,1.0
2021-05-01 02:12:34+00:00,0.0
2021-04-21 12:20:31+00:00,0.0
2021-04-17 21:55:09+00:00,1.0
2021-04-09 15:02:41+00:00,1.0
2021-04-30 00:06:13+00:00,0.0
2021-04-24 13:24:16+00:00,1.0
2021-04-21 03:05:15+00:00,0.0
2021-05-01 07:04:28+00:00,0.0
2021-05-02 11:07:05+00:00,0.0
2021-04-08 20:02:02+00:00,2.0
2021-04-12 14:19:54+00:00,1.0
2021-04-11 13:13:41+00:00,1.0
2021-04-08 15:53:54+00:00,1.0
2021-04-30 10:11:28+00:00,0.0
2021-04-16 20:03:07+00:00,0.0
2021-04-24 22:47:11+00:00,1.0
2021-04-25 07:55:33+00:00,1.0
2021-04-21 00:14:31+00:00,0.0
2021-04-30 14:07:24+00:00,0.0
2021-04-13 10:07:22+00:00,1.0
2021-04-11 21:16:58+00:00,1.0
2021-04-11 03:56:20+00:00,1.0
2021-04-05 07:15:55+00:00,1.0
2021-04-19 01:23:05+00:00,2.0
2021-04-16 04:52:20+00:00,2.0
2021-04-07 05:32:23+00:00,1.0
2021-04-05 20:12:11+00:00,1.0
2021-04-24 15:08:49+00:00,1.0
2021-04-27 12:13:59+00:00,0.0
2021-04-12 21:17:50+00:00,1.0
2021-04-29 17:48:47+00:00,0.0
2021-04-06 11:28:38+00:00,1.0
2021-04-08 14:45:14+00:00,1.0
2021-04-22 19:28:27+00:00,0.0
2021-04-19 01:03:30+00:00,1.0
2021-04-20 09:47:46+00:00,1.0
2021-04-26 20:05:27+00:00,0.0
2021-04-21 06:05:43+00:00,0.0
2021-04-17 01:21:00+00:00,0.0
2021-05-03 15:17:45+00:00,1.0
2021-04-06 16:55:46+00:00,1.0
2021-04-18 13:09:50+00:00,1.0
2021-05-03 23:32:25+00:00,1.0
2021-04-13 19:07:51+00:00,1.0
2021-04-25 21:51:56+00:00,0.0
2021-05-01 22:19:23+00:00,0.0
2021-04-14 09:56:00+00:00,1.0
2021-05-02 16:13:42+00:00,1.0
2021-04-21 13:42:20+00:00,0.0
2021-04-27 16:19:20+00:00,0.0
2021-04-14 18:21:34+00:00,1.0
2021-04-11 00:54:41+00:00,1.0
2021-04-27 13:43:59+00:00,0.0
2021-04-29 04:39:59+00:00,0.0
2021-04-27 05:00:37+00:00,0.0
2021-05-02 04:38:04+00:00,0.0
2021-04-08 03:21:33+00:00,1.0
2021-04-09 21:25:59+00:00,1.0
2021-04-12 13:24:57+00:00,1.0
2021-04-21 03:30:20+00:00,0.0
2021-04-25 11:49:51+00:00,1.0
2021-04-28 07:11:25+00:00,0.0
2021-04-11 20:52:19+00:00,1.0
2021-04-29 09:53:38+00:00,0.0
2021-04-25 23:44:42+00:00,0.0
2021-05-01 05:50:32+00:00,0.0
2021-04-21 19:03:42+00:00,1.0
2021-04-17 00:07:50+00:00,0.0
2021-04-08 16:02:11+00:00,1.0
2021-04-10 10:16:15+00:00,1.95
2021-05-02 19:55:42+00:00,1.0
2021-04-25 04:26:04+00:00,1.0
2021-04-15 21:37:19+00:00,1.0
2021-04-25 14:00:10+00:00,1.0
2021-04-08 15:19:57+00:00,1.0
2021-04-21 06:09:04+00:00,0.0
2021-05-01 02:49:33+00:00,0.0
2021-04-12 07:40:47+00:00,2.0
2021-04-24 09:03:51+00:00,1.0
2021-05-01 11:25:35+00:00,0.0
2021-04-05 11:01:48+00:00,1.0
2021-04-07 21:01:50+00:00,2.0
2021-04-23 12:34:29+00:00,87.0
2021-04-05 06:20:40+00:00,1.0
2021-04-27 11:46:01+00:00,0.0
2021-04-20 15:54:34+00:00,1.0
2021-05-02 11:41:10+00:00,0.0
2021-04-30 23:26:29+00:00,0.0
2021-04-06 07:04:27+00:00,1.0
2021-04-06 16:20:33+00:00,1.0
2021-05-02 10:46:14+00:00,0.0
2021-04-10 15:03:52+00:00,2518.0
2021-04-14 23:22:48+00:00,1.0
2021-04-14 09:11:18+00:00,1.0
2021-04-14 18:00:45+00:00,1.0
2021-04-06 22:49:08+00:00,1.0
2021-04-15 07:16:18+00:00,1.0
2021-04-21 18:35:26+00:00,1.0
2021-04-27 12:48:00+00:00,0.0
2021-05-03 16:41:57+00:00,1.0
2021-04-11 02:25:35+00:00,1.0
2021-04-17 02:13:30+00:00,0.0
2021-04-05 04:16:52+00:00,1.0
2021-04-25 06:48:22+00:00,1.0
2021-04-23 23:27:31+00:00,1.0
2021-05-02 22:15:24+00:00,2.0
2021-04-21 05:31:17+00:00,0.0
2021-04-19 08:41:51+00:00,2.0
2021-04-29 05:17:03+00:00,0.0
2021-04-16 15:49:31+00:00,2.0
2021-04-18 16:05:35+00:00,1.0
2021-04-12 00:39:23+00:00,1.0
2021-04-12 03:12:24+00:00,1.0
2021-04-08 09:57:01+00:00,146.0
2021-04-24 08:38:58+00:00,1.0
2021-04-05 23:53:37+00:00,1.0
2021-04-18 10:44:34+00:00,1.0
2021-04-16 11:27:48+00:00,1.0
2021-05-02 16:51:42+00:00,1.0
2021-04-06 07:31:03+00:00,1.0
2021-04-27 06:34:48+00:00,0.0
2021-04-27 04:03:38+00:00,0.0
2021-04-12 16:32:09+00:00,2.0
2021-04-25 03:19:23+00:00,1.0
2021-04-28 03:04:30+00:00,0.0
2021-04-17 10:47:11+00:00,0.0
2021-04-26 05:41:30+00:00,0.0
2021-04-09 07:53:47+00:00,1.0
2021-04-28 18:24:37+00:00,1.0
2021-04-17 08:30:27+00:00,0.0
2021-05-01 16:49:37+00:00,0.0
2021-04-23 02:55:55+00:00,3.0
2021-04-07 00:45:14+00:00,1.0
2021-04-21 06:25:16+00:00,0.0
2021-04-16 05:39:34+00:00,2.0
2021-04-11 17:57:55+00:00,1.0
2021-05-02 12:42:52+00:00,0.0
2021-04-24 02:57:53+00:00,1.0
2021-04-28 06:04:05+00:00,0.0
2021-05-02 16:08:04+00:00,1.0
2021-04-28 02:23:49+00:00,0.0
2021-04-19 08:55:47+00:00,1.0
2021-04-27 03:57:00+00:00,0.0
2021-04-19 06:16:19+00:00,1.0
2021-05-03 14:00:05+00:00,1.0
2021-04-13 05:03:56+00:00,1.0
2021-04-15 21:45:11+00:00,1.0
2021-04-10 17:50:06+00:00,1.0
2021-04-08 04:53:27+00:00,1.0
2021-04-15 06:32:00+00:00,2.0
2021-04-14 15:08:28+00:00,1.0
2021-04-24 00:16:54+00:00,1.0
2021-04-11 22:34:04+00:00,2.0
2021-04-13 06:56:02+00:00,1.0
2021-05-02 04:37:41+00:00,0.0
2021-04-18 15:14:47+00:00,1.0
2021-04-08 22:12:52+00:00,2.0
2021-04-17 11:35:44+00:00,0.0
2021-04-23 01:37:51+00:00,3.0
2021-04-10 21:58:05+00:00,1.0
2021-04-27 03:02:13+00:00,0.0
2021-04-30 10:30:31+00:00,0.0
2021-04-24 12:05:29+00:00,1.0
2021-04-25 23:30:04+00:00,0.0
2021-04-10 13:39:23+00:00,1.95
2021-04-28 11:57:08+00:00,1.0
2021-04-22 13:21:01+00:00,0.0
2021-04-27 21:20:38+00:00,0.0
2021-04-29 01:06:27+00:00,0.0
2021-04-27 15:42:55+00:00,0.0
2021-04-12 09:53:41+00:00,1.0
2021-04-13 11:41:10+00:00,1.0
2021-05-02 06:12:46+00:00,0.0
2021-04-09 08:57:35+00:00,1.0
2021-04-07 16:49:54+00:00,1.0
2021-04-16 03:55:58+00:00,1.0
2021-04-23 08:51:41+00:00,8.5
2021-05-03 22:35:59+00:00,1.0
2021-04-19 08:31:52+00:00,1.0
2021-04-14 12:57:07+00:00,1.0
2021-04-18 16:51:39+00:00,1.0
2021-04-28 00:02:36+00:00,0.0
2021-04-13 04:49:12+00:00,1.0
2021-04-26 04:04:27+00:00,0.0
2021-05-01 08:32:00+00:00,0.0
2021-04-05 12:45:15+00:00,1.0
2021-04-18 09:55:38+00:00,1.0
2021-04-18 08:32:40+00:00,1.0
2021-04-20 21:02:04+00:00,1.0
2021-04-26 15:18:45+00:00,0.0
2021-04-20 16:36:13+00:00,1.0
2021-04-28 20:13:09+00:00,1.0
2021-04-21 02:50:26+00:00,0.0
2021-04-06 14:40:41+00:00,1.0
2021-05-01 19:56:24+00:00,0.0
2021-04-27 18:08:37+00:00,0.0
2021-04-10 15:28:04+00:00,150.0
2021-04-08 21:02:56+00:00,2.0
2021-05-02 05:57:10+00:00,0.0
2021-04-14 10:11:11+00:00,1.0
2021-04-05 10:46:29+00:00,1.0
2021-04-30 07:58:21+00:00,0.0
2021-04-22 00:45:25+00:00,0.0
2021-04-07 04:20:13+00:00,1.0
2021-04-27 13:15:13+00:00,0.0
2021-04-23 20:07:11+00:00,1.0
2021-04-30 08:06:38+00:00,0.0
2021-04-16 05:15:39+00:00,1.0
2021-04-29 03:55:43+00:00,0.0
2021-04-15 23:52:00+00:00,1.0
2021-04-17 16:12:57+00:00,0.0
2021-04-11 14:54:36+00:00,1.0
2021-04-14 16:02:11+00:00,1.0
2021-04-19 23:41:55+00:00,1.0
2021-04-13 12:43:46+00:00,2.0
2021-04-21 22:03:59+00:00,0.0
2021-04-30 16:58:10+00:00,0.0
2021-05-02 11:51:41+00:00,0.0
2021-04-22 14:11:25+00:00,0.0
2021-04-09 19:18:41+00:00,2.0
2021-04-29 20:30:17+00:00,0.0
2021-04-18 23:40:40+00:00,2.0
2021-04-16 07:17:35+00:00,1.0
2021-05-02 21:14:36+00:00,1.0
2021-04-18 09:52:26+00:00,1.0
2021-04-05 20:36:02+00:00,1.0
2021-04-29 17:53:08+00:00,0.0
2021-04-05 16:01:53+00:00,2.0
2021-04-24 13:52:57+00:00,1.0
2021-04-17 04:04:22+00:00,0.0
2021-04-20 13:28:38+00:00,1.0
2021-05-03 03:35:40+00:00,1.0
2021-04-05 15:09:53+00:00,1.0
2021-04-26 19:43:14+00:00,0.0
2021-04-15 14:07:27+00:00,2.0
2021-04-06 04:20:40+00:00,1.0
2021-04-12 23:46:06+00:00,1.0
2021-04-19 20:41:09+00:00,1.0
2021-04-07 04:52:57+00:00,2.0
2021-04-07 06:14:44+00:00,1.0
2021-04-07 22:30:55+00:00,1.0
2021-04-08 01:26:57+00:00,1.0
2021-04-05 05:31:50+00:00,1.0
2021-04-25 00:55:05+00:00,1.0
2021-04-14 15:36:39+00:00,1.0
2021-04-30 10:14:39+00:00,0.0
2021-04-21 04:11:43+00:00,0.0
2021-04-12 14:22:17+00:00,1.0
2021-04-24 00:38:33+00:00,1.0
2021-04-17 08:12:56+00:00,0.0
2021-04-06 19:44:51+00:00,1.0
2021-04-19 21:37:48+00:00,2.0
2021-04-24 08:24:40+00:00,1.0
2021-04-09 18:48:59+00:00,1.0
2021-04-10 09:57:43+00:00,1.95
2021-04-16 01:42:30+00:00,1.0
2021-04-13 09:57:23+00:00,1.0
2021-04-10 20:43:31+00:00,1.0
2021-04-27 08:55:11+00:00,0.0
2021-04-18 20:43:06+00:00,1.0
2021-04-05 15:55:54+00:00,1.0
2021-04-26 06:40:45+00:00,0.0
2021-04-07 15:48:15+00:00,1.0
2021-04-12 08:33:21+00:00,2.0
2021-04-11 21:25:12+00:00,1.0
2021-04-29 00:49:39+00:00,0.0
2021-05-01 03:37:47+00:00,0.0
2021-04-27 15:30:05+00:00,0.0
2021-05-01 15:06:21+00:00,0.0
2021-04-28 23:18:03+00:00,0.0
2021-05-03 06:32:29+00:00,1.0
2021-04-10 16:28:08+00:00,144.0
2021-04-05 10:37:53+00:00,1.0
2021-04-19 00:32:50+00:00,2.0
2021-04-24 22:16:04+00:00,1.0
2021-04-14 18:46:44+00:00,1.0
2021-04-06 22:49:59+00:00,1.0
2021-04-22 03:10:54+00:00,0.0
2021-04-20 01:22:08+00:00,1.0
2021-04-05 13:28:25+00:00,1.0
2021-04-06 04:50:07+00:00,1.0
2021-04-12 18:02:06+00:00,1.0
2021-04-11 09:21:40+00:00,2.0
2021-04-12 17:37:06+00:00,1.0
2021-05-03 11:45:29+00:00,1.0
2021-04-20 10:55:49+00:00,1.0
2021-04-24 18:36:17+00:00,1.0
2021-04-06 10:01:51+00:00,1.0
2021-04-20 02:20:37+00:00,2.0
2021-04-15 17:14:30+00:00,1.0
2021-04-17 05:07:22+00:00,0.0
2021-04-24 09:00:21+00:00,1.0
2021-04-21 17:37:02+00:00,5.0
2021-04-11 22:24:53+00:00,1.0
2021-04-20 07:13:12+00:00,1.0
2021-04-30 21:27:06+00:00,0.0
2021-04-17 22:56:26+00:00,1.0
2021-04-11 23:54:13+00:00,1.0
2021-05-01 05:35:04+00:00,0.0
2021-04-28 06:43:04+00:00,0.0
2021-04-29 04:33:05+00:00,0.0
2021-04-21 18:13:50+00:00,1.0
2021-04-24 19:13:07+00:00,1.0
2021-04-10 16:17:46+00:00,140.0
2021-05-01 07:36:56+00:00,0.0
2021-04-29 20:27:27+00:00,0.0
2021-04-14 14:47:00+00:00,1.0
2021-04-09 08:45:11+00:00,1.0
2021-04-19 23:55:58+00:00,1.0
2021-04-16 18:00:51+00:00,0.0
2021-04-24 04:05:29+00:00,1.0
2021-04-28 02:34:49+00:00,0.0
2021-04-27 08:41:44+00:00,0.0
2021-04-19 01:41:03+00:00,2.0
2021-04-20 06:14:45+00:00,1.0
2021-04-18 15:53:40+00:00,1.0
2021-05-02 18:31:46+00:00,1.0
2021-04-09 00:09:14+00:00,1.0
2021-04-07 16:39:35+00:00,1.0
2021-04-15 14:35:14+00:00,1.0
2021-04-16 13:45:22+00:00,1.0
2021-04-15 14:53:03+00:00,2.0
2021-04-16 06:45:57+00:00,1.0
2021-04-19 22:22:18+00:00,1.0
2021-04-26 01:18:44+00:00,0.0
2021-04-28 07:17:04+00:00,0.0
2021-04-28 13:09:32+00:00,1.0
2021-04-21 20:58:45+00:00,1.0
2021-04-20 01:59:11+00:00,2.0
2021-04-27 22:49:57+00:00,0.0
2021-04-17 09:30:13+00:00,0.0
2021-04-12 20:41:59+00:00,1.0
2021-04-27 02:01:35+00:00,0.0
2021-04-12 01:35:46+00:00,2.0
2021-04-08 03:52:14+00:00,1.0
2021-04-24 00:09:42+00:00,1.0
2021-04-21 01:11:48+00:00,0.0
2021-04-15 07:20:01+00:00,2.0
2021-05-02 16:27:17+00:00,1.0
2021-04-29 06:48:16+00:00,0.0
2021-04-14 21:52:15+00:00,1.0
2021-04-21 16:02:27+00:00,105.0
2021-04-27 18:53:15+00:00,0.0
2021-04-26 04:34:26+00:00,0.0
2021-04-05 19:52:01+00:00,1.0
2021-04-08 11:19:06+00:00,1.0
2021-04-12 21:08:53+00:00,1.0
2021-04-17 18:19:14+00:00,1.0
2021-04-29 14:24:52+00:00,0.0
2021-04-30 10:37:09+00:00,0.0
2021-04-26 14:36:49+00:00,0.0
2021-04-12 06:57:03+00:00,2.0
2021-04-08 09:00:28+00:00,1.0
2021-04-05 22:33:14+00:00,1.0
2021-04-12 03:53:05+00:00,1.0
2021-05-03 05:43:53+00:00,1.0
2021-04-13 16:23:11+00:00,2.0
2021-05-02 22:13:10+00:00,1.0
2021-05-03 00:29:42+00:00,1.0
2021-04-24 20:34:23+00:00,1.0
2021-04-08 14:42:22+00:00,1.0
2021-05-01 19:03:32+00:00,0.0
2021-04-05 18:18:07+00:00,1.0
2021-04-11 02:09:51+00:00,2.0
2021-04-11 17:53:19+00:00,1.0
2021-04-10 12:12:53+00:00,1.95
2021-04-08 15:10:29+00:00,1.0
2021-04-18 03:38:09+00:00,2.0
2021-04-10 14:16:01+00:00,1.95
2021-04-20 19:32:24+00:00,2.0
2021-04-15 11:41:15+00:00,1.0
2021-04-09 16:26:48+00:00,2.0
2021-04-30 13:49:00+00:00,0.0
2021-04-07 05:40:40+00:00,1.0
2021-05-03 10:46:44+00:00,1.0
2021-04-06 09:14:19+00:00,1.0
2021-04-05 07:06:21+00:00,1.0
2021-04-13 04:38:23+00:00,1.0
2021-04-21 12:54:28+00:00,0.0
2021-04-17 10:29:06+00:00,0.0
2021-04-29 23:05:19+00:00,0.0
2021-04-12 22:17:00+00:00,1.0
2021-04-29 14:32:20+00:00,0.0
2021-04-10 05:40:03+00:00,1.95
2021-04-30 08:20:17+00:00,0.0
2021-05-03 21:30:01+00:00,1.0
2021-04-08 04:53:21+00:00,1.0
2021-04-21 00:36:07+00:00,0.0
2021-04-20 21:35:00+00:00,1.0
2021-04-16 13:10:42+00:00,1.0
2021-04-22 11:05:42+00:00,0.0
2021-04-18 20:18:37+00:00,1.0
2021-04-05 12:50:59+00:00,1.0
2021-04-29 10:09:09+00:00,0.0
2021-04-10 20:01:54+00:00,1.0
2021-04-22 20:06:27+00:00,0.0
2021-04-13 02:10:21+00:00,1.0
2021-04-26 14:31:21+00:00,0.0
2021-04-05 18:10:47+00:00,1.0
2021-04-21 06:13:30+00:00,0.0
2021-04-28 06:32:05+00:00,0.0
2021-04-17 09:18:01+00:00,0.0
2021-04-11 08:48:17+00:00,2.0
2021-04-21 22:15:20+00:00,0.0
2021-05-03 16:11:39+00:00,1.0
2021-04-16 14:08:33+00:00,1.0
2021-04-23 23:55:57+00:00,1.0
2021-04-28 02:44:53+00:00,0.0
2021-05-02 13:32:34+00:00,2385.0
2021-04-06 17:52:29+00:00,1.0
2021-04-21 02:16:38+00:00,0.0
2021-04-06 01:44:49+00:00,1.0
2021-04-15 10:12:43+00:00,2.0
2021-04-11 10:01:42+00:00,1.0
2021-04-17 22:31:07+00:00,2.0
2021-04-16 09:47:14+00:00,1.0
2021-04-15 12:22:27+00:00,1.0
2021-04-23 14:14:23+00:00,169.0
2021-05-03 21:19:59+00:00,1.0
2021-04-19 15:56:35+00:00,2.0
2021-04-22 14:20:40+00:00,0.0
2021-04-06 16:18:55+00:00,1.0
2021-04-13 19:31:54+00:00,1.0
2021-05-03 04:33:39+00:00,1.0
2021-04-09 06:01:53+00:00,2.0
2021-04-30 00:52:09+00:00,0.0
2021-04-19 04:09:35+00:00,2.0
2021-04-18 17:42:44+00:00,1.0
2021-04-09 18:11:56+00:00,1.0
2021-04-13 04:43:00+00:00,1.0
2021-04-14 09:46:45+00:00,1.0
2021-04-14 02:28:33+00:00,1.0
2021-04-21 15:42:38+00:00,2463.0
2021-05-01 23:09:55+00:00,0.0
2021-04-26 13:03:06+00:00,0.0
2021-04-16 04:15:59+00:00,2.0
2021-04-19 17:12:50+00:00,1.0
2021-04-25 22:09:16+00:00,0.0
2021-05-02 22:15:12+00:00,1.0
2021-04-12 22:01:08+00:00,1.0
2021-04-30 18:13:33+00:00,0.0
2021-04-15 15:23:14+00:00,2.0
2021-04-23 21:43:52+00:00,1.0
2021-04-26 07:04:28+00:00,0.0
2021-04-08 17:32:49+00:00,1.0
2021-04-07 05:53:50+00:00,1.0
2021-05-03 21:15:15+00:00,1.0
2021-04-21 22:06:33+00:00,0.0
2021-04-08 09:43:50+00:00,55.0
2021-04-16 18:57:51+00:00,0.0
2021-04-18 16:44:57+00:00,1.0
2021-04-26 15:02:38+00:00,0.0
2021-04-15 19:07:42+00:00,2.0
2021-04-21 18:09:40+00:00,1.0
2021-05-01 20:44:59+00:00,0.0
2021-04-04 23:48:07+00:00,1.0
2021-04-21 07:04:17+00:00,0.0
2021-05-01 16:52:26+00:00,0.0
2021-04-25 09:08:44+00:00,34.0
2021-04-24 20:31:12+00:00,1.0
2021-04-14 05:52:23+00:00,2.0
2021-04-22 21:30:24+00:00,0.0
2021-04-09 20:41:40+00:00,1.0
2021-04-15 21:47:22+00:00,2.0
2021-04-10 23:29:56+00:00,2.0
2021-04-15 03:02:28+00:00,1.0
2021-04-07 21:27:31+00:00,1.0
2021-04-13 21:27:57+00:00,1.0
2021-04-10 08:30:27+00:00,1.95
2021-04-06 01:54:07+00:00,1.0
2021-04-07 20:07:56+00:00,1.0
2021-04-09 04:30:03+00:00,1.0
2021-04-18 00:08:44+00:00,2.0
2021-04-10 07:14:52+00:00,1.95
2021-04-21 21:00:40+00:00,1.0
2021-04-25 16:12:57+00:00,1.0
2021-04-22 15:34:02+00:00,0.0
2021-04-11 10:48:57+00:00,2.0
2021-04-13 20:58:40+00:00,2.0
2021-04-29 13:16:24+00:00,0.0
2021-04-27 04:15:55+00:00,0.0
2021-04-07 05:19:08+00:00,1.0
2021-04-11 19:06:30+00:00,2.0
2021-05-03 00:47:59+00:00,1.0
2021-04-05 01:06:43+00:00,1.0
2021-04-09 20:06:48+00:00,1.0
2021-04-25 14:33:50+00:00,1.0
2021-04-28 06:21:43+00:00,0.0
2021-04-20 08:08:47+00:00,2.0
2021-05-02 03:18:06+00:00,0.0
2021-04-22 00:16:51+00:00,0.0
2021-04-28 05:44:48+00:00,0.0
2021-04-23 06:13:33+00:00,3.0
2021-04-06 01:47:57+00:00,1.0
2021-05-01 05:16:04+00:00,0.0
2021-05-03 13:36:13+00:00,1.0
2021-04-09 08:32:05+00:00,1.0
2021-04-10 02:01:51+00:00,1.95
2021-04-11 07:43:41+00:00,2.0
2021-04-09 23:14:46+00:00,1.95
2021-04-25 05:00:53+00:00,1.0
2021-04-11 04:04:52+00:00,2.0
2021-04-24 09:07:01+00:00,1.0
2021-04-13 09:30:37+00:00,1.0
2021-05-01 08:43:58+00:00,0.0
2021-04-17 14:39:26+00:00,0.0
2021-04-05 17:10:21+00:00,1.0
2021-05-03 03:16:09+00:00,1.0
2021-04-26 18:00:10+00:00,0.0
2021-04-25 09:45:24+00:00,168.0
2021-04-28 16:24:47+00:00,1.0
2021-04-08 20:38:57+00:00,1.0
2021-04-27 09:28:47+00:00,0.0
2021-04-10 21:35:04+00:00,1.0
2021-04-24 22:03:37+00:00,1.0
2021-04-25 08:47:21+00:00,1.0
2021-04-14 19:34:32+00:00,2.0
2021-05-02 14:52:49+00:00,1.0
2021-04-27 00:38:02+00:00,0.0
2021-04-08 21:25:10+00:00,2.0
2021-04-25 06:46:13+00:00,1.0
2021-05-02 14:15:38+00:00,412.0
2021-04-29 10:08:04+00:00,0.0
2021-04-14 11:59:37+00:00,1.0
2021-04-10 09:29:54+00:00,1.95
2021-04-19 05:40:29+00:00,1.0
2021-04-27 07:20:31+00:00,0.0
2021-04-25 19:02:29+00:00,0.0
2021-04-16 08:49:36+00:00,1.0
2021-05-02 12:29:37+00:00,0.0
2021-04-05 23:20:13+00:00,1.0
2021-04-05 10:27:23+00:00,1.0
2021-04-11 09:59:11+00:00,1.0
2021-04-15 07:06:39+00:00,2.0
2021-04-19 07:50:28+00:00,2.0
2021-04-25 23:39:30+00:00,0.0
2021-04-15 17:23:44+00:00,1.0
2021-04-21 04:41:11+00:00,0.0
2021-04-14 00:47:14+00:00,2.0
2021-04-18 00:55:33+00:00,1.0
2021-04-19 21:48:24+00:00,2.0
2021-04-22 19:27:53+00:00,0.0
2021-04-15 20:53:19+00:00,2.0
2021-05-02 08:06:07+00:00,0.0
2021-04-25 10:14:06+00:00,1.0
2021-04-29 18:14:23+00:00,0.0
2021-04-25 10:46:42+00:00,1.0
2021-04-30 23:07:25+00:00,0.0
2021-04-11 03:45:32+00:00,1.0
2021-04-17 16:08:33+00:00,0.0
2021-04-26 07:57:40+00:00,0.0
2021-04-05 20:14:38+00:00,1.0
2021-04-30 13:01:03+00:00,0.0
2021-04-04 22:31:42+00:00,1.0
2021-05-03 17:13:02+00:00,1.0
2021-04-29 00:02:32+00:00,0.0
2021-05-01 20:07:22+00:00,0.0
2021-04-27 14:29:57+00:00,0.0
2021-04-06 07:38:26+00:00,1.0
2021-04-30 13:15:47+00:00,0.0
2021-04-13 06:18:17+00:00,1.0
2021-04-19 04:30:37+00:00,2.0
2021-04-13 23:04:21+00:00,2.0
2021-04-17 05:58:20+00:00,0.0
2021-04-20 14:26:20+00:00,1.0
2021-04-21 13:24:35+00:00,0.0
2021-04-26 02:40:37+00:00,0.0
2021-04-20 10:40:09+00:00,1.0
2021-04-23 09:04:30+00:00,8.5
2021-04-15 21:46:17+00:00,1.0
2021-04-09 21:49:35+00:00,1.95
2021-04-19 03:31:55+00:00,2.0
2021-05-02 14:53:41+00:00,1.0
2021-04-17 14:06:19+00:00,0.0
2021-05-01 23:54:54+00:00,0.0
2021-04-30 10:00:06+00:00,0.0
2021-04-21 12:24:03+00:00,0.0
2021-04-06 17:05:17+00:00,1.0
2021-04-18 22:33:50+00:00,1.0
2021-04-21 12:38:07+00:00,0.0
2021-04-27 13:52:41+00:00,0.0
2021-04-11 00:56:14+00:00,2.0
2021-04-26 16:09:51+00:00,0.0
2021-05-03 08:46:14+00:00,1.0
2021-04-12 08:59:21+00:00,2.0
2021-04-07 07:53:13+00:00,1.0
2021-04-26 20:52:50+00:00,0.0
2021-04-26 10:46:49+00:00,0.0
2021-04-10 13:10:11+00:00,1.95
2021-04-20 19:58:22+00:00,2.0
2021-04-25 18:16:41+00:00,1.0
2021-04-16 14:08:36+00:00,1.0
2021-04-07 03:20:36+00:00,1.0
2021-04-07 12:13:04+00:00,1.0
2021-04-26 08:01:57+00:00,0.0
2021-04-25 14:15:36+00:00,1.0
2021-04-05 16:56:08+00:00,1.0
2021-04-26 13:01:44+00:00,0.0
2021-05-01 12:59:55+00:00,0.0
2021-04-05 08:23:57+00:00,1.0
2021-04-16 08:58:37+00:00,1.0
2021-04-05 09:32:15+00:00,1.0
2021-04-27 17:57:28+00:00,0.0
2021-04-29 16:05:58+00:00,0.0
2021-04-22 17:09:10+00:00,0.0
2021-04-22 22:17:21+00:00,5.0
2021-04-09 19:35:30+00:00,2.0
2021-04-25 12:47:25+00:00,1.0
2021-04-15 22:51:12+00:00,1.0
2021-04-18 03:30:15+00:00,2.0
2021-04-23 05:14:16+00:00,3.0
2021-04-11 01:01:30+00:00,2.0
2021-04-19 06:50:05+00:00,2.0
2021-04-22 05:49:30+00:00,0.0
2021-04-18 06:10:55+00:00,2.0
2021-04-21 12:43:01+00:00,0.0
2021-04-10 10:04:20+00:00,1.95
2021-04-14 13:39:25+00:00,2.0
2021-04-14 00:45:10+00:00,2.0
2021-04-15 15:30:57+00:00,1.0
2021-04-21 19:31:38+00:00,1.0
2021-04-15 03:33:06+00:00,1.0
2021-04-19 23:15:55+00:00,1.0
2021-04-07 11:21:21+00:00,1.0
2021-04-22 07:25:19+00:00,0.0
2021-04-29 02:07:02+00:00,0.0
2021-04-10 05:15:35+00:00,1.95
2021-04-13 11:42:49+00:00,2.0
2021-04-18 11:38:17+00:00,1.0
2021-04-23 20:10:27+00:00,1.0
2021-04-13 07:05:36+00:00,2.0
2021-04-06 06:37:51+00:00,1.0
2021-04-18 15:14:41+00:00,1.0
2021-04-29 02:21:20+00:00,0.0
2021-04-25 13:56:59+00:00,1.0
2021-04-22 13:23:37+00:00,0.0
2021-04-23 00:51:25+00:00,3.0
2021-04-08 06:15:54+00:00,1.0
2021-04-12 04:28:41+00:00,1.0
2021-04-16 08:49:59+00:00,1.0
2021-05-02 15:40:50+00:00,1.0
2021-04-21 22:47:32+00:00,0.0
2021-04-09 08:36:55+00:00,1.0
2021-04-16 03:56:15+00:00,1.0
2021-04-27 08:03:01+00:00,0.0
2021-05-03 21:32:33+00:00,1.0
2021-04-16 04:13:18+00:00,2.0
2021-04-19 12:00:00+00:00,1.0
2021-04-10 07:32:18+00:00,1.95
2021-04-04 23:33:45+00:00,1.0
2021-04-11 13:53:45+00:00,2.0
2021-04-27 03:04:12+00:00,0.0
2021-04-10 07:08:59+00:00,1.95
2021-04-20 20:31:22+00:00,1.0
2021-04-26 08:00:46+00:00,0.0
2021-04-21 10:20:14+00:00,0.0
2021-04-29 13:18:04+00:00,0.0
2021-04-24 21:41:22+00:00,1.0
2021-04-27 11:06:38+00:00,0.0
2021-04-28 04:06:34+00:00,0.0
2021-05-03 02:56:16+00:00,1.0
2021-04-26 18:59:30+00:00,0.0
2021-04-23 01:28:57+00:00,3.0
2021-04-22 20:34:06+00:00,0.0
2021-05-03 15:32:21+00:00,1.0
2021-04-13 03:28:28+00:00,1.0
2021-04-27 18:12:08+00:00,0.0
2021-04-22 04:16:45+00:00,0.0
2021-04-29 19:35:11+00:00,0.0
2021-04-11 01:34:03+00:00,2.0
2021-04-13 02:33:40+00:00,1.0
2021-04-29 08:05:02+00:00,0.0
2021-05-03 11:25:13+00:00,1.0
2021-04-30 12:47:16+00:00,0.0
2021-04-21 21:09:16+00:00,1.0
2021-04-20 20:36:22+00:00,1.0
2021-04-19 00:08:00+00:00,1.0
2021-04-28 01:28:21+00:00,0.0
2021-04-15 15:46:26+00:00,1.0
2021-04-25 19:21:33+00:00,0.0
2021-04-11 11:24:15+00:00,1.0
2021-04-28 12:27:47+00:00,1.0
2021-04-13 06:37:01+00:00,1.0
2021-04-27 15:56:27+00:00,0.0
2021-04-04 22:32:07+00:00,1.0
2021-04-10 09:12:19+00:00,1.95
2021-04-18 03:02:01+00:00,2.0
2021-04-26 20:28:39+00:00,0.0
2021-04-24 23:39:15+00:00,1.0
2021-04-06 16:45:03+00:00,1.0
2021-05-01 08:00:52+00:00,0.0
2021-04-09 21:38:02+00:00,1.95
2021-05-01 07:12:45+00:00,0.0
2021-04-24 14:03:11+00:00,1.0
2021-05-02 14:04:37+00:00,173.0
2021-05-03 21:04:18+00:00,1.0
2021-04-13 13:03:19+00:00,2.0
2021-05-03 15:35:14+00:00,1.0
2021-04-18 03:27:58+00:00,2.0
2021-04-21 16:03:34+00:00,108.0
2021-04-08 18:49:43+00:00,1.0
2021-04-09 05:19:02+00:00,2.0
2021-04-15 22:40:50+00:00,1.0
2021-04-18 09:10:07+00:00,1.0
2021-04-08 08:01:04+00:00,1.0
2021-04-27 01:59:11+00:00,0.0
2021-04-23 15:53:32+00:00,1.0
2021-04-10 05:30:59+00:00,1.95
2021-04-20 08:31:45+00:00,1.0
2021-04-30 03:24:17+00:00,0.0
2021-04-16 14:50:04+00:00,1.0
2021-04-18 00:11:11+00:00,2.0
2021-04-28 07:41:57+00:00,0.0
2021-05-01 00:24:35+00:00,0.0
2021-05-01 01:07:42+00:00,0.0
2021-04-09 17:25:03+00:00,1.0
2021-04-24 15:09:30+00:00,1.0
2021-04-08 22:43:46+00:00,2.0
2021-04-11 10:48:03+00:00,2.0
2021-04-26 19:10:51+00:00,0.0
2021-04-27 03:44:30+00:00,0.0
2021-04-12 19:04:34+00:00,1.0
2021-05-01 01:17:20+00:00,0.0
2021-04-23 06:38:56+00:00,6.0
2021-05-01 15:30:41+00:00,0.0
2021-04-28 21:05:27+00:00,1.0
2021-04-13 18:50:34+00:00,1.0
2021-04-18 11:15:42+00:00,1.0
2021-04-23 04:53:57+00:00,3.0
2021-04-21 17:25:15+00:00,5.0
2021-04-08 03:55:28+00:00,1.0
2021-04-09 00:58:55+00:00,1.0
2021-04-25 18:38:10+00:00,1.0
2021-04-07 09:26:11+00:00,1.0
2021-04-06 21:22:34+00:00,1.0
2021-04-07 22:48:11+00:00,1.0
2021-04-19 15:54:27+00:00,1.0
2021-04-05 01:11:25+00:00,1.0
2021-04-22 09:14:03+00:00,0.0
2021-04-29 04:28:26+00:00,0.0
2021-05-03 05:54:48+00:00,1.0
2021-04-27 02:24:15+00:00,0.0
2021-04-30 10:40:31+00:00,0.0
2021-04-16 21:37:33+00:00,0.0
2021-04-12 06:59:46+00:00,2.0
2021-04-23 13:26:57+00:00,5.0
2021-04-14 09:49:25+00:00,1.0
2021-04-10 14:22:03+00:00,1.95
2021-04-29 06:13:03+00:00,0.0
2021-04-24 06:27:47+00:00,1.0
2021-04-16 07:40:22+00:00,1.0
2021-04-16 01:37:33+00:00,1.0
2021-04-09 15:56:43+00:00,2.0
2021-05-02 06:04:20+00:00,0.0
2021-04-05 01:06:14+00:00,1.0
2021-04-11 11:31:46+00:00,2.0
2021-04-28 06:27:56+00:00,0.0
2021-04-05 08:48:01+00:00,1.0
2021-04-11 16:29:06+00:00,1.0
2021-04-10 14:10:23+00:00,1.95
2021-04-28 07:08:30+00:00,0.0
2021-04-27 19:51:19+00:00,0.0
2021-04-22 09:25:32+00:00,0.0
2021-04-10 08:54:20+00:00,1.95
2021-04-21 08:23:11+00:00,0.0
2021-04-13 01:28:05+00:00,1.0
2021-05-02 08:40:43+00:00,0.0
2021-04-18 11:31:31+00:00,1.0
2021-04-14 09:23:31+00:00,1.0
2021-04-28 04:09:32+00:00,0.0
2021-04-15 10:07:25+00:00,1.0
2021-04-12 12:02:49+00:00,1.0
2021-04-19 23:21:30+00:00,2.0
2021-04-08 16:56:13+00:00,1.0
2021-05-03 09:05:29+00:00,1.0
2021-04-23 07:43:52+00:00,3.0
2021-04-09 06:01:38+00:00,1.0
2021-04-16 12:49:48+00:00,1.0
2021-04-25 21:36:10+00:00,0.0
2021-04-25 10:41:53+00:00,1.0
2021-04-19 14:41:16+00:00,1.0
2021-04-23 12:25:10+00:00,51.0
2021-04-21 16:50:14+00:00,5.0
2021-04-12 02:28:00+00:00,1.0
2021-04-16 03:48:59+00:00,2.0
2021-04-16 10:50:53+00:00,1.0
2021-04-11 03:04:48+00:00,1.0
2021-04-29 07:46:00+00:00,0.0
2021-04-07 21:43:09+00:00,1.0
2021-04-28 02:56:19+00:00,0.0
2021-04-27 21:41:21+00:00,0.0
2021-04-17 11:20:55+00:00,0.0
2021-04-24 06:14:03+00:00,1.0
2021-05-01 16:57:16+00:00,0.0
2021-04-10 10:10:10+00:00,1.95
2021-05-01 17:08:47+00:00,0.0
2021-04-18 21:04:53+00:00,1.0
2021-04-15 00:15:34+00:00,1.0
2021-04-27 22:00:22+00:00,0.0
2021-04-05 11:29:39+00:00,1.0
2021-04-19 12:32:34+00:00,2.0
2021-04-14 05:06:23+00:00,1.0
2021-04-05 14:40:45+00:00,1.0
2021-04-25 06:26:17+00:00,1.0
2021-04-25 18:58:37+00:00,0.0
2021-04-22 10:22:14+00:00,0.0
2021-04-18 07:20:12+00:00,2.0
2021-05-03 04:43:58+00:00,1.0
2021-04-08 18:10:57+00:00,1.0
2021-04-20 15:07:42+00:00,1.0
2021-04-15 18:48:58+00:00,1.0
2021-04-26 21:13:35+00:00,0.0
2021-04-18 06:27:49+00:00,2.0
2021-04-19 07:59:58+00:00,1.0
2021-04-11 22:42:40+00:00,1.0
2021-04-05 01:52:10+00:00,1.0
2021-04-14 18:56:16+00:00,1.0
2021-04-14 06:34:41+00:00,1.0
2021-04-22 15:46:19+00:00,0.0
2021-04-24 01:32:05+00:00,1.0
2021-04-14 18:45:18+00:00,2.0
2021-04-25 10:23:17+00:00,1.0
2021-04-17 22:37:02+00:00,1.0
2021-04-25 08:22:40+00:00,1.0
2021-04-09 22:26:21+00:00,1.95
2021-04-23 20:43:43+00:00,1.0
2021-04-20 12:50:54+00:00,1.0
2021-04-25 23:01:53+00:00,0.0
2021-04-24 04:03:09+00:00,1.0
2021-05-03 01:08:19+00:00,1.0
2021-05-03 20:33:56+00:00,1.0
2021-04-10 18:27:39+00:00,1.0
2021-04-25 14:21:03+00:00,1.0
2021-04-05 16:39:43+00:00,1.0
2021-04-10 01:17:29+00:00,1.95
2021-04-08 13:09:14+00:00,1.0
2021-04-09 22:20:47+00:00,1.95
2021-04-17 14:57:25+00:00,0.0
2021-04-12 13:32:30+00:00,1.0
2021-04-16 06:19:11+00:00,1.0
2021-04-25 18:07:38+00:00,1.0
2021-04-05 21:05:41+00:00,1.0
2021-04-07 14:24:05+00:00,1.0
2021-05-01 16:44:43+00:00,0.0
2021-05-01 06:15:19+00:00,0.0
2021-04-25 22:59:17+00:00,0.0
2021-04-11 10:47:15+00:00,1.0
2021-04-21 15:24:55+00:00,0.0
2021-04-16 12:38:28+00:00,1.0
2021-04-21 07:25:05+00:00,0.0
2021-04-18 10:34:49+00:00,2.0
2021-05-03 06:57:27+00:00,1.0
2021-05-03 08:02:10+00:00,1.0
2021-04-08 05:05:41+00:00,1.0
2021-04-18 13:18:59+00:00,1.0
2021-04-15 10:03:47+00:00,1.0
2021-04-24 15:35:24+00:00,1.0
2021-04-05 08:20:37+00:00,1.0
2021-04-24 13:52:03+00:00,1.0
2021-04-09 05:09:43+00:00,1.0
2021-04-09 13:35:55+00:00,1.0
2021-04-30 03:35:10+00:00,0.0
2021-04-18 11:35:31+00:00,1.0
2021-05-02 14:05:40+00:00,176.0
2021-04-30 14:38:51+00:00,0.0
2021-04-14 03:45:42+00:00,1.0
2021-04-20 10:38:21+00:00,2.0
2021-05-01 23:29:07+00:00,0.0
2021-04-18 07:20:58+00:00,1.0
2021-04-21 19:39:32+00:00,1.0
2021-04-15 18:55:43+00:00,1.0
2021-04-05 23:30:02+00:00,1.0
2021-04-21 02:12:56+00:00,0.0
2021-04-27 06:19:10+00:00,0.0
2021-04-17 01:57:53+00:00,0.0
2021-04-11 04:11:49+00:00,1.0
2021-04-12 12:37:50+00:00,1.0
2021-04-27 01:59:42+00:00,0.0
2021-05-02 11:22:05+00:00,0.0
2021-04-10 00:34:09+00:00,1.95
2021-04-11 00:27:35+00:00,1.0
2021-05-02 01:44:15+00:00,0.0
2021-04-28 12:50:50+00:00,1.0
2021-05-01 02:25:56+00:00,0.0
2021-04-13 05:37:37+00:00,1.0
2021-04-16 21:01:47+00:00,0.0
2021-04-17 05:42:53+00:00,0.0
2021-04-21 12:08:05+00:00,0.0
2021-04-23 13:47:19+00:00,2529.0
2021-04-16 00:34:13+00:00,1.0
2021-04-27 23:22:04+00:00,0.0
2021-04-30 09:15:26+00:00,0.0
2021-04-18 08:31:34+00:00,2.0
2021-04-12 06:37:28+00:00,1.0
2021-04-16 00:33:23+00:00,2.0
2021-04-19 01:38:45+00:00,2.0
2021-05-01 12:52:33+00:00,0.0
2021-05-02 03:57:04+00:00,0.0
2021-04-22 02:37:09+00:00,0.0
2021-04-21 12:54:43+00:00,0.0
2021-05-03 19:28:45+00:00,1.0
2021-04-19 18:09:08+00:00,1.0
2021-04-09 06:04:21+00:00,1.0
2021-05-01 15:41:41+00:00,0.0
2021-04-15 00:39:50+00:00,1.0
2021-04-08 04:12:20+00:00,1.0
2021-04-30 23:33:40+00:00,0.0
2021-05-03 14:46:27+00:00,1.0
2021-05-03 19:11:02+00:00,1.0
2021-04-25 00:28:09+00:00,1.0
2021-04-26 00:14:32+00:00,0.0
2021-04-06 02:11:31+00:00,1.0
2021-04-27 04:33:22+00:00,0.0
2021-04-05 02:27:04+00:00,1.0
2021-04-11 17:47:06+00:00,1.0
2021-04-13 03:26:51+00:00,1.0
2021-04-05 04:38:36+00:00,1.0
2021-04-10 23:13:30+00:00,1.0
2021-05-02 06:58:05+00:00,0.0
2021-05-03 23:34:19+00:00,1.0
2021-04-08 16:36:58+00:00,1.0
2021-04-14 14:56:56+00:00,1.0
2021-05-03 17:19:47+00:00,1.0
2021-04-23 16:50:21+00:00,1.0
2021-04-28 15:10:37+00:00,1.0
2021-05-03 21:17:09+00:00,1.0
2021-04-23 16:32:02+00:00,1.0
2021-04-12 09:10:09+00:00,1.0
2021-04-21 03:37:30+00:00,0.0
2021-05-01 05:28:31+00:00,0.0
2021-04-12 15:44:49+00:00,1.0
2021-04-17 02:49:09+00:00,0.0
2021-04-20 07:19:42+00:00,1.0
2021-04-05 14:46:47+00:00,1.0
2021-04-26 02:19:50+00:00,0.0
2021-05-01 06:33:25+00:00,0.0
2021-04-16 10:04:43+00:00,1.0
2021-04-20 03:20:33+00:00,2.0
2021-04-06 15:20:23+00:00,1.0
2021-04-18 00:43:57+00:00,1.0
2021-04-23 00:23:16+00:00,2.0
2021-04-22 11:02:36+00:00,0.0
2021-04-11 22:09:22+00:00,1.0
2021-04-25 17:17:39+00:00,1.0
2021-04-21 02:09:23+00:00,0.0
2021-04-26 16:25:05+00:00,0.0
2021-04-08 23:25:20+00:00,1.0
2021-04-27 09:58:00+00:00,0.0
2021-04-07 20:09:49+00:00,1.0
2021-04-30 02:30:36+00:00,0.0
2021-04-25 03:27:29+00:00,1.0
2021-04-23 22:55:09+00:00,2.0
2021-04-14 04:35:58+00:00,2.0
2021-04-26 01:24:43+00:00,0.0
2021-04-18 12:58:45+00:00,1.0
2021-04-13 09:53:27+00:00,2.0
2021-04-24 05:32:13+00:00,1.0
2021-04-20 19:53:52+00:00,1.0
2021-04-19 19:54:34+00:00,1.0
2021-04-19 21:40:04+00:00,2.0
2021-04-27 15:39:10+00:00,0.0
2021-05-01 18:03:27+00:00,0.0
2021-04-24 04:25:37+00:00,1.0
2021-04-26 06:23:50+00:00,0.0
2021-04-22 14:16:26+00:00,0.0
2021-04-13 14:29:49+00:00,1.0
2021-04-18 08:40:21+00:00,2.0
2021-04-06 20:57:03+00:00,1.0
2021-04-19 04:53:04+00:00,1.0
2021-04-16 23:06:50+00:00,0.0
2021-04-14 16:26:38+00:00,1.0
2021-04-05 08:44:22+00:00,1.0
2021-05-02 02:23:29+00:00,0.0
2021-04-17 05:10:21+00:00,0.0
2021-04-26 13:04:31+00:00,0.0
2021-04-14 03:45:41+00:00,1.0
2021-04-25 02:05:45+00:00,1.0
2021-05-02 13:17:04+00:00,142.0
2021-04-14 22:24:20+00:00,1.0
2021-04-11 19:53:18+00:00,2.0
2021-04-20 02:12:47+00:00,2.0
2021-04-21 14:36:04+00:00,0.0
2021-04-22 12:11:52+00:00,0.0
2021-05-01 13:45:22+00:00,0.0
2021-04-14 13:09:01+00:00,1.0
2021-04-19 22:06:16+00:00,2.0
2021-04-15 20:43:28+00:00,1.0
2021-04-09 06:56:39+00:00,1.0
2021-04-15 20:30:05+00:00,1.0
2021-04-17 10:29:12+00:00,0.0
2021-04-14 23:31:46+00:00,2.0
2021-04-14 17:24:19+00:00,2.0
2021-04-23 01:56:03+00:00,3.0
2021-04-07 22:49:14+00:00,2.0
2021-04-18 13:39:51+00:00,1.0
2021-04-28 18:17:05+00:00,1.0
2021-04-26 02:59:25+00:00,0.0
2021-04-13 19:22:02+00:00,1.0
2021-05-03 00:25:56+00:00,1.0
2021-05-03 05:01:15+00:00,1.0
2021-04-26 18:17:40+00:00,0.0
2021-04-22 04:24:43+00:00,0.0
2021-04-15 20:25:02+00:00,2.0
2021-05-03 01:09:51+00:00,1.0
2021-04-27 08:25:56+00:00,0.0
2021-05-01 22:56:36+00:00,0.0
2021-04-30 20:50:16+00:00,0.0
2021-04-18 06:46:51+00:00,1.0
2021-04-16 13:39:07+00:00,2.0
2021-04-12 00:29:06+00:00,1.0
2021-04-28 07:21:02+00:00,0.0
2021-04-25 17:52:43+00:00,1.0
2021-04-22 10:42:17+00:00,0.0
2021-04-22 02:00:25+00:00,0.0
2021-04-06 18:41:00+00:00,1.0
2021-04-20 07:56:19+00:00,1.0
2021-04-30 20:14:09+00:00,0.0
2021-04-29 13:09:42+00:00,0.0
2021-04-08 09:41:31+00:00,50.5
2021-04-30 01:12:20+00:00,0.0
2021-04-28 22:15:00+00:00,0.0
2021-04-26 18:02:26+00:00,0.0
2021-04-11 21:56:52+00:00,2.0
2021-04-16 10:08:46+00:00,2.0
2021-04-28 17:09:13+00:00,1.0
2021-04-23 10:05:36+00:00,5.0
2021-04-29 07:24:08+00:00,0.0
2021-04-15 09:05:55+00:00,2451.0
2021-05-01 23:03:03+00:00,0.0
2021-04-20 14:17:39+00:00,1.0
2021-04-09 13:56:43+00:00,1.0
2021-04-23 03:10:53+00:00,2.0
2021-05-03 16:21:03+00:00,1.0
2021-04-25 15:15:06+00:00,1.0
2021-04-17 06:05:29+00:00,0.0
2021-04-23 12:19:48+00:00,50.0
2021-04-24 10:19:42+00:00,1.0
2021-04-05 13:47:30+00:00,1.0
2021-04-10 19:12:25+00:00,1.0
2021-04-25 06:29:00+00:00,1.0
2021-04-27 05:25:54+00:00,0.0
2021-04-19 09:43:44+00:00,2.0
2021-04-15 21:47:52+00:00,2.0
2021-04-21 08:30:49+00:00,0.0
2021-04-19 05:29:12+00:00,2.0
2021-04-08 19:22:01+00:00,2.0
2021-04-06 22:26:48+00:00,1.0
2021-04-14 21:16:27+00:00,1.0
2021-04-16 10:23:52+00:00,1.0
2021-04-27 02:26:42+00:00,0.0
2021-04-25 19:42:30+00:00,0.0
2021-04-10 18:00:09+00:00,1.0
2021-04-13 15:12:18+00:00,1.0
2021-04-19 09:48:59+00:00,1.0
2021-04-16 06:16:39+00:00,2.0
2021-04-28 06:33:51+00:00,0.0
2021-04-19 21:37:57+00:00,1.0
2021-04-24 11:27:10+00:00,1.0
2021-04-14 13:33:02+00:00,1.0
2021-04-25 21:49:55+00:00,0.0
2021-04-14 16:15:40+00:00,1.0
2021-04-29 23:08:11+00:00,0.0
2021-04-21 13:18:52+00:00,0.0
2021-04-18 12:09:56+00:00,1.0
2021-04-21 07:09:34+00:00,0.0
2021-04-14 18:13:07+00:00,2.0
2021-04-23 04:33:01+00:00,3.0
2021-04-07 08:04:17+00:00,1.0
2021-04-14 12:55:02+00:00,1.0
2021-04-11 22:24:06+00:00,1.0
2021-04-29 03:49:19+00:00,0.0
2021-04-16 08:45:00+00:00,2.0
2021-05-01 10:57:43+00:00,0.0
2021-04-25 13:04:12+00:00,1.0
2021-04-22 03:29:02+00:00,0.0
2021-04-07 11:06:39+00:00,1.0
2021-04-08 02:40:10+00:00,1.0
2021-04-18 05:53:50+00:00,2.0
2021-04-17 07:25:11+00:00,0.0
2021-04-23 00:16:52+00:00,3.0
2021-04-24 00:29:17+00:00,1.0
2021-04-19 08:36:07+00:00,1.0
2021-04-18 18:06:40+00:00,1.0
2021-04-20 12:58:34+00:00,1.0
2021-04-11 08:45:43+00:00,1.0
2021-04-21 08:55:39+00:00,0.0
2021-04-18 10:09:21+00:00,1.0
2021-04-26 03:00:19+00:00,0.0
2021-04-28 15:53:04+00:00,1.0
2021-04-06 01:21:51+00:00,1.0
2021-04-27 00:17:28+00:00,0.0
2021-04-12 18:38:37+00:00,1.0
2021-04-25 11:27:21+00:00,1.0
2021-04-17 03:42:32+00:00,0.0
2021-04-26 14:56:02+00:00,0.0
2021-04-18 17:26:57+00:00,1.0
2021-04-23 16:36:02+00:00,1.0
2021-04-10 21:31:51+00:00,1.0
2021-04-16 09:00:16+00:00,1.0
2021-05-03 01:20:35+00:00,1.0
2021-04-07 03:38:31+00:00,1.0
2021-04-13 15:26:20+00:00,1.0
2021-04-16 15:31:15+00:00,1.0
2021-04-10 00:30:52+00:00,1.95
2021-04-30 08:31:43+00:00,0.0
2021-04-30 21:55:26+00:00,0.0
2021-04-09 21:48:43+00:00,1.95
2021-04-30 10:47:50+00:00,0.0
2021-04-25 21:58:02+00:00,0.0
2021-04-07 09:00:19+00:00,1.0
2021-04-30 18:59:04+00:00,0.0
2021-04-20 05:38:35+00:00,1.0
2021-04-10 07:55:02+00:00,1.95
2021-04-12 11:00:45+00:00,1.0
2021-05-01 19:01:36+00:00,0.0
2021-04-26 07:30:36+00:00,0.0
2021-04-05 22:11:28+00:00,1.0
2021-05-03 11:24:42+00:00,1.0
2021-04-13 03:25:56+00:00,1.0
2021-04-09 21:57:48+00:00,1.95
2021-04-24 17:43:31+00:00,1.0
2021-04-26 02:03:14+00:00,0.0
2021-04-22 00:18:18+00:00,0.0
2021-04-28 22:41:57+00:00,0.0
2021-04-27 23:33:54+00:00,0.0
2021-05-03 19:22:34+00:00,1.0
2021-04-28 07:25:00+00:00,0.0
2021-04-09 15:54:58+00:00,2.0
2021-04-19 13:17:06+00:00,2.0
2021-04-08 16:40:30+00:00,1.0
2021-04-10 09:01:45+00:00,1.95
2021-05-01 01:04:55+00:00,0.0
2021-05-03 00:09:13+00:00,1.0
2021-04-10 18:34:52+00:00,1.0
2021-04-13 21:05:39+00:00,2.0
2021-04-17 22:34:01+00:00,1.0
2021-04-20 17:06:45+00:00,1.0
2021-04-30 19:42:03+00:00,0.0
2021-04-29 19:36:45+00:00,0.0
2021-04-21 16:43:12+00:00,5.0
2021-04-11 19:48:53+00:00,1.0
2021-04-22 12:53:58+00:00,0.0
2021-05-01 21:12:45+00:00,0.0
2021-04-12 16:56:49+00:00,1.0
2021-04-28 13:05:32+00:00,1.0
2021-04-12 18:01:46+00:00,2.0
2021-04-07 23:28:33+00:00,1.0
2021-05-03 06:29:08+00:00,1.0
2021-04-13 00:32:03+00:00,1.0
2021-04-10 06:25:10+00:00,1.95
2021-04-25 18:20:00+00:00,1.0
2021-04-23 19:47:26+00:00,1.0
2021-04-09 06:21:27+00:00,1.0
2021-04-12 20:02:08+00:00,1.0
2021-04-26 18:03:15+00:00,0.0
2021-04-21 05:47:45+00:00,0.0
2021-04-05 05:53:33+00:00,1.0
2021-05-01 01:56:05+00:00,0.0
2021-04-21 15:41:46+00:00,137.0
2021-04-09 02:46:06+00:00,1.0
2021-04-07 09:45:34+00:00,1.0
2021-04-14 10:24:07+00:00,1.0
2021-05-01 22:51:50+00:00,0.0
2021-04-15 15:39:31+00:00,2.0
2021-04-16 09:38:34+00:00,1.0
2021-04-12 10:35:02+00:00,1.0
2021-04-30 19:35:25+00:00,0.0
2021-04-15 13:13:40+00:00,1.0
2021-05-03 02:48:54+00:00,1.0
2021-04-28 20:50:39+00:00,1.0
2021-05-01 04:09:04+00:00,0.0
2021-04-21 16:20:55+00:00,42.0
2021-04-26 16:06:41+00:00,0.0
2021-04-29 12:28:02+00:00,0.0
2021-04-16 11:10:56+00:00,1.0
2021-04-22 14:16:33+00:00,0.0
2021-04-29 18:52:43+00:00,0.0
2021-04-23 03:52:56+00:00,3.0
2021-04-20 05:37:59+00:00,1.0
2021-04-08 16:46:01+00:00,1.0
2021-04-09 14:36:08+00:00,1.0
2021-04-12 12:35:37+00:00,1.0
2021-04-05 22:23:34+00:00,1.0
2021-04-10 19:52:49+00:00,1.0
2021-04-20 14:13:08+00:00,1.0
2021-04-13 00:17:24+00:00,1.0
2021-04-09 15:07:30+00:00,1.0
2021-04-15 22:36:52+00:00,1.0
2021-04-05 02:50:31+00:00,1.0
2021-04-27 10:06:49+00:00,0.0
2021-04-20 11:41:27+00:00,1.0
2021-04-08 15:00:30+00:00,1.0
2021-04-19 15:02:20+00:00,1.0
2021-04-16 03:10:34+00:00,1.0
2021-04-28 11:16:13+00:00,1.0
2021-04-18 14:03:57+00:00,1.0
2021-04-24 13:46:13+00:00,1.0
2021-04-19 00:14:50+00:00,1.0
2021-05-02 14:59:00+00:00,1.0
2021-04-08 22:11:45+00:00,1.0
2021-04-25 18:10:23+00:00,1.0
2021-05-01 21:15:55+00:00,0.0
2021-04-17 18:01:55+00:00,2.0
2021-05-03 21:30:26+00:00,1.0
2021-04-29 23:17:22+00:00,0.0
2021-04-20 17:42:59+00:00,1.0
2021-04-23 20:35:08+00:00,1.0
2021-04-17 10:48:24+00:00,0.0
2021-04-20 17:01:43+00:00,2.0
2021-04-28 13:25:31+00:00,1.0
2021-04-08 06:52:38+00:00,1.0
2021-04-19 07:58:46+00:00,1.0
2021-04-16 23:39:49+00:00,0.0
2021-04-22 13:07:18+00:00,0.0
2021-04-24 07:48:30+00:00,1.0
2021-04-15 21:45:36+00:00,1.0
2021-04-18 17:48:03+00:00,1.0
2021-04-08 12:12:59+00:00,1.0
2021-04-24 09:50:44+00:00,1.0
2021-04-24 23:48:41+00:00,1.0
2021-04-07 01:02:36+00:00,1.0
2021-04-15 23:42:59+00:00,2.0
2021-04-30 15:47:36+00:00,0.0
2021-04-28 18:43:26+00:00,1.0
2021-04-12 01:32:58+00:00,2.0
2021-04-04 21:55:15+00:00,1.0
2021-04-14 10:29:55+00:00,1.0
2021-04-22 19:32:24+00:00,0.0
2021-04-20 21:43:50+00:00,2.0
2021-04-10 04:12:15+00:00,1.95
2021-04-15 08:18:17+00:00,2.0
2021-04-16 06:48:21+00:00,1.0
2021-04-19 04:05:45+00:00,2.0
2021-05-01 19:55:30+00:00,0.0
2021-04-11 17:02:33+00:00,2.0
2021-04-05 23:19:28+00:00,1.0
2021-04-09 04:41:14+00:00,1.0
2021-05-01 08:43:32+00:00,0.0
2021-05-01 02:33:04+00:00,0.0
2021-04-26 01:11:24+00:00,0.0
2021-04-09 04:20:54+00:00,1.0
2021-04-14 18:19:23+00:00,2.0
2021-04-27 23:49:48+00:00,0.0
2021-04-19 07:08:01+00:00,1.0
2021-04-12 05:15:53+00:00,1.0
2021-04-16 01:41:38+00:00,2.0
2021-04-15 15:57:28+00:00,2.0
2021-04-07 17:04:50+00:00,1.0
2021-04-20 21:25:07+00:00,1.0
2021-04-09 19:54:08+00:00,2.0
2021-04-26 15:43:25+00:00,0.0
2021-04-06 22:28:00+00:00,1.0
2021-04-29 02:37:27+00:00,0.0
2021-04-04 22:53:25+00:00,1.0
2021-05-02 10:12:27+00:00,0.0
2021-04-29 07:35:10+00:00,0.0
2021-05-03 05:51:58+00:00,1.0
2021-04-12 09:39:51+00:00,1.0
2021-04-11 11:55:56+00:00,2.0
2021-04-24 23:15:26+00:00,1.0
2021-04-22 14:56:50+00:00,0.0
2021-04-16 05:52:35+00:00,1.0
2021-04-07 23:04:13+00:00,1.0
2021-04-06 00:00:01+00:00,1.0
2021-04-16 11:55:05+00:00,2.0
2021-04-22 09:15:05+00:00,0.0
2021-04-12 03:05:30+00:00,1.0
2021-04-29 14:32:10+00:00,0.0
2021-05-03 22:00:43+00:00,1.0
2021-04-24 01:24:30+00:00,1.0
2021-04-29 07:43:59+00:00,0.0
2021-04-29 01:39:22+00:00,0.0
2021-04-05 18:21:55+00:00,1.0
2021-04-11 14:35:26+00:00,1.0
2021-04-26 00:55:11+00:00,0.0
2021-04-11 23:18:16+00:00,1.0
2021-04-15 23:06:49+00:00,2.0
2021-04-27 17:27:34+00:00,0.0
2021-04-22 13:30:06+00:00,0.0
2021-04-20 00:08:09+00:00,2.0
2021-04-30 14:53:04+00:00,0.0
2021-04-06 23:27:35+00:00,1.0
2021-05-03 11:17:52+00:00,1.0
2021-04-13 21:04:49+00:00,1.0
2021-05-02 12:38:16+00:00,0.0
2021-04-23 00:45:46+00:00,3.0
2021-04-30 06:14:15+00:00,0.0
2021-04-25 20:20:30+00:00,0.0
2021-04-30 02:16:10+00:00,0.0
2021-05-02 13:54:04+00:00,143.0
2021-04-29 17:23:22+00:00,0.0
2021-04-07 02:21:07+00:00,1.0
2021-05-03 11:52:20+00:00,1.0
2021-04-18 23:08:52+00:00,1.0
2021-04-08 17:07:58+00:00,1.0
2021-04-08 02:52:56+00:00,1.0
2021-04-11 05:31:14+00:00,1.0
2021-04-29 13:55:08+00:00,0.0
2021-04-21 03:58:10+00:00,0.0
2021-04-08 19:01:03+00:00,2.0
2021-04-29 10:34:24+00:00,0.0
2021-05-01 04:32:28+00:00,0.0
2021-04-24 18:14:01+00:00,1.0
2021-04-08 19:37:15+00:00,2.0
2021-04-10 07:04:02+00:00,1.95
2021-04-09 03:26:44+00:00,1.0
2021-04-08 16:48:23+00:00,1.0
2021-04-19 21:10:14+00:00,1.0
2021-04-29 03:14:15+00:00,0.0
2021-04-29 13:08:13+00:00,0.0
2021-04-19 21:48:09+00:00,1.0
2021-04-25 19:16:17+00:00,0.0
2021-04-17 23:51:38+00:00,2.0
2021-04-06 12:51:47+00:00,1.0
2021-04-21 07:26:35+00:00,0.0
2021-04-08 15:17:14+00:00,1.0
2021-05-01 17:56:51+00:00,0.0
2021-04-09 15:19:53+00:00,1.0
2021-04-16 16:18:42+00:00,1.0
2021-04-07 16:16:09+00:00,1.0
2021-04-12 23:45:21+00:00,1.0
2021-04-29 15:17:45+00:00,0.0
2021-04-19 19:09:33+00:00,1.0
2021-04-09 09:22:43+00:00,2.0
2021-04-27 09:12:27+00:00,0.0
2021-04-29 21:06:46+00:00,0.0
2021-04-21 22:42:27+00:00,0.0
2021-05-01 03:42:05+00:00,0.0
2021-04-15 10:07:58+00:00,1.0
2021-04-18 04:55:42+00:00,2.0
2021-04-09 14:52:01+00:00,1.0
2021-04-09 22:28:26+00:00,1.95
2021-04-27 14:41:30+00:00,0.0
2021-04-12 19:30:36+00:00,1.0
2021-04-27 05:56:56+00:00,0.0
2021-04-05 04:13:01+00:00,1.0
2021-04-12 23:10:10+00:00,1.0
2021-04-09 00:55:43+00:00,1.0
2021-05-01 18:53:47+00:00,0.0
2021-04-20 12:57:57+00:00,2.0
2021-04-23 14:32:05+00:00,5.0
2021-04-12 17:40:36+00:00,1.0
2021-04-17 05:48:39+00:00,0.0
2021-04-24 10:33:56+00:00,1.0
2021-04-16 00:45:25+00:00,2.0
2021-04-14 19:01:34+00:00,2.0
2021-05-01 17:49:26+00:00,0.0
2021-04-11 04:49:48+00:00,1.0
2021-05-03 10:19:07+00:00,1.0
2021-04-14 13:07:36+00:00,1.0
2021-04-17 14:59:16+00:00,0.0
2021-04-30 23:31:41+00:00,0.0
2021-04-23 19:18:44+00:00,1.0
2021-04-12 08:45:07+00:00,1.0
2021-04-21 15:17:59+00:00,0.0
2021-04-26 14:11:34+00:00,0.0
2021-04-06 09:10:01+00:00,1.0
2021-05-01 07:11:33+00:00,0.0
2021-04-11 08:34:52+00:00,1.0
2021-04-12 21:01:26+00:00,1.0
2021-05-03 12:48:27+00:00,1.0
2021-04-11 23:40:25+00:00,2.0
2021-04-30 23:23:07+00:00,0.0
2021-04-23 21:21:04+00:00,1.0
2021-04-08 08:47:55+00:00,1.0
2021-04-15 20:58:52+00:00,2.0
2021-04-24 13:17:24+00:00,2.0
2021-04-07 15:58:53+00:00,1.0
2021-04-26 04:33:18+00:00,0.0
2021-04-22 11:40:55+00:00,0.0
2021-04-22 01:58:15+00:00,0.0
2021-05-03 20:11:03+00:00,1.0
2021-04-28 13:01:07+00:00,1.0
2021-04-06 09:17:38+00:00,1.0
2021-04-07 01:11:56+00:00,1.0
2021-04-18 10:49:38+00:00,1.0
2021-04-27 04:57:23+00:00,0.0
2021-04-30 22:22:54+00:00,0.0
2021-04-30 04:51:42+00:00,0.0
2021-04-17 19:46:38+00:00,1.0
2021-04-11 04:36:09+00:00,2.0
2021-04-12 02:54:30+00:00,1.0
2021-04-16 18:07:01+00:00,0.0
2021-04-05 17:24:54+00:00,1.0
2021-04-06 02:13:39+00:00,1.0
2021-04-25 08:41:51+00:00,1.0
2021-04-23 20:22:46+00:00,1.0
2021-04-28 08:57:14+00:00,86.0
2021-04-08 00:09:08+00:00,1.0
2021-04-12 07:16:09+00:00,1.0
2021-05-03 11:23:12+00:00,1.0
2021-04-29 03:56:22+00:00,0.0
2021-04-22 13:51:56+00:00,0.0
2021-05-02 20:20:09+00:00,1.0
2021-04-15 00:15:56+00:00,2.0
2021-04-16 15:14:54+00:00,2.0
2021-04-17 15:35:10+00:00,0.0
2021-04-21 19:55:44+00:00,2.0
2021-04-26 10:23:22+00:00,0.0
2021-04-19 08:08:50+00:00,1.0
2021-04-29 21:01:58+00:00,0.0
2021-04-18 17:12:47+00:00,1.0
2021-04-05 12:30:45+00:00,1.0
2021-04-16 02:11:07+00:00,1.0
2021-04-28 13:42:57+00:00,1.0
2021-04-17 15:00:21+00:00,0.0
2021-04-16 02:01:51+00:00,1.0
2021-04-17 21:04:59+00:00,1.0
2021-04-20 14:01:08+00:00,1.0
2021-04-30 19:14:00+00:00,0.0
2021-04-14 22:15:26+00:00,1.0
2021-04-21 20:17:48+00:00,1.0
2021-04-20 07:38:29+00:00,2.0
2021-05-01 01:16:27+00:00,0.0
2021-04-29 23:19:25+00:00,0.0
2021-04-21 22:22:31+00:00,0.0
2021-04-08 16:11:26+00:00,1.0
2021-04-18 05:32:21+00:00,1.0
2021-05-02 06:12:17+00:00,0.0
2021-04-17 16:41:03+00:00,0.0
2021-04-13 20:49:50+00:00,1.0
2021-04-28 16:46:47+00:00,1.0
2021-04-17 06:34:12+00:00,0.0
2021-04-08 07:08:58+00:00,1.0
2021-04-15 08:40:20+00:00,2.0
2021-04-10 15:09:33+00:00,2507.0
2021-04-22 22:27:39+00:00,3.0
2021-04-05 21:56:03+00:00,1.0
2021-04-25 07:13:17+00:00,2.0
2021-05-01 23:20:24+00:00,0.0
2021-04-28 06:08:00+00:00,0.0
2021-05-03 11:42:45+00:00,1.0
2021-04-26 16:29:22+00:00,0.0
2021-04-28 09:50:32+00:00,1.0
2021-04-26 07:30:48+00:00,0.0
2021-04-06 10:57:20+00:00,1.0
2021-04-13 05:08:56+00:00,1.0
2021-04-23 08:05:56+00:00,8.5
2021-05-03 03:59:41+00:00,1.0
2021-04-28 22:12:19+00:00,0.0
2021-04-26 03:34:46+00:00,0.0
2021-04-08 23:43:26+00:00,2.0
2021-04-30 07:21:05+00:00,0.0
2021-04-23 15:28:08+00:00,1.0
2021-04-11 05:34:41+00:00,1.0
2021-05-02 11:22:32+00:00,0.0
2021-04-29 19:18:23+00:00,0.0
2021-04-18 01:05:01+00:00,1.0
2021-04-23 22:19:55+00:00,1.0
2021-04-22 03:48:24+00:00,0.0
2021-04-09 15:00:16+00:00,1.0
2021-04-06 14:17:26+00:00,1.0
2021-04-25 05:33:16+00:00,1.0
2021-04-16 00:50:59+00:00,1.0
2021-04-30 10:20:00+00:00,0.0
2021-04-14 03:46:37+00:00,1.0
2021-05-03 04:54:02+00:00,1.0
2021-05-01 16:16:03+00:00,0.0
2021-05-03 23:02:25+00:00,1.0
2021-04-17 07:01:48+00:00,0.0
2021-04-26 00:50:29+00:00,0.0
2021-04-20 01:18:16+00:00,2.0
2021-04-05 08:19:09+00:00,1.0
2021-04-17 23:55:12+00:00,2.0
2021-04-24 09:56:48+00:00,1.0
2021-05-03 01:12:43+00:00,1.0
2021-04-10 12:54:42+00:00,1.95
2021-04-28 03:58:05+00:00,0.0
2021-04-27 01:17:54+00:00,0.0
2021-04-24 03:07:18+00:00,1.0
2021-04-18 00:59:55+00:00,1.0
2021-04-16 04:16:06+00:00,1.0
2021-05-02 07:14:27+00:00,0.0
2021-04-22 10:01:36+00:00,0.0
2021-04-14 12:44:11+00:00,2.0
2021-04-08 03:52:39+00:00,1.0
2021-04-10 16:55:36+00:00,128.0
2021-04-13 08:41:16+00:00,1.0
2021-04-18 11:41:14+00:00,2.0
2021-05-03 01:13:28+00:00,1.0
2021-04-18 12:12:05+00:00,2.0
2021-04-05 02:17:59+00:00,1.0
2021-04-08 09:21:25+00:00,2407.0
2021-04-16 22:58:08+00:00,0.0
2021-04-21 08:32:04+00:00,0.0
2021-05-03 10:15:56+00:00,1.0
2021-04-19 07:26:04+00:00,2.0
2021-04-18 06:35:43+00:00,2.0
2021-05-02 22:58:31+00:00,1.0
2021-04-10 19:29:02+00:00,1.0
2021-04-23 05:55:49+00:00,3.0
2021-04-28 13:54:39+00:00,1.0
2021-04-22 03:24:13+00:00,0.0
2021-04-15 15:23:54+00:00,1.0
2021-04-27 15:11:51+00:00,0.0
2021-04-16 14:12:48+00:00,1.0
2021-04-20 15:31:25+00:00,1.0
2021-04-20 04:42:28+00:00,2.0
2021-04-08 15:59:20+00:00,1.0
2021-04-08 20:34:10+00:00,2.0
2021-05-01 01:11:48+00:00,0.0
2021-04-29 18:34:48+00:00,0.0
2021-04-28 12:10:33+00:00,1.0
2021-04-14 15:11:16+00:00,1.0
2021-04-24 22:09:37+00:00,1.0
2021-04-05 04:59:17+00:00,1.0
2021-04-06 19:42:07+00:00,1.0
2021-04-09 09:34:10+00:00,1.0
2021-05-01 14:57:49+00:00,0.0
2021-04-14 03:29:47+00:00,2.0
2021-04-27 15:02:15+00:00,0.0
2021-04-29 11:15:11+00:00,0.0
2021-04-12 01:57:10+00:00,1.0
2021-04-25 12:22:35+00:00,1.0
2021-04-13 05:12:44+00:00,1.0
2021-04-29 00:35:38+00:00,0.0
2021-04-15 11:11:45+00:00,2.0
2021-04-16 20:54:18+00:00,0.0
2021-04-28 10:07:21+00:00,1.0
2021-04-16 14:51:08+00:00,1.0
2021-04-08 17:55:37+00:00,1.0
2021-04-08 04:21:49+00:00,1.0
2021-04-14 03:43:34+00:00,1.0
2021-04-07 16:56:32+00:00,1.0
2021-04-21 20:47:56+00:00,1.0
2021-04-26 07:05:16+00:00,0.0
2021-04-10 22:58:28+00:00,1.0
2021-04-14 09:10:35+00:00,1.0
2021-04-11 04:21:46+00:00,2.0
2021-04-21 09:34:43+00:00,0.0
2021-04-21 11:01:37+00:00,0.0
2021-04-17 10:23:49+00:00,0.0
2021-04-12 19:10:15+00:00,2.0
2021-04-13 10:27:25+00:00,1.0
2021-04-13 00:35:58+00:00,1.0
2021-04-18 20:07:25+00:00,1.0
2021-04-20 02:16:49+00:00,2.0
2021-05-02 20:37:14+00:00,1.0
2021-04-23 11:07:06+00:00,174.0
2021-05-01 05:46:34+00:00,0.0
2021-04-30 06:46:23+00:00,0.0
2021-04-05 09:21:55+00:00,1.0
2021-04-06 08:03:18+00:00,1.0
2021-04-14 02:21:07+00:00,2.0
2021-04-21 18:51:24+00:00,2.0
2021-04-09 01:00:25+00:00,2.0
2021-04-14 14:04:58+00:00,1.0
2021-04-22 03:14:16+00:00,0.0
2021-04-28 01:17:11+00:00,0.0
2021-04-25 19:16:36+00:00,0.0
2021-04-28 01:42:39+00:00,0.0
2021-04-27 15:27:51+00:00,0.0
2021-05-01 17:43:57+00:00,0.0
2021-04-15 23:21:33+00:00,1.0
2021-04-23 16:40:34+00:00,1.0
2021-04-18 03:54:31+00:00,2.0
2021-05-03 15:13:06+00:00,1.0
2021-04-17 18:15:42+00:00,2.0
2021-04-16 03:55:02+00:00,2.0
2021-04-12 10:09:53+00:00,1.0
2021-04-14 14:34:19+00:00,1.0
2021-04-10 05:58:37+00:00,1.95
2021-04-21 15:13:10+00:00,0.0
2021-04-30 22:16:00+00:00,0.0
2021-04-25 23:30:06+00:00,0.0
2021-04-19 08:04:50+00:00,1.0
2021-04-19 03:58:24+00:00,1.0
2021-04-22 21:19:32+00:00,0.0
2021-05-02 16:58:36+00:00,1.0
2021-04-25 00:39:02+00:00,1.0
2021-04-21 21:52:01+00:00,0.0
2021-04-25 13:30:58+00:00,1.0
2021-04-14 12:20:43+00:00,2.0
2021-04-08 04:06:37+00:00,1.0
2021-04-05 15:55:34+00:00,1.0
2021-04-17 01:03:20+00:00,0.0
2021-04-15 08:55:40+00:00,32.0
2021-04-12 01:54:29+00:00,2.0
2021-04-17 01:15:36+00:00,0.0
2021-04-29 11:39:41+00:00,0.0
2021-04-25 00:16:34+00:00,1.0
2021-04-13 19:14:15+00:00,1.0
2021-05-03 23:52:29+00:00,1.0
2021-04-29 09:32:55+00:00,0.0
2021-04-28 01:55:04+00:00,0.0
2021-05-02 22:49:24+00:00,1.0
2021-04-30 18:42:20+00:00,0.0
2021-04-21 02:58:53+00:00,0.0
2021-04-08 05:49:57+00:00,1.0
2021-05-03 20:04:14+00:00,1.0
2021-04-21 06:34:12+00:00,0.0
2021-04-27 05:07:07+00:00,0.0
2021-04-15 23:30:54+00:00,1.0
2021-04-27 20:08:57+00:00,0.0
2021-04-13 17:21:25+00:00,2.0
2021-04-22 09:54:43+00:00,0.0
2021-04-15 12:49:50+00:00,1.0
2021-04-10 10:22:06+00:00,1.95
2021-04-04 22:43:32+00:00,1.0
2021-04-07 08:48:04+00:00,1.0
2021-04-23 12:55:49+00:00,452.0
2021-04-29 03:25:37+00:00,0.0
2021-04-16 00:03:08+00:00,2.0
2021-04-07 01:31:52+00:00,1.0
2021-04-26 08:10:38+00:00,0.0
2021-04-17 08:09:26+00:00,0.0
2021-04-07 12:06:36+00:00,1.0
2021-04-24 17:40:03+00:00,1.0
2021-04-12 10:36:29+00:00,1.0
2021-04-15 06:35:33+00:00,2.0
2021-04-05 00:42:09+00:00,1.0
2021-04-16 04:26:34+00:00,1.0
2021-04-20 17:08:04+00:00,1.0
2021-04-22 08:48:55+00:00,0.0
2021-04-19 06:06:43+00:00,2.0
2021-04-19 16:10:56+00:00,1.0
2021-05-01 06:38:39+00:00,0.0
2021-04-25 07:13:37+00:00,1.0
2021-04-25 11:34:55+00:00,1.0
2021-04-28 13:19:56+00:00,1.0
2021-04-11 20:52:40+00:00,1.0
2021-04-20 20:42:38+00:00,1.0
2021-05-03 14:31:55+00:00,1.0
2021-04-07 21:34:33+00:00,1.0
2021-04-27 01:02:12+00:00,0.0
2021-04-28 08:46:57+00:00,129.0
2021-04-19 04:33:58+00:00,2.0
2021-04-09 09:19:07+00:00,1.0
2021-04-22 15:18:57+00:00,0.0
2021-04-12 15:20:42+00:00,1.0
2021-04-19 02:50:34+00:00,1.0
2021-04-24 02:12:11+00:00,1.0
2021-04-12 21:31:04+00:00,1.0
2021-04-25 14:16:11+00:00,1.0
2021-05-03 18:03:21+00:00,1.0
2021-04-18 16:58:49+00:00,1.0
2021-04-23 19:58:27+00:00,1.0
2021-04-19 03:17:32+00:00,1.0
2021-04-09 23:08:11+00:00,1.95
2021-04-18 22:48:49+00:00,1.0
2021-04-06 15:03:50+00:00,1.0
2021-04-07 07:23:36+00:00,1.0
2021-04-11 23:15:40+00:00,1.0
2021-04-08 09:33:49+00:00,2440.0
2021-05-02 07:06:57+00:00,0.0
2021-04-30 13:29:59+00:00,0.0
2021-04-27 05:54:22+00:00,0.0
2021-04-05 16:24:30+00:00,1.0
2021-04-09 00:29:23+00:00,1.0
2021-04-06 20:38:29+00:00,1.0
2021-04-19 18:30:00+00:00,2.0
2021-04-29 03:58:13+00:00,0.0
2021-05-03 21:01:23+00:00,1.0
2021-05-02 23:27:26+00:00,1.0
2021-04-14 00:45:39+00:00,1.0
2021-05-03 17:43:35+00:00,1.0
2021-04-05 20:22:31+00:00,1.0
2021-04-13 22:49:35+00:00,1.0
2021-04-09 07:28:23+00:00,1.0
2021-04-16 04:08:08+00:00,2.0
2021-04-30 01:00:44+00:00,0.0
2021-04-11 14:32:16+00:00,1.0
2021-04-14 14:08:32+00:00,1.0
2021-04-14 14:38:27+00:00,2.0
2021-04-21 13:15:47+00:00,0.0
2021-04-28 02:30:44+00:00,0.0
2021-04-14 09:50:10+00:00,1.0
2021-04-10 22:39:50+00:00,2.0
2021-04-05 09:47:26+00:00,1.0
2021-04-12 11:33:56+00:00,1.0
2021-05-01 20:39:34+00:00,0.0
2021-04-30 03:32:48+00:00,0.0
2021-04-23 03:31:41+00:00,3.0
2021-04-06 02:08:53+00:00,1.0
2021-04-22 17:06:43+00:00,0.0
2021-04-05 03:11:32+00:00,1.0
2021-05-01 08:08:17+00:00,0.0
2021-04-24 22:10:46+00:00,1.0
2021-04-23 15:47:01+00:00,1.0
2021-04-26 08:21:04+00:00,0.0
2021-04-05 03:32:25+00:00,1.0
2021-05-01 17:26:34+00:00,0.0
2021-04-12 13:02:47+00:00,1.0
2021-04-04 23:10:48+00:00,1.0
2021-04-26 01:52:50+00:00,0.0
2021-04-24 07:54:31+00:00,1.0
2021-04-11 03:51:53+00:00,1.0
2021-04-06 14:14:23+00:00,1.0
2021-04-11 15:56:21+00:00,1.0
2021-04-25 18:50:29+00:00,1.0
2021-04-09 22:25:34+00:00,1.95
2021-04-10 15:00:15+00:00,52.0
2021-04-19 23:15:42+00:00,1.0
2021-04-19 20:44:55+00:00,1.0
2021-04-30 11:56:54+00:00,0.0
2021-04-23 05:38:36+00:00,3.0
2021-04-16 04:35:02+00:00,2.0
2021-04-11 20:15:25+00:00,1.0
2021-04-27 00:44:23+00:00,0.0
2021-04-07 07:35:46+00:00,1.0
2021-04-16 23:28:44+00:00,0.0
2021-04-05 17:03:32+00:00,1.0
2021-05-01 18:46:59+00:00,0.0
2021-04-14 06:09:46+00:00,1.0
2021-05-03 22:27:41+00:00,1.0
2021-04-29 01:55:28+00:00,0.0
2021-04-28 12:37:23+00:00,1.0
2021-04-06 19:33:39+00:00,1.0
2021-04-24 14:12:24+00:00,1.0
2021-04-29 09:36:51+00:00,0.0
2021-04-21 10:22:28+00:00,0.0
2021-04-10 15:09:50+00:00,234.0
2021-04-08 15:38:30+00:00,1.0
2021-05-03 12:33:14+00:00,1.0
2021-04-12 17:22:31+00:00,2.0
2021-04-20 00:59:57+00:00,2.0
2021-04-23 20:55:39+00:00,1.0
2021-04-10 00:13:49+00:00,1.95
2021-04-26 02:41:22+00:00,0.0
2021-04-04 23:41:08+00:00,1.0
2021-04-07 18:43:02+00:00,1.0
2021-04-23 02:28:36+00:00,3.0
2021-05-03 01:04:28+00:00,1.0
2021-04-22 17:54:12+00:00,0.0
2021-04-20 06:35:38+00:00,1.0
2021-04-14 16:11:29+00:00,1.0
2021-04-07 00:16:23+00:00,1.0
2021-05-02 04:11:58+00:00,0.0
2021-04-25 14:31:06+00:00,1.0
2021-04-27 02:25:23+00:00,0.0
2021-04-24 02:18:29+00:00,1.0
2021-04-13 09:31:07+00:00,2.0
2021-04-21 17:53:29+00:00,1.0
2021-04-20 10:08:30+00:00,1.0
2021-04-24 11:53:49+00:00,1.0
2021-04-13 00:34:10+00:00,1.0
2021-04-24 03:15:19+00:00,1.0
2021-04-11 02:13:57+00:00,1.0
2021-04-16 19:25:14+00:00,0.0
2021-04-05 12:53:31+00:00,1.0
2021-04-18 22:24:14+00:00,1.0
2021-04-12 07:35:23+00:00,2.0
2021-04-16 05:07:10+00:00,2.0
2021-04-05 19:15:33+00:00,1.0
2021-04-28 20:50:54+00:00,1.0
2021-04-30 05:32:08+00:00,0.0
2021-04-09 22:22:35+00:00,1.95
2021-04-24 16:37:03+00:00,1.0
2021-04-21 20:59:42+00:00,1.0
2021-04-21 12:31:35+00:00,0.0
2021-04-21 07:13:51+00:00,0.0
2021-04-12 16:41:54+00:00,1.0
2021-04-22 10:54:52+00:00,0.0
2021-05-01 18:40:39+00:00,0.0
2021-04-28 15:34:39+00:00,1.0
2021-04-18 18:11:04+00:00,1.0
2021-04-18 06:03:46+00:00,2.0
2021-04-12 16:06:45+00:00,1.0
2021-04-29 07:13:55+00:00,0.0
2021-05-02 22:02:08+00:00,1.0
2021-05-02 09:19:21+00:00,0.0
2021-04-07 01:32:25+00:00,1.0
2021-05-03 17:10:37+00:00,1.0
2021-04-29 18:36:22+00:00,0.0
2021-04-08 10:21:39+00:00,5.0
2021-05-01 08:39:20+00:00,0.0
2021-04-12 05:05:00+00:00,2.0
2021-04-15 14:28:19+00:00,1.0
2021-05-01 14:21:50+00:00,0.0
2021-04-11 11:51:58+00:00,1.0
2021-04-07 16:17:49+00:00,1.0
2021-04-07 07:25:24+00:00,1.0
2021-04-27 00:28:15+00:00,0.0
2021-04-14 05:30:06+00:00,1.0
2021-04-12 10:34:21+00:00,1.0
2021-04-28 02:01:00+00:00,0.0
2021-04-26 20:50:17+00:00,0.0
2021-04-25 22:45:33+00:00,0.0
2021-04-13 06:03:21+00:00,1.0
2021-04-24 05:05:39+00:00,1.0
2021-04-18 13:54:40+00:00,2.0
2021-04-25 16:05:31+00:00,1.0
2021-04-29 03:03:12+00:00,0.0
2021-04-24 22:24:21+00:00,1.0
2021-04-10 19:03:02+00:00,1.0
2021-04-05 11:06:43+00:00,1.0
2021-04-27 21:15:39+00:00,0.0
2021-04-09 10:16:55+00:00,1.0
2021-04-14 10:42:54+00:00,2.0
2021-04-15 01:09:23+00:00,1.0
2021-04-12 01:56:14+00:00,1.0
2021-04-29 00:46:38+00:00,0.0
2021-04-20 07:22:49+00:00,2.0
2021-04-11 13:10:08+00:00,1.0
2021-05-01 21:57:01+00:00,0.0
2021-05-01 06:38:52+00:00,0.0
2021-04-06 07:02:58+00:00,1.0
2021-04-06 18:51:08+00:00,1.0
2021-05-01 05:11:56+00:00,0.0
2021-05-03 01:14:05+00:00,1.0
2021-04-05 14:08:04+00:00,1.0
2021-04-14 05:31:18+00:00,2.0
2021-04-23 11:13:58+00:00,94.0
2021-04-05 08:05:26+00:00,1.0
2021-04-15 06:46:51+00:00,1.0
2021-05-03 09:56:31+00:00,1.0
2021-04-23 05:57:01+00:00,3.0
2021-04-24 13:12:53+00:00,1.0
2021-04-23 10:18:27+00:00,1.0
2021-05-03 06:26:51+00:00,1.0
2021-04-18 22:53:31+00:00,1.0
2021-04-29 02:55:57+00:00,0.0
2021-04-25 14:59:49+00:00,1.0
2021-04-26 07:17:46+00:00,0.0
2021-04-24 13:47:52+00:00,1.0
2021-04-11 20:22:55+00:00,2.0
2021-04-10 20:02:57+00:00,1.0
2021-05-03 23:38:42+00:00,1.0
2021-04-13 22:34:00+00:00,1.0
2021-04-25 08:39:25+00:00,1.0
2021-04-17 15:49:58+00:00,0.0
2021-04-07 16:36:15+00:00,1.0
2021-04-11 17:02:08+00:00,2.0
2021-04-17 11:11:23+00:00,0.0
2021-04-28 16:21:08+00:00,1.0
2021-04-17 07:48:44+00:00,0.0
2021-04-07 20:12:12+00:00,1.0
2021-04-19 06:58:26+00:00,2.0
2021-04-28 02:14:26+00:00,0.0
2021-04-17 03:22:58+00:00,0.0
2021-04-22 00:49:36+00:00,0.0
2021-05-02 01:53:44+00:00,0.0
2021-04-23 19:30:45+00:00,1.0
2021-04-18 17:12:29+00:00,1.0
2021-04-25 05:10:58+00:00,1.0
2021-04-09 03:04:12+00:00,1.0
2021-05-01 04:24:17+00:00,0.0
2021-05-01 02:29:31+00:00,0.0
2021-04-24 08:16:32+00:00,1.0
2021-04-12 12:16:26+00:00,1.0
2021-05-03 13:52:40+00:00,1.0
2021-04-17 01:17:42+00:00,0.0
2021-04-24 21:38:39+00:00,1.0
2021-04-21 18:11:15+00:00,1.0
2021-04-07 18:26:52+00:00,1.0
2021-05-03 15:17:13+00:00,1.0
2021-04-28 23:37:53+00:00,0.0
2021-04-17 18:36:48+00:00,1.0
2021-04-08 16:02:49+00:00,1.0
2021-04-18 10:11:28+00:00,2.0
2021-04-28 23:55:15+00:00,0.0
2021-04-06 02:58:53+00:00,1.0
2021-04-19 13:44:21+00:00,1.0
2021-04-23 13:21:16+00:00,40.0
2021-05-03 16:16:47+00:00,1.0
2021-04-07 16:34:57+00:00,1.0
2021-04-26 13:28:21+00:00,0.0
2021-04-21 04:08:12+00:00,0.0
2021-04-08 01:26:16+00:00,2.0
2021-04-08 14:44:17+00:00,1.0
2021-04-27 21:56:57+00:00,0.0
2021-04-13 05:43:54+00:00,1.0
2021-04-13 19:52:05+00:00,1.0
2021-05-02 09:28:23+00:00,0.0
2021-04-05 20:23:08+00:00,1.0
2021-04-27 20:21:30+00:00,0.0
2021-05-02 09:19:29+00:00,0.0
2021-05-03 07:08:30+00:00,1.0
2021-04-27 20:42:04+00:00,0.0
2021-04-19 11:59:05+00:00,2.0
2021-04-11 05:14:28+00:00,2.0
2021-04-20 00:33:07+00:00,2.0
2021-04-08 20:18:24+00:00,1.0
2021-04-27 11:50:57+00:00,0.0
2021-04-21 02:25:33+00:00,0.0
2021-04-05 17:37:03+00:00,1.0
2021-04-09 11:53:57+00:00,2.0
2021-04-06 10:00:43+00:00,1.0
2021-04-09 03:13:41+00:00,2.0
2021-04-08 15:25:24+00:00,1.0
2021-04-23 15:10:35+00:00,378.0
2021-04-23 01:39:56+00:00,3.0
2021-04-14 13:06:45+00:00,2.0
2021-04-11 00:40:25+00:00,1.0
2021-04-13 14:48:02+00:00,1.0
2021-04-06 22:26:07+00:00,1.0
2021-04-17 11:01:19+00:00,0.0
2021-04-29 11:44:35+00:00,0.0
2021-04-14 20:47:39+00:00,2.0
2021-04-23 05:38:17+00:00,3.0
2021-04-25 21:10:40+00:00,0.0
2021-05-01 10:56:53+00:00,0.0
2021-04-08 20:13:32+00:00,2.0
2021-04-08 21:39:53+00:00,2.0
2021-05-03 07:30:16+00:00,1.0
2021-04-20 07:47:27+00:00,1.0
2021-04-28 22:14:28+00:00,0.0
2021-04-13 04:20:01+00:00,1.0
2021-04-18 09:09:33+00:00,2.0
2021-05-02 14:57:53+00:00,1.0
2021-04-10 12:31:58+00:00,1.95
2021-04-06 11:23:27+00:00,1.0
2021-04-08 04:53:46+00:00,1.0
2021-04-16 17:37:48+00:00,0.0
2021-05-01 07:20:05+00:00,0.0
2021-04-15 15:12:28+00:00,1.0
2021-04-18 07:42:41+00:00,1.0
2021-04-17 23:26:05+00:00,1.0
2021-04-16 15:37:17+00:00,1.0
2021-04-26 18:16:58+00:00,0.0
2021-04-20 14:02:47+00:00,2.0
2021-04-18 21:42:51+00:00,2.0
2021-04-21 12:03:59+00:00,0.0
2021-04-09 23:12:20+00:00,1.95
2021-04-17 04:02:28+00:00,0.0
2021-04-07 14:30:41+00:00,1.0
2021-04-12 01:04:17+00:00,2.0
2021-04-12 00:11:32+00:00,1.0
2021-04-07 13:57:27+00:00,1.0
2021-05-01 03:24:06+00:00,0.0
2021-05-01 09:37:05+00:00,0.0
2021-04-07 15:32:55+00:00,1.0
2021-04-07 00:09:05+00:00,1.0
2021-04-12 11:07:06+00:00,1.0
2021-04-22 18:00:41+00:00,0.0
2021-04-09 01:15:24+00:00,1.0
2021-05-02 13:12:18+00:00,11.0
2021-04-19 08:39:08+00:00,1.0
2021-04-15 07:26:14+00:00,1.0
2021-04-07 11:54:33+00:00,1.0
2021-04-07 06:00:56+00:00,1.0
2021-04-14 22:16:10+00:00,2.0
2021-04-19 18:41:15+00:00,2.0
2021-04-22 09:17:40+00:00,0.0
2021-04-22 09:36:01+00:00,0.0
2021-04-15 20:34:13+00:00,1.0
2021-04-24 13:27:35+00:00,1.0
2021-04-15 05:47:53+00:00,1.0
2021-04-07 21:06:42+00:00,1.0
2021-04-15 16:39:25+00:00,1.0
2021-04-07 03:13:52+00:00,1.0
2021-04-09 21:56:31+00:00,1.95
2021-04-06 00:27:49+00:00,1.0
2021-04-15 19:16:45+00:00,1.0
2021-04-11 13:19:34+00:00,1.0
2021-04-14 08:20:37+00:00,1.0
2021-04-08 19:01:10+00:00,2.0
2021-04-20 21:07:57+00:00,2.0
2021-04-26 08:13:39+00:00,0.0
2021-04-27 13:26:03+00:00,0.0
2021-04-15 13:47:08+00:00,2.0
2021-04-19 04:39:48+00:00,1.0
2021-04-18 01:07:26+00:00,2.0
2021-04-10 14:31:54+00:00,1.95
2021-04-29 17:28:02+00:00,0.0
2021-04-16 14:47:45+00:00,1.0
2021-04-13 02:09:40+00:00,1.0
2021-04-20 19:18:41+00:00,1.0
2021-04-18 13:41:14+00:00,2.0
2021-04-23 09:54:21+00:00,262.0
2021-04-17 15:27:56+00:00,0.0
2021-04-28 08:41:03+00:00,2507.0
2021-04-14 11:14:04+00:00,2.0
2021-04-12 18:15:02+00:00,1.0
2021-04-26 19:46:27+00:00,0.0
2021-05-01 00:10:39+00:00,0.0
2021-04-22 06:10:58+00:00,0.0
2021-04-10 05:50:57+00:00,1.95
2021-04-15 07:15:04+00:00,1.0
2021-04-20 19:19:40+00:00,1.0
2021-04-29 13:16:37+00:00,0.0
2021-04-11 14:15:06+00:00,1.0
2021-04-07 18:50:31+00:00,1.0
2021-04-14 22:50:37+00:00,1.0
2021-04-14 21:48:52+00:00,1.0
2021-04-22 10:40:32+00:00,0.0
2021-04-09 15:32:29+00:00,2.0
2021-04-26 10:39:26+00:00,0.0
2021-04-19 23:56:28+00:00,1.0
2021-04-06 20:32:37+00:00,1.0
2021-04-05 06:02:38+00:00,1.0
2021-04-09 15:19:11+00:00,2.0
2021-04-14 22:22:37+00:00,2.0
2021-04-25 18:17:01+00:00,1.0
2021-04-22 23:39:22+00:00,3.0
2021-04-09 18:07:23+00:00,1.0
2021-04-08 04:00:07+00:00,1.0
2021-05-02 05:15:45+00:00,0.0
2021-04-16 01:29:12+00:00,1.0
2021-04-05 09:18:14+00:00,1.0
2021-05-03 03:35:30+00:00,1.0
2021-04-24 15:39:33+00:00,1.0
2021-04-20 19:15:27+00:00,1.0
2021-05-02 09:13:34+00:00,0.0
2021-04-26 14:13:21+00:00,0.0
2021-04-29 15:51:27+00:00,0.0
2021-04-10 08:20:27+00:00,1.95
2021-04-13 01:42:43+00:00,1.0
2021-04-15 12:05:52+00:00,2.0
2021-05-01 01:41:31+00:00,0.0
2021-04-22 09:53:36+00:00,0.0
2021-04-12 22:31:50+00:00,1.0
2021-04-17 07:39:39+00:00,0.0
2021-05-01 03:33:29+00:00,0.0
2021-04-06 11:44:04+00:00,1.0
2021-04-13 01:47:36+00:00,1.0
2021-04-15 21:07:41+00:00,2.0
2021-04-26 16:48:39+00:00,0.0
2021-05-02 13:24:57+00:00,2496.0
2021-04-05 15:41:54+00:00,1.0
2021-04-28 11:40:42+00:00,1.0
2021-05-01 01:11:38+00:00,0.0
2021-04-15 19:30:39+00:00,2.0
2021-05-02 11:12:05+00:00,0.0
2021-05-02 02:31:01+00:00,0.0
2021-04-15 12:45:43+00:00,2.0
2021-04-15 11:14:39+00:00,1.0
2021-04-18 17:42:26+00:00,2.0
2021-04-08 20:17:21+00:00,2.0
2021-04-21 22:41:08+00:00,0.0
2021-04-24 10:36:02+00:00,1.0
2021-04-07 16:49:03+00:00,1.0
2021-04-21 04:29:18+00:00,0.0
2021-04-12 11:42:53+00:00,1.0
2021-05-03 07:17:47+00:00,1.0
2021-04-10 06:55:10+00:00,1.95
2021-04-14 13:08:13+00:00,1.0
2021-04-24 10:21:27+00:00,1.0
2021-04-12 11:51:19+00:00,2.0
2021-04-27 10:28:08+00:00,0.0
2021-04-18 20:08:09+00:00,1.0
2021-04-05 15:16:39+00:00,1.0
2021-05-03 05:23:15+00:00,1.0
2021-04-20 08:51:32+00:00,1.0
2021-04-29 18:18:38+00:00,0.0
2021-04-22 16:56:39+00:00,0.0
2021-04-21 00:23:27+00:00,0.0
2021-04-29 03:28:51+00:00,0.0
2021-04-28 04:11:42+00:00,0.0
2021-05-01 15:06:44+00:00,0.0
2021-05-03 06:03:56+00:00,1.0
2021-04-17 08:54:53+00:00,0.0
2021-05-01 12:09:50+00:00,0.0
2021-04-14 15:01:10+00:00,1.0
2021-04-19 07:20:19+00:00,1.0
2021-04-11 23:08:17+00:00,1.0
2021-04-30 18:16:41+00:00,0.0
2021-04-24 14:13:17+00:00,1.0
2021-04-27 07:26:05+00:00,0.0
2021-04-09 06:10:41+00:00,2.0
2021-04-23 20:50:59+00:00,1.0
2021-04-07 04:33:49+00:00,1.0
2021-04-24 23:06:52+00:00,1.0
2021-04-18 18:31:34+00:00,1.0
2021-04-07 08:08:07+00:00,1.0
2021-04-06 22:58:48+00:00,1.0
2021-04-29 22:45:59+00:00,0.0
2021-04-09 08:13:42+00:00,1.0
2021-04-08 13:53:01+00:00,1.0
2021-04-15 19:07:23+00:00,1.0
2021-04-05 12:53:32+00:00,1.0
2021-04-08 17:57:02+00:00,1.0
2021-04-11 09:44:18+00:00,1.0
2021-04-12 04:04:43+00:00,1.0
2021-05-01 14:37:39+00:00,0.0
2021-04-05 03:36:49+00:00,1.0
2021-05-01 04:56:14+00:00,0.0
2021-04-22 20:40:32+00:00,0.0
2021-04-26 17:38:05+00:00,0.0
2021-04-06 22:12:41+00:00,1.0
2021-04-18 06:06:12+00:00,2.0
2021-04-05 14:37:30+00:00,1.0
2021-04-18 15:36:44+00:00,1.0
2021-04-27 22:40:57+00:00,0.0
2021-04-30 15:20:45+00:00,0.0
2021-04-05 15:13:49+00:00,2.0
2021-04-26 17:25:39+00:00,0.0
2021-04-27 19:45:44+00:00,0.0
2021-04-20 15:30:46+00:00,2.0
2021-04-27 17:11:36+00:00,0.0
2021-04-21 13:38:15+00:00,0.0
2021-04-06 20:48:15+00:00,1.0
2021-04-22 11:12:09+00:00,0.0
2021-04-11 05:06:21+00:00,1.0
2021-04-25 04:08:25+00:00,1.0
2021-04-13 00:47:30+00:00,1.0
2021-04-22 09:26:37+00:00,0.0
2021-04-06 22:22:40+00:00,1.0
2021-05-02 11:41:35+00:00,0.0
2021-04-27 02:15:09+00:00,0.0
2021-04-09 22:29:48+00:00,1.95
2021-04-15 01:02:41+00:00,1.0
2021-04-22 11:55:22+00:00,0.0
2021-04-15 10:01:51+00:00,1.0
2021-04-19 23:37:50+00:00,2.0
2021-04-15 16:14:43+00:00,1.0
2021-04-08 03:04:22+00:00,1.0
2021-04-12 06:14:21+00:00,1.0
2021-04-06 22:00:38+00:00,1.0
2021-04-17 08:45:43+00:00,0.0
2021-04-22 04:27:33+00:00,0.0
2021-04-11 23:11:59+00:00,1.0
2021-04-20 14:44:24+00:00,1.0
2021-04-20 22:48:54+00:00,0.0
2021-04-06 23:18:57+00:00,1.0
2021-04-19 22:01:14+00:00,1.0
2021-04-11 04:58:52+00:00,1.0
2021-04-06 14:08:33+00:00,1.0
2021-04-26 12:23:59+00:00,0.0
2021-04-18 04:00:35+00:00,2.0
2021-04-28 00:55:19+00:00,0.0
2021-04-09 20:14:35+00:00,1.0
2021-04-29 00:57:50+00:00,0.0
2021-04-05 23:34:44+00:00,1.0
2021-04-10 05:37:02+00:00,1.95
2021-05-02 22:57:45+00:00,1.0
2021-04-14 00:10:17+00:00,2.0
2021-04-29 00:18:41+00:00,0.0
2021-04-18 16:31:44+00:00,2.0
2021-04-10 01:36:12+00:00,1.95
2021-04-18 20:13:00+00:00,1.0
2021-04-09 22:56:29+00:00,1.95
2021-04-18 19:22:28+00:00,2.0
2021-04-20 23:37:58+00:00,0.0
2021-04-26 00:52:26+00:00,0.0
2021-04-18 11:55:44+00:00,1.0
2021-04-09 16:45:52+00:00,1.0
2021-04-14 09:21:35+00:00,1.0
2021-04-19 11:28:35+00:00,1.0
2021-04-11 01:41:18+00:00,1.0
2021-04-30 23:29:12+00:00,0.0
2021-04-18 19:41:19+00:00,1.0
2021-04-13 01:23:50+00:00,1.0
2021-04-28 09:50:49+00:00,1.0
2021-04-26 08:24:48+00:00,0.0
2021-04-09 14:16:20+00:00,1.0
2021-04-16 19:27:58+00:00,0.0
2021-04-06 13:05:24+00:00,1.0
2021-05-02 05:09:27+00:00,0.0
2021-04-12 06:57:39+00:00,2.0
2021-05-02 13:06:52+00:00,0.0
2021-04-15 11:38:31+00:00,1.0
2021-04-27 19:31:35+00:00,0.0
2021-04-24 08:33:19+00:00,1.0
2021-05-03 11:53:55+00:00,1.0
2021-04-23 00:58:11+00:00,2.0
2021-04-29 09:26:22+00:00,0.0
2021-04-09 19:06:51+00:00,1.0
2021-04-14 16:32:47+00:00,1.0
2021-04-05 09:53:18+00:00,1.0
2021-04-28 10:33:25+00:00,1.0
2021-04-27 03:16:53+00:00,0.0
2021-04-21 01:24:55+00:00,0.0
2021-05-03 18:53:15+00:00,1.0
2021-04-15 15:13:06+00:00,2.0
2021-04-12 17:24:38+00:00,1.0
2021-04-23 07:32:25+00:00,3.0
2021-04-28 06:17:53+00:00,0.0
2021-04-12 16:56:24+00:00,1.0
2021-05-03 06:16:59+00:00,1.0
2021-05-02 10:20:12+00:00,0.0
2021-04-12 02:34:22+00:00,2.0
2021-04-10 06:03:04+00:00,1.95
2021-04-07 22:17:34+00:00,1.0
2021-04-24 22:00:48+00:00,1.0
2021-05-02 18:14:13+00:00,1.0
2021-04-16 09:54:07+00:00,1.0
2021-04-12 02:04:21+00:00,2.0
2021-04-20 16:25:19+00:00,2.0
2021-04-06 09:59:14+00:00,1.0
2021-04-09 00:44:31+00:00,1.0
2021-04-29 21:00:12+00:00,0.0
2021-04-30 05:55:17+00:00,0.0
2021-04-06 01:03:31+00:00,1.0
2021-04-18 18:58:04+00:00,1.0
2021-04-09 16:12:18+00:00,1.0
2021-05-03 13:22:32+00:00,1.0
2021-04-05 03:55:47+00:00,1.0
2021-04-21 06:06:08+00:00,0.0
2021-04-08 15:19:46+00:00,1.0
2021-04-29 11:00:17+00:00,0.0
2021-04-05 02:20:21+00:00,1.0
2021-04-19 17:23:37+00:00,1.0
2021-04-15 16:23:00+00:00,1.0
2021-04-15 08:55:24+00:00,120.0
2021-04-06 07:11:23+00:00,1.0
2021-04-05 14:32:59+00:00,1.0
2021-04-22 09:08:23+00:00,0.0
2021-04-29 03:59:45+00:00,0.0
2021-04-26 12:26:48+00:00,0.0
2021-04-28 07:03:39+00:00,0.0
2021-04-06 22:03:54+00:00,1.0
2021-04-19 03:10:45+00:00,1.0
2021-04-23 05:48:36+00:00,3.0
2021-05-01 03:16:11+00:00,0.0
2021-04-06 07:17:51+00:00,1.0
2021-05-02 00:46:59+00:00,0.0
2021-04-24 07:23:50+00:00,1.0
2021-04-28 07:53:58+00:00,0.0
2021-04-27 15:48:40+00:00,0.0
2021-04-24 22:59:00+00:00,1.0
2021-04-30 12:44:33+00:00,0.0
2021-04-22 01:10:10+00:00,0.0
2021-05-02 17:43:01+00:00,1.0
2021-04-21 13:03:17+00:00,0.0
2021-04-27 17:07:21+00:00,0.0
2021-04-12 23:40:49+00:00,1.0
2021-04-09 16:29:12+00:00,1.0
2021-04-12 22:45:27+00:00,1.0
2021-04-18 20:08:28+00:00,1.0
2021-04-17 06:25:23+00:00,0.0
2021-04-18 21:13:32+00:00,2.0
2021-04-14 10:48:39+00:00,2.0
2021-04-06 07:23:04+00:00,1.0
2021-04-26 15:58:05+00:00,0.0
2021-04-27 18:38:27+00:00,0.0
2021-04-07 00:09:11+00:00,1.0
2021-04-09 09:01:42+00:00,2.0
2021-04-29 23:34:36+00:00,0.0
2021-04-05 17:54:09+00:00,1.0
2021-04-06 00:30:36+00:00,1.0
2021-04-06 10:42:20+00:00,1.0
2021-04-16 07:49:10+00:00,2.0
2021-04-21 10:52:47+00:00,0.0
2021-04-16 03:06:53+00:00,2.0
2021-05-03 12:42:37+00:00,1.0
2021-04-15 11:14:58+00:00,1.0
2021-04-28 02:20:19+00:00,0.0
2021-04-30 11:57:29+00:00,0.0
2021-04-13 16:44:23+00:00,1.0
2021-04-13 04:43:37+00:00,1.0
2021-04-20 18:03:47+00:00,1.0
2021-04-18 11:25:34+00:00,1.0
2021-04-05 00:55:53+00:00,1.0
2021-05-01 08:30:07+00:00,0.0
2021-04-11 09:42:59+00:00,1.0
2021-04-21 18:29:49+00:00,1.0
2021-04-05 21:43:37+00:00,1.0
2021-04-26 11:13:27+00:00,0.0
2021-04-05 16:53:18+00:00,1.0
2021-04-15 06:38:34+00:00,2.0
2021-04-05 09:32:47+00:00,1.0
2021-04-08 13:01:55+00:00,1.0
2021-04-05 11:48:27+00:00,1.0
2021-04-21 05:18:48+00:00,0.0
2021-05-03 08:54:02+00:00,1.0
2021-04-05 00:20:58+00:00,1.0
2021-05-03 01:14:24+00:00,1.0
2021-04-22 13:51:25+00:00,0.0
2021-04-22 11:15:22+00:00,0.0
2021-04-25 23:20:30+00:00,0.0
2021-04-29 17:58:04+00:00,0.0
2021-04-25 03:32:25+00:00,1.0
2021-04-29 11:38:36+00:00,0.0
2021-04-06 17:53:26+00:00,1.0
2021-04-30 23:16:19+00:00,0.0
2021-04-14 07:44:55+00:00,1.0
2021-04-14 03:47:34+00:00,2.0
2021-04-21 22:42:26+00:00,0.0
2021-04-08 21:56:58+00:00,2.0
2021-04-22 16:55:46+00:00,0.0
2021-04-30 11:21:01+00:00,0.0
2021-04-26 17:57:20+00:00,0.0
2021-04-25 05:53:51+00:00,1.0
2021-04-16 15:39:49+00:00,1.0
2021-04-17 00:04:08+00:00,0.0
2021-04-23 09:00:09+00:00,8.5
2021-04-30 17:25:38+00:00,0.0
2021-04-30 04:06:32+00:00,0.0
2021-04-21 03:50:19+00:00,0.0
2021-04-20 18:06:31+00:00,1.0
2021-04-04 22:18:59+00:00,1.0
2021-04-17 22:04:53+00:00,1.0
2021-04-23 15:23:35+00:00,1.0
2021-04-07 03:18:05+00:00,1.0
2021-04-26 14:40:24+00:00,0.0
2021-04-29 07:26:16+00:00,0.0
2021-04-27 07:51:50+00:00,0.0
2021-04-18 03:56:36+00:00,2.0
2021-04-21 02:32:37+00:00,0.0
2021-05-03 01:22:49+00:00,1.0
2021-04-09 12:28:19+00:00,1.0
2021-04-23 23:58:09+00:00,1.0
2021-04-09 21:31:55+00:00,1.0
2021-04-26 04:13:48+00:00,0.0
2021-04-06 12:36:16+00:00,1.0
2021-04-21 05:11:07+00:00,0.0
2021-04-17 19:41:17+00:00,1.0
2021-04-24 16:39:50+00:00,1.0
2021-04-23 20:34:44+00:00,1.0
2021-04-23 20:30:44+00:00,1.0
2021-04-14 02:53:25+00:00,2.0
2021-04-13 06:09:16+00:00,1.0
2021-04-17 05:45:56+00:00,0.0
2021-05-01 21:56:27+00:00,0.0
2021-04-05 15:25:34+00:00,1.0
2021-04-27 19:37:04+00:00,0.0
2021-05-03 16:47:53+00:00,1.0
2021-04-10 11:38:30+00:00,1.95
2021-04-10 21:29:49+00:00,1.0
2021-04-09 04:59:27+00:00,2.0
2021-04-06 13:01:53+00:00,1.0
2021-04-15 05:41:37+00:00,2.0
2021-04-19 13:59:31+00:00,1.0
2021-04-17 09:03:40+00:00,0.0
2021-04-24 03:11:32+00:00,1.0
2021-04-18 09:12:32+00:00,2.0
2021-04-29 16:08:14+00:00,0.0
2021-04-21 01:26:07+00:00,0.0
2021-04-06 21:04:47+00:00,1.0
2021-04-06 22:55:10+00:00,1.0
2021-04-09 08:39:39+00:00,1.0
2021-04-25 10:02:50+00:00,367.0
2021-04-09 00:51:14+00:00,1.0
2021-05-02 16:59:07+00:00,1.0
2021-04-19 18:16:01+00:00,1.0
2021-04-25 09:50:57+00:00,8.0
2021-04-05 04:22:36+00:00,1.0
2021-04-19 15:42:11+00:00,1.0
2021-05-03 04:00:24+00:00,1.0
2021-05-02 08:51:57+00:00,0.0
2021-04-09 14:36:58+00:00,2.0
2021-04-27 04:44:12+00:00,0.0
2021-04-09 01:28:40+00:00,2.0
2021-04-21 19:56:21+00:00,2.0
2021-04-21 08:18:29+00:00,0.0
2021-05-01 09:10:00+00:00,0.0
2021-04-24 02:34:09+00:00,1.0
2021-04-14 13:19:04+00:00,1.0
2021-04-15 03:06:29+00:00,2.0
2021-04-20 03:52:18+00:00,2.0
2021-04-24 13:59:09+00:00,1.0
2021-04-22 05:18:28+00:00,0.0
2021-04-24 21:01:25+00:00,1.0
2021-04-16 18:03:46+00:00,0.0
2021-05-01 09:23:03+00:00,0.0
2021-04-15 19:41:22+00:00,1.0
2021-04-16 11:19:47+00:00,1.0
2021-04-22 21:43:30+00:00,0.0
2021-04-26 06:08:30+00:00,0.0
2021-04-06 18:22:12+00:00,1.0
2021-04-09 21:42:23+00:00,1.95
2021-04-12 02:52:42+00:00,1.0
2021-04-14 13:16:32+00:00,1.0
2021-04-24 03:30:34+00:00,1.0
2021-04-26 17:55:03+00:00,0.0
2021-04-25 16:14:36+00:00,1.0
2021-05-02 14:47:09+00:00,1.0
2021-04-20 02:26:24+00:00,1.0
2021-04-30 22:35:15+00:00,0.0
2021-04-26 16:25:22+00:00,0.0
2021-04-11 19:45:51+00:00,1.0
2021-04-25 03:52:15+00:00,1.0
2021-04-17 00:20:07+00:00,0.0
2021-04-24 23:26:29+00:00,1.0
2021-04-07 02:30:29+00:00,1.0
2021-04-17 14:43:29+00:00,0.0
2021-04-20 12:31:45+00:00,2.0
2021-05-01 15:43:05+00:00,0.0
2021-04-25 04:31:08+00:00,1.0
2021-04-13 14:46:21+00:00,2.0
2021-05-01 14:36:39+00:00,0.0
2021-04-25 04:58:41+00:00,1.0
2021-04-08 06:37:00+00:00,1.0
2021-04-13 15:30:16+00:00,1.0
2021-04-21 17:18:21+00:00,5.0
2021-04-21 03:52:27+00:00,0.0
2021-04-10 04:13:05+00:00,1.95
2021-04-20 02:14:07+00:00,2.0
2021-04-14 07:42:17+00:00,1.0
2021-04-16 19:33:45+00:00,0.0
2021-04-18 14:10:41+00:00,1.0
2021-04-29 10:13:20+00:00,0.0
2021-04-10 18:05:36+00:00,1.0
2021-04-29 18:24:32+00:00,0.0
2021-04-05 00:56:49+00:00,1.0
2021-04-10 16:57:28+00:00,248.0
2021-04-29 08:21:33+00:00,0.0
2021-04-27 01:16:23+00:00,0.0
2021-04-13 23:11:35+00:00,1.0
2021-04-10 14:31:52+00:00,1.95
2021-04-19 12:13:18+00:00,1.0
2021-04-16 14:11:00+00:00,1.0
2021-04-14 21:42:26+00:00,1.0
2021-04-18 08:44:27+00:00,2.0
2021-04-17 17:59:45+00:00,2.0
2021-04-22 11:21:00+00:00,0.0
2021-04-25 16:12:04+00:00,1.0
2021-04-08 14:33:17+00:00,1.0
2021-04-10 01:06:01+00:00,1.95
2021-04-20 05:58:20+00:00,2.0
2021-04-06 22:49:52+00:00,1.0
2021-04-18 07:39:32+00:00,1.0
2021-04-12 01:01:49+00:00,1.0
2021-04-18 22:57:53+00:00,1.0
2021-04-19 21:19:07+00:00,2.0
2021-04-13 16:56:21+00:00,1.0
2021-04-26 02:05:43+00:00,0.0
2021-04-27 00:30:46+00:00,0.0
2021-04-24 21:22:06+00:00,1.0
2021-04-07 14:48:00+00:00,1.0
2021-04-18 18:14:02+00:00,1.0
2021-04-17 07:51:38+00:00,0.0
2021-05-03 06:57:26+00:00,1.0
2021-04-11 03:06:01+00:00,2.0
2021-04-20 23:03:14+00:00,0.0
2021-04-27 08:07:22+00:00,0.0
2021-04-05 06:49:07+00:00,1.0
2021-04-27 02:46:21+00:00,0.0
2021-04-17 20:06:46+00:00,2.0
2021-04-16 08:55:56+00:00,1.0
2021-04-15 21:03:35+00:00,1.0
2021-05-02 22:02:41+00:00,1.0
2021-04-21 12:59:52+00:00,0.0
2021-04-05 17:31:51+00:00,1.0
2021-04-10 12:38:02+00:00,1.95
2021-04-17 16:27:37+00:00,0.0
2021-04-28 15:00:10+00:00,1.0
2021-04-08 16:35:16+00:00,1.0
2021-04-27 22:29:55+00:00,0.0
2021-04-10 00:44:09+00:00,1.95
2021-04-12 23:57:28+00:00,1.0
2021-04-09 11:04:54+00:00,1.0
2021-04-14 18:30:58+00:00,2.0
2021-05-01 12:48:45+00:00,0.0
2021-04-12 11:35:17+00:00,1.0
2021-04-27 07:47:39+00:00,0.0
2021-04-17 01:10:00+00:00,0.0
2021-04-30 22:50:47+00:00,0.0
2021-04-05 06:48:50+00:00,1.0
2021-04-24 20:40:12+00:00,1.0
2021-04-23 04:55:52+00:00,3.0
2021-04-13 04:13:07+00:00,1.0
2021-04-16 18:00:53+00:00,0.0
2021-04-27 18:51:31+00:00,0.0
2021-04-24 21:58:01+00:00,1.0
2021-04-06 16:26:38+00:00,1.0
2021-04-19 07:48:57+00:00,2.0
2021-04-28 04:32:53+00:00,0.0
2021-04-15 15:20:51+00:00,1.0
2021-04-16 19:36:43+00:00,0.0
2021-04-22 23:40:38+00:00,2.0
2021-05-03 05:50:41+00:00,1.0
2021-04-05 20:10:08+00:00,1.0
2021-04-08 12:22:38+00:00,1.0
2021-04-27 22:54:17+00:00,0.0
2021-04-13 02:03:11+00:00,1.0
2021-04-27 00:27:52+00:00,0.0
2021-04-21 07:47:47+00:00,0.0
2021-04-16 16:25:17+00:00,1.0
2021-04-12 12:11:29+00:00,1.0
2021-04-21 04:07:20+00:00,0.0
2021-04-06 19:18:24+00:00,1.0
2021-04-08 09:54:05+00:00,120.0
2021-04-16 21:22:04+00:00,0.0
2021-04-05 15:10:44+00:00,1.0
2021-04-21 12:04:32+00:00,0.0
2021-04-10 06:43:23+00:00,1.95
2021-04-27 04:01:31+00:00,0.0
2021-04-30 15:19:42+00:00,0.0
2021-04-08 13:29:32+00:00,1.0
2021-04-07 13:20:51+00:00,1.0
2021-04-13 20:58:57+00:00,2.0
2021-04-15 21:30:01+00:00,1.0
2021-04-23 02:46:31+00:00,3.0
2021-04-11 14:35:39+00:00,1.0
2021-04-25 15:14:35+00:00,1.0
2021-04-24 15:04:37+00:00,1.0
2021-04-06 08:11:22+00:00,1.0
2021-04-28 01:04:08+00:00,0.0
2021-04-17 01:31:49+00:00,0.0
2021-04-27 18:54:33+00:00,0.0
2021-04-20 20:37:42+00:00,1.0
2021-04-17 06:13:50+00:00,0.0
2021-04-29 03:09:17+00:00,0.0
2021-04-12 17:53:24+00:00,1.0
2021-04-26 11:46:23+00:00,0.0
2021-04-26 08:37:35+00:00,0.0
2021-04-13 07:38:27+00:00,2.0
2021-04-08 16:54:13+00:00,1.0
2021-04-15 08:44:14+00:00,1.0
2021-04-21 10:29:00+00:00,0.0
2021-04-16 08:11:15+00:00,1.0
2021-04-20 07:16:32+00:00,2.0
2021-04-08 19:17:54+00:00,1.0
2021-04-24 02:33:28+00:00,1.0
2021-04-12 16:32:45+00:00,2.0
2021-04-19 06:08:19+00:00,1.0
2021-04-24 17:55:55+00:00,1.0
2021-05-03 12:08:55+00:00,1.0
2021-04-22 05:38:32+00:00,0.0
2021-04-23 12:02:48+00:00,184.0
2021-04-07 01:05:14+00:00,1.0
2021-04-23 18:04:32+00:00,1.0
2021-04-12 01:07:41+00:00,2.0
2021-04-17 07:16:45+00:00,0.0
2021-04-14 02:26:14+00:00,1.0
2021-04-28 04:36:04+00:00,0.0
2021-04-23 08:11:47+00:00,8.5
2021-04-05 10:54:03+00:00,1.0
2021-04-29 17:53:09+00:00,0.0
2021-04-14 04:39:36+00:00,1.0
2021-04-26 03:23:40+00:00,0.0
2021-04-24 12:32:51+00:00,1.0
2021-04-11 07:22:43+00:00,2.0
2021-04-12 12:09:38+00:00,2.0
2021-04-08 19:36:38+00:00,2.0
2021-04-30 21:14:14+00:00,0.0
2021-04-24 15:56:28+00:00,1.0
2021-04-26 19:08:35+00:00,0.0
2021-04-22 06:34:53+00:00,0.0
2021-04-24 04:45:51+00:00,1.0
2021-04-25 19:46:27+00:00,0.0
2021-04-16 03:13:22+00:00,2.0
2021-04-06 22:57:46+00:00,1.0
2021-04-11 12:17:02+00:00,2.0
2021-04-11 23:05:07+00:00,1.0
2021-04-21 23:16:14+00:00,0.0
2021-04-29 01:23:51+00:00,0.0
2021-04-15 21:09:09+00:00,2.0
2021-05-01 07:14:47+00:00,0.0
2021-05-01 04:07:10+00:00,0.0
2021-04-13 01:53:41+00:00,1.0
2021-04-24 07:05:14+00:00,1.0
2021-05-02 00:22:53+00:00,0.0
2021-05-03 22:50:59+00:00,1.0
2021-04-11 01:04:52+00:00,1.0
2021-04-16 14:03:06+00:00,2.0
2021-05-01 06:25:16+00:00,0.0
2021-05-01 16:15:13+00:00,0.0
2021-04-11 03:58:45+00:00,2.0
2021-04-10 05:05:47+00:00,1.95
2021-04-20 11:13:22+00:00,1.0
2021-05-01 10:41:59+00:00,0.0
2021-04-21 14:46:23+00:00,0.0
2021-04-16 14:03:36+00:00,1.0
2021-04-07 19:31:10+00:00,1.0
2021-04-29 20:05:35+00:00,0.0
2021-04-08 23:19:30+00:00,1.0
2021-04-22 12:34:36+00:00,0.0
2021-04-24 15:59:13+00:00,1.0
2021-04-07 10:42:55+00:00,1.0
2021-04-06 16:04:42+00:00,1.0
2021-04-25 20:16:10+00:00,0.0
2021-04-29 13:38:23+00:00,0.0
2021-04-27 18:23:28+00:00,0.0
2021-04-20 01:35:42+00:00,1.0
2021-04-15 19:54:26+00:00,1.0
2021-04-25 06:37:24+00:00,1.0
2021-04-11 15:17:31+00:00,1.0
2021-04-20 21:50:04+00:00,2.0
2021-04-17 20:47:12+00:00,1.0
2021-04-05 05:04:43+00:00,1.0
2021-04-09 04:18:10+00:00,2.0
2021-04-25 00:29:02+00:00,1.0
2021-05-02 01:59:00+00:00,0.0
2021-04-21 18:30:20+00:00,1.0
2021-04-15 18:24:11+00:00,2.0
2021-04-22 16:56:31+00:00,0.0
2021-04-12 07:45:39+00:00,1.0
2021-04-26 18:44:19+00:00,0.0
2021-04-08 09:13:40+00:00,11.0
2021-04-15 07:35:34+00:00,1.0
2021-04-05 03:54:56+00:00,1.0
2021-04-25 16:29:35+00:00,1.0
2021-04-20 13:26:33+00:00,1.0
2021-04-11 00:30:51+00:00,2.0
2021-04-21 14:42:57+00:00,0.0
2021-04-09 20:34:10+00:00,1.0
2021-04-21 17:23:23+00:00,5.0
2021-04-12 14:40:26+00:00,1.0
2021-04-08 13:16:10+00:00,1.0
2021-04-21 09:56:20+00:00,0.0
2021-04-27 14:15:28+00:00,0.0
2021-04-14 22:57:18+00:00,1.0
2021-04-12 09:39:16+00:00,1.0
2021-04-23 15:57:35+00:00,1.0
2021-04-07 07:54:06+00:00,1.0
2021-04-23 17:37:09+00:00,1.0
2021-05-03 07:45:45+00:00,1.0
2021-04-06 23:45:41+00:00,1.0
2021-05-03 16:53:16+00:00,1.0
2021-04-18 05:32:31+00:00,2.0
2021-04-22 11:05:44+00:00,0.0
2021-04-29 05:21:31+00:00,0.0
2021-04-11 18:21:35+00:00,1.0
2021-04-19 15:55:33+00:00,2.0
2021-04-16 16:44:33+00:00,2.0
2021-04-23 05:47:55+00:00,3.0
2021-04-30 04:58:18+00:00,0.0
2021-04-22 12:39:51+00:00,0.0
2021-04-17 15:54:42+00:00,0.0
2021-05-03 15:14:10+00:00,1.0
2021-04-11 00:55:57+00:00,2.0
2021-04-19 07:12:06+00:00,2.0
2021-04-12 17:15:45+00:00,2.0
2021-04-06 02:49:58+00:00,1.0
2021-04-23 12:11:23+00:00,95.0
2021-04-26 08:04:35+00:00,0.0
2021-04-25 04:25:13+00:00,1.0
2021-04-21 00:24:21+00:00,0.0
2021-04-17 00:17:02+00:00,0.0
2021-04-30 06:00:32+00:00,0.0
2021-04-11 10:53:32+00:00,1.0
2021-04-18 02:34:28+00:00,1.0
2021-04-18 02:14:49+00:00,1.0
2021-04-22 00:39:50+00:00,0.0
2021-04-11 08:14:48+00:00,1.0
2021-04-10 23:26:23+00:00,1.0
2021-05-01 13:06:28+00:00,0.0
2021-04-21 19:06:17+00:00,1.0
2021-04-26 06:15:23+00:00,0.0
2021-04-13 14:57:14+00:00,1.0
2021-04-24 09:37:36+00:00,1.0
2021-04-12 01:35:20+00:00,1.0
2021-04-16 16:29:58+00:00,2.0
2021-04-28 16:56:37+00:00,1.0
2021-04-17 12:17:00+00:00,0.0
2021-05-01 02:18:33+00:00,0.0
2021-04-27 17:13:41+00:00,0.0
2021-04-20 14:39:26+00:00,1.0
2021-04-17 15:08:07+00:00,0.0
2021-05-01 07:41:51+00:00,0.0
2021-04-24 23:28:14+00:00,1.0
2021-04-19 09:16:59+00:00,1.0
2021-04-05 01:13:23+00:00,1.0
2021-04-25 21:47:03+00:00,0.0
2021-04-15 03:07:04+00:00,1.0
2021-04-12 01:49:04+00:00,2.0
2021-04-13 22:45:31+00:00,1.0
2021-04-07 21:34:02+00:00,1.0
2021-04-30 05:49:08+00:00,0.0
2021-05-03 02:02:07+00:00,1.0
2021-04-20 15:54:54+00:00,1.0
2021-05-01 23:43:46+00:00,0.0
2021-04-27 21:45:26+00:00,0.0
2021-04-20 19:54:10+00:00,1.0
2021-04-17 10:37:59+00:00,0.0
2021-04-29 07:16:17+00:00,0.0
2021-04-08 16:45:51+00:00,1.0
2021-04-09 21:31:41+00:00,2.0
2021-05-03 13:42:08+00:00,1.0
2021-05-03 02:57:37+00:00,1.0
2021-04-24 19:39:26+00:00,1.0
2021-04-24 03:25:41+00:00,1.0
2021-04-11 06:47:13+00:00,1.0
2021-04-13 16:06:57+00:00,2.0
2021-04-12 04:06:55+00:00,2.0
2021-04-17 03:44:25+00:00,0.0
2021-04-22 02:02:53+00:00,0.0
2021-04-13 19:24:59+00:00,2.0
2021-04-08 11:30:29+00:00,1.0
2021-04-17 13:12:15+00:00,0.0
2021-04-11 00:48:37+00:00,2.0
2021-04-15 13:07:51+00:00,1.0
2021-05-02 20:33:57+00:00,1.0
2021-04-14 18:02:48+00:00,1.0
2021-04-12 13:45:58+00:00,2.0
2021-04-06 00:26:51+00:00,2.0
2021-04-29 08:18:46+00:00,0.0
2021-04-26 05:18:53+00:00,0.0
2021-05-02 07:44:33+00:00,0.0
2021-04-05 22:17:10+00:00,1.0
2021-04-27 15:43:48+00:00,0.0
2021-04-26 14:28:11+00:00,0.0
2021-04-23 19:18:37+00:00,1.0
2021-04-19 11:11:25+00:00,1.0
2021-05-01 22:45:49+00:00,0.0
2021-04-14 18:45:41+00:00,1.0
2021-04-08 02:03:43+00:00,1.0
2021-04-10 09:05:46+00:00,1.95
2021-04-22 08:02:52+00:00,0.0
2021-04-14 00:17:42+00:00,2.0
2021-04-11 15:26:33+00:00,1.0
2021-04-29 11:53:58+00:00,0.0
2021-04-11 03:53:00+00:00,1.0
2021-04-28 00:07:28+00:00,0.0
2021-04-25 02:00:27+00:00,1.0
2021-04-26 06:01:17+00:00,0.0
2021-04-19 15:14:41+00:00,1.0
2021-04-07 21:26:19+00:00,1.0
2021-04-25 06:59:10+00:00,1.0
2021-04-27 01:27:20+00:00,0.0
2021-04-13 04:50:05+00:00,1.0
2021-04-13 19:05:44+00:00,2.0
2021-04-23 17:29:18+00:00,1.0
2021-04-24 01:20:10+00:00,1.0
2021-05-01 04:56:01+00:00,0.0
2021-05-02 07:32:28+00:00,0.0
2021-05-02 08:44:19+00:00,0.0
2021-04-21 18:04:02+00:00,1.0
2021-05-02 18:21:34+00:00,1.0
2021-04-26 23:25:36+00:00,0.0
2021-04-14 04:04:08+00:00,2.0
2021-04-21 17:31:54+00:00,5.0
2021-04-05 17:55:42+00:00,1.0
2021-04-22 18:48:07+00:00,0.0
2021-04-22 23:12:37+00:00,3.0
2021-04-11 13:35:39+00:00,1.0
2021-04-16 19:34:50+00:00,0.0
2021-04-20 20:26:21+00:00,1.0
2021-04-11 19:35:41+00:00,1.0
2021-04-28 22:33:40+00:00,0.0
2021-04-07 17:37:09+00:00,1.0
2021-04-23 04:35:32+00:00,3.0
2021-04-18 00:25:48+00:00,2.0
2021-04-18 17:18:58+00:00,1.0
2021-04-28 09:11:13+00:00,70.0
2021-04-06 10:08:59+00:00,1.0
2021-04-09 19:26:58+00:00,1.0
2021-04-26 12:26:00+00:00,0.0
2021-04-30 16:57:08+00:00,0.0
2021-04-29 00:52:30+00:00,0.0
2021-04-16 03:19:23+00:00,2.0
2021-04-20 15:49:36+00:00,1.0
2021-04-30 23:23:37+00:00,0.0
2021-04-06 14:42:40+00:00,1.0
2021-04-22 22:14:28+00:00,5.0
2021-04-06 06:06:37+00:00,1.0
2021-05-01 07:52:58+00:00,0.0
2021-04-19 22:01:06+00:00,1.5
2021-04-18 12:08:49+00:00,1.0
2021-04-25 02:45:19+00:00,1.0
2021-04-29 19:41:21+00:00,0.0
2021-04-10 02:30:19+00:00,1.95
2021-05-02 17:20:31+00:00,1.0
2021-04-13 21:49:45+00:00,2.0
2021-04-08 04:35:45+00:00,1.5
2021-04-20 11:30:27+00:00,1.0
2021-04-15 16:17:51+00:00,1.0
2021-04-26 11:28:36+00:00,0.0
2021-04-12 16:43:02+00:00,2.0
2021-04-20 01:17:56+00:00,1.0
2021-04-24 02:40:30+00:00,1.0
2021-04-18 10:55:03+00:00,1.0
2021-04-18 22:08:48+00:00,1.0
2021-04-14 15:04:34+00:00,1.0
2021-04-09 09:12:49+00:00,1.0
2021-04-26 02:15:13+00:00,0.0
2021-04-17 03:18:45+00:00,0.0
2021-04-09 15:10:08+00:00,1.0
2021-05-02 11:53:29+00:00,0.0
2021-04-15 05:11:48+00:00,1.0
2021-04-07 22:52:37+00:00,1.0
2021-04-28 21:27:54+00:00,1.0
2021-04-14 05:01:58+00:00,1.0
2021-04-05 12:58:44+00:00,1.0
2021-04-17 17:33:50+00:00,0.0
2021-04-13 03:57:33+00:00,1.0
2021-04-23 14:07:16+00:00,2518.0
2021-04-25 02:16:49+00:00,1.0
2021-04-13 12:10:18+00:00,1.0
2021-04-10 20:59:58+00:00,1.0
2021-04-27 15:38:35+00:00,0.0
2021-04-06 17:03:03+00:00,1.0
2021-04-23 08:37:38+00:00,8.5
2021-04-11 21:41:04+00:00,2.0
2021-04-18 12:19:01+00:00,2.0
2021-04-24 14:04:05+00:00,1.0
2021-04-11 03:26:28+00:00,2.0
2021-04-26 21:24:16+00:00,0.0
2021-04-24 13:52:32+00:00,1.0
2021-04-18 12:39:17+00:00,1.0
2021-04-13 10:09:03+00:00,1.0
2021-04-26 10:53:36+00:00,0.0
2021-04-18 07:27:18+00:00,2.0
2021-04-24 12:07:34+00:00,1.0
2021-04-27 02:40:41+00:00,0.0
2021-04-21 10:45:48+00:00,0.0
2021-04-19 17:42:11+00:00,1.0
2021-04-10 23:19:48+00:00,1.0
2021-04-07 18:07:43+00:00,1.0
2021-04-23 08:22:10+00:00,8.5
2021-04-28 02:45:40+00:00,0.0
2021-04-26 21:05:52+00:00,0.0
2021-04-21 04:22:51+00:00,0.0
2021-04-18 05:42:26+00:00,1.0
2021-04-06 17:29:14+00:00,1.0
2021-04-14 19:04:11+00:00,1.0
2021-04-23 07:28:28+00:00,3.0
2021-04-27 14:57:33+00:00,0.0
2021-04-29 09:44:14+00:00,0.0
2021-04-25 15:19:19+00:00,1.0
2021-04-13 22:43:41+00:00,1.0
2021-05-03 14:30:13+00:00,1.0
2021-04-07 00:37:35+00:00,1.0
2021-04-17 16:17:38+00:00,0.0
2021-05-02 21:38:33+00:00,1.0
2021-04-21 23:13:03+00:00,0.0
2021-04-15 21:41:09+00:00,1.0
2021-04-06 15:08:34+00:00,1.0
2021-04-26 00:19:55+00:00,0.0
2021-04-20 19:04:46+00:00,1.0
2021-04-12 22:12:45+00:00,1.0
2021-04-29 09:17:14+00:00,0.0
2021-04-11 19:30:02+00:00,1.0
2021-04-11 11:11:39+00:00,2.0
2021-05-03 07:45:00+00:00,1.0
2021-05-03 06:07:37+00:00,1.0
2021-04-18 11:37:49+00:00,2.0
2021-04-24 17:01:03+00:00,1.0
2021-04-24 03:11:15+00:00,1.0
2021-04-19 10:08:02+00:00,1.0
2021-04-17 01:27:50+00:00,0.0
2021-04-08 03:25:24+00:00,1.75
2021-04-14 09:58:21+00:00,1.0
2021-04-19 00:24:18+00:00,2.0
2021-04-27 02:08:30+00:00,0.0
2021-04-10 23:02:03+00:00,2.0
2021-04-15 20:29:58+00:00,1.0
2021-05-01 02:53:56+00:00,0.0
2021-04-16 05:54:06+00:00,1.0
2021-04-23 12:45:14+00:00,187.0
2021-04-30 17:15:54+00:00,0.0
2021-05-03 03:17:47+00:00,1.0
2021-04-11 07:45:03+00:00,1.0
2021-04-22 04:19:13+00:00,0.0
2021-04-17 22:07:34+00:00,1.0
2021-04-12 23:02:57+00:00,1.0
2021-04-24 08:45:55+00:00,1.0
2021-05-03 17:09:08+00:00,1.0
2021-04-23 17:34:45+00:00,1.0
2021-04-18 05:42:10+00:00,1.0
2021-05-03 20:03:14+00:00,1.0
2021-04-18 14:43:47+00:00,1.0
2021-04-09 03:15:24+00:00,1.0
2021-04-24 17:25:48+00:00,1.0
2021-04-29 17:46:20+00:00,0.0
2021-04-08 20:22:46+00:00,1.0
2021-04-05 21:47:00+00:00,1.0
2021-04-15 09:43:01+00:00,50.0
2021-04-17 08:11:34+00:00,0.0
2021-04-09 11:40:30+00:00,1.0
2021-04-29 16:48:16+00:00,0.0
2021-05-01 06:37:07+00:00,0.0
2021-04-30 09:52:52+00:00,0.0
2021-04-21 08:10:14+00:00,0.0
2021-04-17 16:46:35+00:00,0.0
2021-04-11 08:47:29+00:00,2.0
2021-04-08 01:37:55+00:00,1.0
2021-04-10 03:08:57+00:00,1.95
2021-04-07 06:15:34+00:00,1.0
2021-04-11 19:34:36+00:00,2.0
2021-04-28 19:04:03+00:00,1.0
2021-04-22 17:25:46+00:00,0.0
2021-04-05 23:29:31+00:00,1.0
2021-04-19 16:19:33+00:00,2.0
2021-04-14 11:59:00+00:00,1.0
2021-04-18 20:08:52+00:00,1.0
2021-04-14 06:54:01+00:00,1.0
2021-04-21 23:31:33+00:00,0.0
2021-04-16 00:23:06+00:00,2.0
2021-04-26 01:01:43+00:00,0.0
2021-04-07 06:25:47+00:00,1.0
2021-04-14 23:53:45+00:00,1.0
2021-04-18 10:21:37+00:00,1.0
2021-04-21 00:16:20+00:00,0.0
2021-04-30 11:15:51+00:00,0.0
2021-04-08 22:49:20+00:00,1.0
2021-04-07 10:50:00+00:00,1.0
2021-04-24 06:07:11+00:00,1.0
2021-04-26 17:02:18+00:00,0.0
2021-04-23 13:26:37+00:00,5.0
2021-04-18 21:54:39+00:00,2.0
2021-05-03 17:58:25+00:00,1.0
2021-04-06 01:33:52+00:00,1.0
2021-04-11 17:45:37+00:00,1.0
2021-04-13 04:10:23+00:00,1.0
2021-04-18 04:49:23+00:00,1.0
2021-04-29 18:25:04+00:00,0.0
2021-04-28 06:50:33+00:00,0.0
2021-04-10 19:20:23+00:00,1.0
2021-04-16 18:01:51+00:00,0.0
2021-05-03 15:17:46+00:00,1.0
2021-04-06 08:05:41+00:00,1.0
2021-04-29 18:57:58+00:00,0.0
2021-04-06 07:51:20+00:00,1.0
2021-05-01 04:38:02+00:00,0.0
2021-04-30 11:04:21+00:00,0.0
2021-04-13 13:19:03+00:00,1.0
2021-04-14 14:52:01+00:00,2.0
2021-04-30 08:52:19+00:00,0.0
2021-04-23 08:09:33+00:00,8.5
2021-04-24 03:10:54+00:00,1.0
2021-04-18 20:05:09+00:00,2.0
2021-05-03 13:32:41+00:00,1.0
2021-04-30 22:43:58+00:00,0.0
2021-05-03 15:57:17+00:00,1.0
2021-04-05 22:36:44+00:00,1.0
2021-04-20 07:58:28+00:00,2.0
2021-04-20 17:28:50+00:00,2.0
2021-04-08 10:37:09+00:00,1.0
2021-04-21 14:34:26+00:00,0.0
2021-04-28 17:24:40+00:00,1.0
2021-04-14 00:41:37+00:00,1.0
2021-04-29 23:50:50+00:00,0.0
2021-04-23 21:52:18+00:00,1.0
2021-04-20 19:18:10+00:00,1.0
2021-04-25 02:22:41+00:00,1.0
2021-04-12 10:45:25+00:00,1.0
2021-05-02 13:30:56+00:00,2485.0
2021-04-10 12:16:42+00:00,1.95
2021-04-26 13:21:26+00:00,0.0
2021-04-19 18:04:45+00:00,1.0
2021-04-06 04:58:00+00:00,1.0
2021-04-18 20:32:40+00:00,1.0
2021-04-14 23:15:34+00:00,1.0
2021-05-02 04:15:30+00:00,0.0
2021-04-30 17:45:42+00:00,0.0
2021-04-14 18:53:25+00:00,2.0
2021-05-03 17:08:13+00:00,1.0
2021-04-07 14:47:19+00:00,1.0
2021-04-13 13:53:00+00:00,1.0
2021-04-12 00:10:41+00:00,1.0
2021-04-18 16:44:33+00:00,2.0
2021-04-10 01:47:47+00:00,1.95
2021-04-15 17:07:43+00:00,1.0
2021-04-08 02:14:10+00:00,1.0
2021-04-26 00:25:08+00:00,0.0
2021-04-16 08:21:49+00:00,1.0
2021-04-24 06:59:54+00:00,1.0
2021-04-29 00:13:20+00:00,0.0
2021-04-22 03:18:52+00:00,0.0
2021-04-10 06:19:27+00:00,1.95
2021-04-07 19:14:02+00:00,1.0
2021-04-19 22:03:37+00:00,1.0
2021-04-16 14:19:58+00:00,1.0
2021-04-07 05:48:15+00:00,1.0
2021-04-15 00:04:21+00:00,1.0
2021-04-22 14:16:02+00:00,0.0
2021-04-22 10:59:44+00:00,0.0
2021-04-18 09:20:03+00:00,1.0
2021-05-03 07:20:16+00:00,1.0
2021-04-14 20:58:33+00:00,1.0
2021-04-14 14:21:35+00:00,1.0
2021-04-20 06:26:04+00:00,2.0
2021-04-05 10:40:01+00:00,1.0
2021-04-25 12:53:48+00:00,1.0
2021-05-02 11:37:53+00:00,0.0
2021-04-26 05:32:36+00:00,0.0
2021-04-27 12:49:40+00:00,0.0
2021-04-29 09:06:19+00:00,0.0
2021-04-20 23:58:52+00:00,0.0
2021-04-13 01:04:54+00:00,1.0
2021-04-07 10:58:14+00:00,1.0
2021-04-19 14:25:31+00:00,1.0
2021-04-27 07:46:09+00:00,0.0
2021-04-16 20:39:18+00:00,0.0
2021-04-18 03:55:28+00:00,1.0
2021-04-20 15:25:56+00:00,1.0
2021-04-23 19:08:24+00:00,1.0
2021-04-18 00:17:19+00:00,2.0
2021-04-27 14:29:19+00:00,0.0
2021-04-23 13:18:42+00:00,10.0
2021-04-25 10:50:02+00:00,1.0
2021-04-23 02:25:05+00:00,3.0
2021-04-30 22:21:03+00:00,0.0
2021-04-27 16:53:42+00:00,0.0
2021-05-02 20:09:03+00:00,1.0
2021-04-24 08:16:40+00:00,1.0
2021-04-17 07:42:07+00:00,0.0
2021-04-08 11:28:04+00:00,1.0
2021-05-03 23:28:45+00:00,1.0
2021-04-11 12:44:37+00:00,2.0
2021-04-05 19:23:23+00:00,1.0
2021-04-26 11:39:44+00:00,0.0
2021-04-15 13:23:33+00:00,1.0
2021-04-16 16:34:27+00:00,1.0
2021-04-22 19:58:19+00:00,0.0
2021-04-07 05:33:45+00:00,1.0
2021-04-28 13:33:38+00:00,1.0
2021-05-02 18:38:37+00:00,1.0
2021-04-10 15:58:56+00:00,129.0
2021-04-17 18:23:53+00:00,1.0
2021-04-09 02:11:08+00:00,2.0
2021-04-17 21:22:50+00:00,2.0
2021-04-24 05:09:05+00:00,1.0
2021-04-15 10:29:05+00:00,2.0
2021-04-13 15:12:53+00:00,1.0
2021-04-06 13:02:00+00:00,1.0
2021-04-30 12:52:40+00:00,0.0
2021-04-28 15:05:00+00:00,1.0
2021-04-18 07:41:42+00:00,1.0
2021-04-23 17:52:52+00:00,1.0
2021-04-26 18:24:55+00:00,0.0
2021-04-16 15:30:01+00:00,1.0
2021-04-15 01:24:36+00:00,2.0
2021-04-22 21:03:59+00:00,0.0
2021-04-06 06:15:24+00:00,1.0
2021-04-21 17:55:07+00:00,1.0
2021-04-25 23:55:24+00:00,0.0
2021-04-07 03:20:25+00:00,1.0
2021-04-25 00:51:40+00:00,1.0
2021-04-26 12:48:14+00:00,0.0
2021-04-21 17:50:37+00:00,2.0
2021-04-17 02:32:05+00:00,0.0
2021-04-19 13:54:05+00:00,2.0
2021-04-29 05:02:57+00:00,0.0
2021-04-28 08:41:27+00:00,2529.0
2021-04-28 11:59:08+00:00,1.0
2021-04-08 02:15:52+00:00,1.0
2021-04-30 03:14:08+00:00,0.0
2021-04-30 05:55:09+00:00,0.0
2021-04-09 18:28:34+00:00,1.0
2021-04-30 16:45:38+00:00,0.0
2021-04-08 05:24:07+00:00,1.0
2021-04-27 11:30:31+00:00,0.0
2021-04-23 04:24:39+00:00,3.0
2021-04-21 21:20:30+00:00,1.0
2021-04-25 18:39:18+00:00,1.0
2021-04-25 10:37:48+00:00,1.0
2021-04-05 23:05:59+00:00,1.0
2021-04-12 19:02:54+00:00,2.0
2021-04-20 09:05:09+00:00,2.0
2021-04-23 16:14:54+00:00,1.0
2021-04-21 04:09:16+00:00,0.0
2021-04-13 05:57:32+00:00,1.0
2021-04-15 04:36:34+00:00,2.0
2021-04-14 14:14:05+00:00,1.0
2021-04-19 05:05:21+00:00,1.0
2021-04-23 22:19:46+00:00,1.0
2021-04-23 13:48:45+00:00,2518.0
2021-04-05 19:48:00+00:00,1.0
2021-04-22 10:01:27+00:00,0.0
2021-04-12 07:46:56+00:00,1.0
2021-04-08 23:28:16+00:00,2.0
2021-04-16 12:06:03+00:00,1.0
2021-04-13 11:21:58+00:00,2.0
2021-05-01 08:10:41+00:00,0.0
2021-04-23 15:55:01+00:00,1.0
2021-04-28 07:00:27+00:00,0.0
2021-04-08 03:26:48+00:00,1.0
2021-04-30 22:22:17+00:00,0.0
2021-04-19 17:47:05+00:00,1.0
2021-04-30 20:00:06+00:00,0.0
2021-04-24 12:20:16+00:00,1.0
2021-04-16 08:04:30+00:00,1.0
2021-04-11 10:15:36+00:00,1.0
2021-04-22 10:11:51+00:00,0.0
2021-04-09 17:23:38+00:00,2.0
2021-04-21 05:34:10+00:00,0.0
2021-04-22 20:03:15+00:00,0.0
2021-04-24 17:20:00+00:00,1.0
2021-04-28 16:58:49+00:00,1.0
2021-04-12 12:03:56+00:00,1.0
2021-04-20 09:51:02+00:00,1.0
2021-04-29 14:33:02+00:00,0.0
2021-04-21 08:41:17+00:00,0.0
2021-04-15 09:31:43+00:00,145.0
2021-04-09 22:27:23+00:00,1.95
2021-04-09 17:55:06+00:00,1.0
2021-04-22 21:13:40+00:00,0.0
2021-04-30 16:39:00+00:00,0.0
2021-04-11 03:07:55+00:00,1.0
2021-04-16 20:16:18+00:00,0.0
2021-04-25 15:15:41+00:00,1.0
2021-04-23 18:47:53+00:00,1.0
2021-04-13 04:19:56+00:00,1.0
2021-04-14 10:41:36+00:00,2.0
2021-04-08 12:09:22+00:00,1.0
2021-04-18 07:48:34+00:00,2.0
2021-04-26 13:22:41+00:00,0.0
2021-04-17 20:05:49+00:00,1.0
2021-04-28 23:09:59+00:00,0.0
2021-04-10 19:18:31+00:00,1.0
2021-04-11 20:13:31+00:00,1.0
2021-04-28 11:59:29+00:00,1.0
2021-04-16 12:40:40+00:00,1.0
2021-04-09 15:21:59+00:00,2.0
2021-05-02 20:40:39+00:00,1.0
2021-04-29 18:20:11+00:00,0.0
2021-05-01 07:49:11+00:00,0.0
2021-04-22 18:13:14+00:00,0.0
2021-04-23 14:34:52+00:00,5.0
2021-04-16 00:46:35+00:00,1.0
2021-04-16 16:54:56+00:00,2.0
2021-04-09 13:15:17+00:00,1.0
2021-04-06 16:52:17+00:00,1.0
2021-04-29 21:47:02+00:00,0.0
2021-04-21 11:07:37+00:00,0.0
2021-04-17 08:53:44+00:00,0.0
2021-04-18 21:15:14+00:00,1.0
2021-04-22 19:27:16+00:00,0.0
2021-04-05 20:50:16+00:00,1.0
2021-04-18 02:23:13+00:00,1.0
2021-04-28 17:47:22+00:00,1.0
2021-04-12 06:48:29+00:00,1.0
2021-04-15 12:22:47+00:00,1.0
2021-04-16 13:31:12+00:00,1.0
2021-04-17 04:08:31+00:00,0.0
2021-05-02 18:29:52+00:00,1.0
2021-04-16 07:07:07+00:00,2.0
2021-04-15 08:50:44+00:00,11.0
2021-04-11 20:33:00+00:00,1.0
2021-04-28 03:03:48+00:00,0.0
2021-04-23 22:51:20+00:00,1.0
2021-04-21 01:59:34+00:00,0.0
2021-04-13 13:32:38+00:00,1.0
2021-04-11 05:08:15+00:00,1.0
2021-04-29 10:43:02+00:00,0.0
2021-04-06 02:45:21+00:00,1.0
2021-04-27 22:57:29+00:00,0.0
2021-05-03 17:58:42+00:00,1.0
2021-04-27 08:20:57+00:00,0.0
2021-04-23 03:05:37+00:00,3.0
2021-04-22 07:15:05+00:00,0.0
2021-04-13 15:40:30+00:00,1.0
2021-04-21 09:32:41+00:00,0.0
2021-04-12 21:44:24+00:00,1.0
2021-04-11 08:07:28+00:00,1.0
2021-04-21 05:44:17+00:00,0.0
2021-04-06 19:41:30+00:00,1.0
2021-04-23 04:44:53+00:00,3.0
2021-05-03 17:36:23+00:00,1.0
2021-04-27 03:13:10+00:00,0.0
2021-04-15 12:33:44+00:00,2.0
2021-04-08 00:26:08+00:00,1.0
2021-04-24 23:56:49+00:00,1.0
2021-04-15 06:51:16+00:00,2.0
2021-04-28 14:44:35+00:00,1.0
2021-04-09 06:58:15+00:00,1.0
2021-05-03 10:33:30+00:00,1.0
2021-04-26 00:08:13+00:00,0.0
2021-04-22 15:25:13+00:00,0.0
2021-05-03 17:21:22+00:00,1.0
2021-04-14 09:20:39+00:00,1.0
2021-04-20 04:13:50+00:00,1.0
2021-04-15 22:50:56+00:00,1.0
2021-04-09 01:04:57+00:00,1.0
2021-04-16 20:22:52+00:00,0.0
2021-04-19 23:42:19+00:00,1.0
2021-04-11 15:08:20+00:00,1.0
2021-04-22 01:56:10+00:00,0.0
2021-04-05 17:17:03+00:00,1.0
2021-04-13 17:00:04+00:00,1.0
2021-04-30 11:25:44+00:00,0.0
2021-05-03 04:27:08+00:00,1.0
2021-04-30 23:56:23+00:00,0.0
2021-04-06 17:51:03+00:00,1.0
2021-05-03 23:22:14+00:00,1.0
2021-04-11 13:48:26+00:00,2.0
2021-04-20 09:18:50+00:00,1.0
2021-04-06 05:56:31+00:00,1.0
2021-04-09 06:23:20+00:00,1.0
2021-04-16 02:34:17+00:00,1.0
2021-04-10 09:32:44+00:00,1.95
2021-04-26 11:14:03+00:00,0.0
2021-04-23 03:23:13+00:00,3.0
2021-04-15 23:10:18+00:00,1.0
2021-04-07 03:31:41+00:00,1.0
2021-04-20 23:18:41+00:00,0.0
2021-04-05 13:18:16+00:00,1.0
2021-05-01 22:19:01+00:00,0.0
2021-04-21 20:31:19+00:00,1.0
2021-04-22 17:08:33+00:00,0.0
2021-04-17 04:19:31+00:00,0.0
2021-04-26 11:49:18+00:00,0.0
2021-04-12 01:23:18+00:00,2.0
2021-04-14 21:25:55+00:00,1.0
2021-04-26 07:23:27+00:00,0.0
2021-04-23 18:32:54+00:00,1.0
2021-04-26 23:38:10+00:00,0.0
2021-04-30 02:37:41+00:00,0.0
2021-04-25 20:30:27+00:00,0.0
2021-04-11 08:51:45+00:00,1.0
2021-04-16 22:45:48+00:00,0.0
2021-04-05 00:18:42+00:00,1.0
2021-04-10 05:53:35+00:00,1.95
2021-04-14 21:31:31+00:00,2.0
2021-04-15 15:53:39+00:00,1.0
2021-04-21 23:21:56+00:00,0.0
2021-04-12 04:32:00+00:00,2.0
2021-04-24 04:41:42+00:00,1.0
2021-04-07 04:10:11+00:00,1.0
2021-04-21 23:42:35+00:00,0.0
2021-04-23 07:15:20+00:00,3.0
2021-04-28 12:26:45+00:00,1.0
2021-04-24 10:47:31+00:00,1.0
2021-04-28 21:06:33+00:00,1.0
2021-04-18 22:09:03+00:00,1.0
2021-04-08 19:39:31+00:00,2.0
2021-04-13 16:56:26+00:00,1.0
2021-05-01 00:51:12+00:00,0.0
2021-04-25 07:47:36+00:00,1.0
2021-04-06 09:04:44+00:00,1.0
2021-04-16 14:10:35+00:00,1.0
2021-04-20 11:45:33+00:00,1.0
2021-05-02 05:54:59+00:00,0.0
2021-04-05 06:01:48+00:00,1.0
2021-04-07 13:30:49+00:00,1.0
2021-04-26 04:38:39+00:00,0.0
2021-04-05 10:18:40+00:00,1.0
2021-04-13 03:25:11+00:00,1.0
2021-04-24 02:31:27+00:00,1.0
2021-04-30 13:03:29+00:00,0.0
2021-04-10 08:03:01+00:00,1.95
2021-04-07 14:30:48+00:00,1.0
2021-04-06 15:51:29+00:00,1.0
2021-04-11 04:39:11+00:00,2.0
2021-05-03 12:00:10+00:00,1.0
2021-04-30 21:25:02+00:00,0.0
2021-04-16 03:06:45+00:00,2.0
2021-04-15 13:49:17+00:00,1.0
2021-04-06 05:34:00+00:00,1.0
2021-04-27 07:23:35+00:00,0.0
2021-04-24 23:44:28+00:00,1.0
2021-05-02 18:27:17+00:00,1.0
2021-04-24 16:18:10+00:00,1.0
2021-04-14 21:14:29+00:00,1.0
2021-04-20 06:13:09+00:00,2.0
2021-04-13 05:43:49+00:00,1.0
2021-04-29 03:20:37+00:00,0.0
2021-04-24 04:37:33+00:00,1.0
2021-04-22 07:23:33+00:00,0.0
2021-04-23 16:42:57+00:00,1.0
2021-04-20 03:52:16+00:00,2.0
2021-04-22 12:31:56+00:00,0.0
2021-04-29 15:25:45+00:00,0.0
2021-04-16 05:28:04+00:00,2.0
2021-04-20 13:21:43+00:00,1.0
2021-04-12 01:27:44+00:00,2.0
2021-04-20 09:15:36+00:00,1.0
2021-05-02 17:46:48+00:00,1.0
2021-04-16 08:27:32+00:00,1.0
2021-05-01 18:55:38+00:00,0.0
2021-04-14 02:18:35+00:00,2.0
2021-04-21 22:24:20+00:00,0.0
2021-05-01 01:58:55+00:00,0.0
2021-04-08 02:34:54+00:00,1.0
2021-04-28 05:11:47+00:00,0.0
2021-04-16 21:18:42+00:00,0.0
2021-04-09 23:49:05+00:00,1.95
2021-04-21 10:26:30+00:00,0.0
2021-04-19 14:54:37+00:00,1.0
2021-04-15 06:23:48+00:00,2.0
2021-04-30 00:42:53+00:00,0.0
2021-04-25 03:36:11+00:00,1.0
2021-04-18 19:16:45+00:00,1.0
2021-04-20 13:37:57+00:00,1.0
2021-04-20 23:26:10+00:00,0.0
2021-04-19 02:57:54+00:00,2.0
2021-04-15 05:19:42+00:00,2.0
2021-04-29 20:55:13+00:00,0.0
2021-04-06 07:20:35+00:00,1.0
2021-04-26 05:48:31+00:00,0.0
2021-04-24 19:33:51+00:00,1.0
2021-04-28 11:58:47+00:00,1.0
2021-04-13 14:45:51+00:00,1.0
2021-04-13 18:53:24+00:00,1.0
2021-05-01 23:43:23+00:00,0.0
2021-04-09 02:51:24+00:00,1.0
2021-05-01 20:44:35+00:00,0.0
2021-04-05 14:02:56+00:00,1.0
2021-04-24 09:21:46+00:00,1.0
2021-04-07 09:07:24+00:00,1.0
2021-04-20 09:48:07+00:00,1.0
2021-04-30 11:18:42+00:00,0.0
2021-04-14 19:18:59+00:00,1.0
2021-04-10 05:22:41+00:00,1.95
2021-04-07 00:14:00+00:00,1.0
2021-04-08 19:13:41+00:00,2.0
2021-04-18 05:37:37+00:00,2.0
2021-04-26 12:48:11+00:00,0.0
2021-04-21 22:00:06+00:00,0.0
2021-04-10 12:48:53+00:00,1.95
2021-04-15 15:15:07+00:00,1.0
2021-05-02 18:44:22+00:00,1.0
2021-04-21 14:46:44+00:00,0.0
2021-04-23 19:21:42+00:00,1.0
2021-04-09 21:36:17+00:00,2.0
2021-04-22 06:51:03+00:00,0.0
2021-04-20 14:31:33+00:00,1.0
2021-04-22 09:56:06+00:00,0.0
2021-04-20 11:52:12+00:00,1.0
2021-04-30 00:42:25+00:00,0.0
2021-04-08 12:46:20+00:00,1.0
2021-04-22 20:22:22+00:00,0.0
2021-04-26 18:45:22+00:00,0.0
2021-04-29 13:01:43+00:00,0.0
2021-04-13 20:13:14+00:00,1.0
2021-04-15 07:02:53+00:00,1.0
2021-04-13 06:25:50+00:00,1.0
2021-04-12 19:10:12+00:00,2.0
2021-05-02 00:08:24+00:00,0.0
2021-04-20 02:59:58+00:00,2.0
2021-04-05 20:48:37+00:00,1.0
2021-04-28 00:56:38+00:00,0.0
2021-04-13 21:46:15+00:00,2.0
2021-04-28 15:51:00+00:00,1.0
2021-04-30 18:08:18+00:00,0.0
2021-04-22 23:56:15+00:00,3.0
2021-04-06 19:15:49+00:00,1.0
2021-04-29 01:57:45+00:00,0.0
2021-04-11 05:02:14+00:00,2.0
2021-04-16 01:49:10+00:00,2.0
2021-04-23 17:32:50+00:00,1.0
2021-04-26 18:19:51+00:00,0.0
2021-04-23 17:13:42+00:00,1.0
2021-04-19 07:44:06+00:00,2.0
2021-04-06 00:10:56+00:00,1.0
2021-04-06 07:34:19+00:00,1.0
2021-04-30 21:16:48+00:00,0.0
2021-04-23 09:18:39+00:00,8.5
2021-04-08 10:54:14+00:00,1.0
2021-04-30 08:08:21+00:00,0.0
2021-04-07 19:33:21+00:00,1.0
2021-04-14 16:59:56+00:00,2.0
2021-04-12 03:38:04+00:00,2.0
2021-05-02 10:12:37+00:00,0.0
2021-04-06 12:41:11+00:00,1.0
2021-05-03 14:12:42+00:00,1.0
2021-04-28 06:48:57+00:00,0.0
2021-04-26 02:20:50+00:00,0.0
2021-04-07 10:56:45+00:00,1.0
2021-04-18 09:16:23+00:00,1.0
2021-04-15 01:12:05+00:00,1.0
2021-05-03 03:48:51+00:00,1.0
2021-04-24 14:57:49+00:00,1.0
2021-04-29 14:22:28+00:00,0.0
2021-04-19 02:49:15+00:00,1.0
2021-04-08 20:14:20+00:00,2.0
2021-04-13 20:11:36+00:00,2.0
2021-04-05 01:46:20+00:00,1.0
2021-04-11 01:16:27+00:00,2.0
2021-04-05 08:09:45+00:00,1.0
2021-04-12 11:32:23+00:00,1.0
2021-04-30 07:58:14+00:00,0.0
2021-04-28 19:49:26+00:00,1.0
2021-04-13 08:05:08+00:00,1.0
2021-04-05 12:06:30+00:00,1.0
2021-05-03 07:01:07+00:00,1.0
2021-04-25 21:06:17+00:00,0.0
2021-04-14 15:48:58+00:00,2.0
2021-04-17 00:10:41+00:00,0.0
2021-04-29 20:56:56+00:00,0.0
2021-04-12 08:42:21+00:00,2.0
2021-04-28 14:06:47+00:00,1.0
2021-04-15 10:09:09+00:00,1.0
2021-04-09 00:15:41+00:00,2.0
2021-04-11 17:04:30+00:00,1.0
2021-04-19 03:33:10+00:00,2.0
2021-04-05 11:34:58+00:00,1.0
2021-04-18 07:43:58+00:00,2.0
2021-04-18 21:41:22+00:00,1.0
2021-04-06 11:56:09+00:00,1.0
2021-04-29 09:05:36+00:00,0.0
2021-04-19 00:09:25+00:00,2.0
2021-04-14 18:42:32+00:00,1.0
2021-04-21 09:42:50+00:00,0.0
2021-04-10 07:46:48+00:00,1.95
2021-04-29 23:41:28+00:00,0.0
2021-04-13 11:13:34+00:00,1.0
2021-04-15 02:57:04+00:00,2.0
2021-04-14 18:44:59+00:00,1.0
2021-04-29 04:28:42+00:00,0.0
2021-04-08 10:52:50+00:00,1.0
2021-04-18 12:46:00+00:00,1.0
2021-05-03 16:00:23+00:00,1.0
2021-04-27 02:35:32+00:00,0.0
2021-04-17 11:30:23+00:00,0.0
2021-04-12 04:19:56+00:00,2.0
2021-04-30 22:41:35+00:00,0.0
2021-04-05 19:46:54+00:00,1.0
2021-05-01 18:29:39+00:00,0.0
2021-04-25 09:11:31+00:00,2496.0
2021-04-23 04:33:23+00:00,3.0
2021-04-11 13:26:18+00:00,1.0
2021-04-30 20:24:37+00:00,0.0
2021-04-24 05:40:28+00:00,1.0
2021-04-18 16:49:19+00:00,1.0
2021-05-03 16:17:16+00:00,1.0
2021-04-14 18:55:31+00:00,2.0
2021-04-30 08:57:02+00:00,0.0
2021-04-08 13:40:52+00:00,1.0
2021-04-29 23:06:57+00:00,0.0
2021-05-03 10:47:15+00:00,1.0
2021-04-07 14:47:35+00:00,1.0
2021-04-12 04:38:58+00:00,1.0
2021-04-15 06:08:58+00:00,2.0
2021-05-03 21:27:09+00:00,1.0
2021-04-19 23:44:09+00:00,1.0
2021-05-02 06:07:01+00:00,0.0
2021-04-19 08:56:52+00:00,1.0
2021-04-30 12:27:18+00:00,0.0
2021-04-24 07:49:50+00:00,1.0
2021-04-30 17:06:30+00:00,0.0
2021-04-14 14:18:01+00:00,1.0
2021-04-13 21:02:22+00:00,2.0
2021-04-07 13:18:35+00:00,1.0
2021-04-26 06:10:51+00:00,0.0
2021-04-12 20:56:45+00:00,1.0
2021-05-01 04:44:53+00:00,0.0
2021-04-27 22:17:45+00:00,0.0
2021-04-23 12:38:27+00:00,173.0
2021-04-29 08:42:21+00:00,0.0
2021-04-29 00:28:06+00:00,0.0
2021-04-30 04:20:17+00:00,0.0
2021-04-09 15:04:38+00:00,1.0
2021-04-21 20:45:38+00:00,2.0
2021-04-06 16:14:11+00:00,1.0
2021-04-12 21:06:52+00:00,1.0
2021-04-05 01:57:08+00:00,1.0
2021-04-20 20:14:52+00:00,1.0
2021-04-14 05:42:05+00:00,1.0
2021-04-30 02:57:35+00:00,0.0
2021-05-01 07:41:04+00:00,0.0
2021-04-21 07:14:00+00:00,0.0
2021-04-28 20:06:54+00:00,1.0
2021-05-01 08:37:10+00:00,0.0
2021-04-25 15:33:53+00:00,1.0
2021-04-06 06:32:35+00:00,1.0
2021-04-06 18:42:49+00:00,1.0
2021-04-21 06:45:40+00:00,0.0
2021-04-13 13:46:18+00:00,2.0
2021-04-24 13:49:34+00:00,1.0
2021-04-13 08:24:27+00:00,2.0
2021-04-19 01:13:59+00:00,1.0
2021-04-20 16:39:22+00:00,1.0
2021-04-24 13:35:38+00:00,1.0
2021-04-12 00:00:11+00:00,1.5
2021-04-23 06:21:24+00:00,2.0
2021-04-07 22:27:36+00:00,1.0
2021-05-01 22:32:26+00:00,0.0
2021-04-16 22:58:50+00:00,0.0
2021-04-25 06:36:59+00:00,1.0
2021-04-16 05:54:57+00:00,1.0
2021-04-10 03:30:40+00:00,1.95
2021-04-07 03:16:47+00:00,1.0
2021-04-20 05:10:43+00:00,2.0
2021-04-16 13:23:00+00:00,2.0
2021-04-28 04:11:39+00:00,0.0
2021-04-09 09:56:46+00:00,1.0
2021-04-26 19:33:05+00:00,0.0
2021-04-10 13:26:48+00:00,1.95
2021-04-17 09:35:26+00:00,0.0
2021-04-12 14:58:17+00:00,1.0
2021-04-16 00:19:15+00:00,1.0
2021-04-29 11:56:32+00:00,0.0
2021-04-21 15:23:31+00:00,0.0
2021-04-08 14:50:22+00:00,1.0
2021-04-30 14:26:12+00:00,0.0
2021-04-15 23:32:44+00:00,1.0
2021-04-08 08:56:11+00:00,1.0
2021-05-03 15:41:09+00:00,1.0
2021-04-15 21:29:01+00:00,1.0
2021-04-10 04:55:51+00:00,1.95
2021-04-24 13:32:40+00:00,1.0
2021-04-23 11:06:04+00:00,93.0
2021-04-27 17:45:49+00:00,0.0
2021-04-14 10:56:35+00:00,1.0
2021-04-07 20:10:32+00:00,1.0
2021-04-29 15:18:51+00:00,0.0
2021-05-03 10:28:08+00:00,1.0
2021-04-15 15:14:30+00:00,1.0
2021-04-18 06:21:20+00:00,1.0
2021-04-11 04:18:05+00:00,1.0
2021-04-22 10:29:50+00:00,0.0
2021-04-17 14:49:10+00:00,0.0
2021-04-11 18:14:52+00:00,1.0
2021-04-05 12:22:32+00:00,1.0
2021-04-12 10:32:34+00:00,1.0
2021-04-19 17:28:35+00:00,1.0
2021-04-22 01:48:05+00:00,0.0
2021-04-05 17:48:48+00:00,1.0
2021-04-12 21:29:15+00:00,1.0
2021-04-29 12:54:20+00:00,0.0
2021-04-16 16:44:28+00:00,2.0
2021-04-05 00:24:17+00:00,1.0
2021-04-17 00:10:08+00:00,0.0
2021-04-16 11:06:20+00:00,1.0
2021-04-14 14:09:49+00:00,1.0
2021-04-20 03:31:22+00:00,2.0
2021-04-23 13:28:24+00:00,2351.0
2021-05-01 03:41:38+00:00,0.0
2021-04-29 08:51:57+00:00,0.0
2021-04-27 04:09:16+00:00,0.0
2021-04-20 03:01:20+00:00,2.0
2021-04-13 05:22:15+00:00,1.0
2021-04-16 17:47:15+00:00,0.0
2021-05-01 22:56:00+00:00,0.0
2021-05-02 21:13:46+00:00,1.0
2021-04-05 08:16:01+00:00,1.0
2021-04-06 20:00:13+00:00,1.0
2021-04-27 15:37:20+00:00,0.0
2021-04-13 20:39:42+00:00,1.0
2021-04-16 20:36:22+00:00,0.0
2021-04-23 03:43:22+00:00,2.0
2021-04-16 00:38:16+00:00,1.0
2021-05-03 00:03:26+00:00,1.0
2021-04-11 16:31:26+00:00,1.0
2021-04-30 07:54:28+00:00,0.0
2021-04-11 21:04:46+00:00,2.0
2021-04-13 03:39:25+00:00,1.0
2021-04-12 14:01:49+00:00,1.0
2021-04-05 14:18:34+00:00,1.0
2021-04-09 02:54:55+00:00,1.0
2021-04-08 06:49:08+00:00,1.0
2021-04-20 05:41:00+00:00,2.0
2021-04-27 22:03:10+00:00,0.0
2021-04-28 14:41:17+00:00,1.0
2021-04-17 11:05:23+00:00,0.0
2021-04-05 23:51:29+00:00,1.0
2021-04-16 18:01:59+00:00,0.0
2021-04-27 09:39:10+00:00,0.0
2021-04-22 10:25:02+00:00,0.0
2021-04-20 07:55:39+00:00,1.0
2021-04-24 15:13:57+00:00,1.0
2021-04-30 19:21:00+00:00,0.0
2021-04-17 09:28:56+00:00,0.0
2021-04-09 07:08:17+00:00,1.0
2021-04-29 02:35:54+00:00,0.0
2021-04-29 17:31:17+00:00,0.0
2021-05-01 14:39:23+00:00,0.0
2021-04-15 23:10:56+00:00,1.0
2021-04-11 08:19:52+00:00,1.0
2021-05-01 13:51:56+00:00,0.0
2021-05-03 14:11:01+00:00,1.0
2021-04-14 12:59:52+00:00,1.0
2021-04-26 05:52:46+00:00,0.0
2021-04-14 00:00:40+00:00,2.0
2021-04-30 23:54:08+00:00,0.0
2021-04-16 08:59:49+00:00,2.0
2021-04-20 05:04:10+00:00,1.0
2021-04-21 18:40:23+00:00,2.0
2021-04-27 02:03:15+00:00,0.0
2021-04-29 18:12:30+00:00,0.0
2021-05-02 22:02:28+00:00,2.0
2021-04-05 11:47:06+00:00,1.0
2021-05-03 09:42:45+00:00,1.0
2021-04-09 16:45:53+00:00,1.0
2021-04-05 14:27:37+00:00,1.0
2021-04-22 20:36:26+00:00,0.0
2021-04-28 12:09:04+00:00,1.0
2021-04-16 11:20:50+00:00,2.0
2021-04-29 22:22:39+00:00,0.0
2021-04-17 04:36:45+00:00,0.0
2021-04-22 01:11:24+00:00,0.0
2021-04-10 16:17:25+00:00,5.0
2021-04-14 07:08:19+00:00,1.0
2021-05-02 02:57:21+00:00,0.0
2021-04-26 07:24:37+00:00,0.0
2021-04-23 22:45:23+00:00,1.0
2021-04-19 03:36:03+00:00,2.0
2021-04-27 20:56:42+00:00,0.0
2021-05-01 06:46:29+00:00,0.0
2021-04-30 13:36:35+00:00,0.0
2021-04-24 16:00:48+00:00,1.0
2021-04-15 05:15:14+00:00,2.0
2021-04-17 09:03:43+00:00,0.0
2021-04-12 22:43:46+00:00,1.0
2021-04-18 11:50:00+00:00,1.0
2021-04-13 21:19:31+00:00,2.0
2021-04-19 03:41:35+00:00,1.0
2021-04-21 05:23:04+00:00,0.0
2021-04-08 18:20:21+00:00,1.0
2021-04-13 05:49:25+00:00,1.0
2021-04-23 23:49:18+00:00,1.0
2021-04-26 02:18:47+00:00,0.0
2021-04-30 22:40:02+00:00,0.0
2021-04-22 11:15:14+00:00,0.0
2021-04-08 13:34:41+00:00,1.0
2021-04-26 15:31:08+00:00,0.0
2021-04-12 22:55:09+00:00,1.0
2021-04-11 23:42:26+00:00,2.0
2021-04-19 02:31:03+00:00,2.0
2021-04-09 00:28:56+00:00,2.0
2021-04-14 19:46:19+00:00,2.0
2021-04-07 10:18:26+00:00,1.0
2021-04-22 19:35:09+00:00,0.0
2021-04-05 17:51:03+00:00,1.0
2021-04-12 20:04:45+00:00,1.0
2021-04-14 23:11:02+00:00,1.0
2021-04-30 03:10:10+00:00,0.0
2021-05-03 14:35:42+00:00,1.0
2021-04-07 03:41:14+00:00,1.0
2021-04-29 09:03:23+00:00,0.0
2021-04-12 01:09:27+00:00,1.0
2021-04-14 05:03:30+00:00,2.0
2021-04-17 02:23:48+00:00,0.0
2021-05-02 03:00:51+00:00,0.0
2021-04-23 11:59:03+00:00,91.0
2021-04-26 01:02:00+00:00,0.0
2021-04-18 18:58:56+00:00,1.0
2021-04-07 02:57:11+00:00,1.0
2021-04-18 21:43:23+00:00,1.0
2021-04-27 14:52:02+00:00,0.0
2021-04-24 04:47:28+00:00,1.0
2021-04-25 23:19:03+00:00,0.0
2021-04-17 09:11:14+00:00,0.0
2021-04-19 04:01:03+00:00,2.0
2021-04-23 17:50:02+00:00,1.0
2021-04-05 09:32:56+00:00,1.0
2021-04-11 01:44:01+00:00,1.0
2021-05-03 17:41:45+00:00,1.0
2021-04-13 12:09:45+00:00,1.0
2021-05-01 03:55:13+00:00,0.0
2021-04-22 19:51:01+00:00,0.0
2021-04-21 07:23:09+00:00,0.0
2021-04-17 09:34:17+00:00,0.0
2021-04-08 22:46:32+00:00,2.0
2021-04-11 20:14:58+00:00,1.0
2021-04-24 02:44:20+00:00,1.0
2021-04-21 12:47:01+00:00,0.0
2021-04-25 16:04:21+00:00,1.0
2021-04-29 04:09:03+00:00,0.0
2021-04-23 13:01:13+00:00,25.0
2021-04-19 14:50:13+00:00,2.0
2021-04-10 14:27:09+00:00,1.95
2021-04-21 07:05:08+00:00,0.0
2021-04-20 03:18:26+00:00,1.0
2021-04-20 09:20:41+00:00,1.0
2021-04-11 01:02:59+00:00,1.0
2021-04-25 05:11:06+00:00,1.0
2021-04-12 10:27:22+00:00,1.0
2021-05-02 20:14:48+00:00,1.0
2021-05-02 08:42:03+00:00,0.0
2021-04-08 19:25:46+00:00,1.0
2021-04-13 02:37:57+00:00,1.0
2021-04-26 05:04:19+00:00,0.0
2021-04-21 12:55:03+00:00,0.0
2021-04-23 20:33:57+00:00,1.0
2021-04-21 04:18:23+00:00,0.0
2021-04-23 14:39:07+00:00,5.0
2021-04-19 12:58:52+00:00,1.0
2021-05-03 16:09:20+00:00,1.0
2021-04-21 17:19:43+00:00,5.0
2021-04-04 23:31:25+00:00,1.0
2021-05-02 10:39:55+00:00,0.0
2021-04-22 16:11:45+00:00,0.0
2021-04-09 18:40:37+00:00,2.0
2021-05-02 09:41:43+00:00,0.0
2021-04-21 07:32:33+00:00,0.0
2021-04-28 07:04:59+00:00,0.0
2021-04-23 00:58:40+00:00,2.0
2021-05-03 23:35:14+00:00,1.0
2021-04-17 13:58:53+00:00,0.0
2021-04-24 19:21:22+00:00,1.0
2021-04-19 06:35:16+00:00,1.0
2021-05-03 13:08:08+00:00,1.0
2021-04-28 16:20:19+00:00,1.0
2021-04-09 02:22:18+00:00,2.0
2021-04-12 07:44:12+00:00,1.0
2021-04-05 18:32:37+00:00,1.0
2021-04-10 10:31:10+00:00,1.95
2021-05-02 21:03:18+00:00,1.0
2021-04-11 16:55:36+00:00,1.0
2021-04-05 01:45:23+00:00,1.0
2021-04-28 21:46:13+00:00,0.0
2021-04-13 12:24:36+00:00,1.0
2021-04-22 00:17:35+00:00,0.0
2021-04-27 09:25:53+00:00,0.0
2021-04-23 07:52:10+00:00,8.5
2021-04-17 04:18:36+00:00,0.0
2021-04-19 14:27:57+00:00,1.0
2021-04-24 19:08:10+00:00,1.0
2021-04-16 19:05:59+00:00,0.0
2021-04-15 10:39:41+00:00,1.0
2021-04-10 16:20:38+00:00,128.0
2021-04-08 23:12:35+00:00,2.0
2021-04-24 10:16:10+00:00,1.0
2021-05-01 06:55:28+00:00,0.0
2021-04-22 13:16:52+00:00,0.0
2021-04-14 19:57:05+00:00,1.0
2021-04-17 18:58:29+00:00,1.0
2021-04-30 21:33:31+00:00,0.0
2021-04-17 15:52:31+00:00,0.0
2021-04-17 19:36:51+00:00,2.0
2021-04-12 05:41:29+00:00,2.0
2021-05-03 21:22:01+00:00,1.0
2021-04-05 17:44:00+00:00,1.0
2021-04-30 11:30:30+00:00,0.0
2021-04-05 22:14:44+00:00,1.0
2021-04-15 11:00:01+00:00,1.0
2021-04-12 04:32:21+00:00,2.0
2021-04-06 07:45:46+00:00,1.0
2021-04-05 23:58:11+00:00,1.0
2021-04-05 11:54:37+00:00,1.0
2021-04-27 22:52:52+00:00,0.0
2021-05-03 19:47:24+00:00,1.0
2021-04-21 05:11:11+00:00,0.0
2021-04-29 04:17:13+00:00,0.0
2021-05-01 22:22:46+00:00,0.0
2021-04-20 03:09:22+00:00,1.0
2021-04-26 01:23:51+00:00,0.0
2021-04-23 08:37:50+00:00,8.5
2021-05-01 20:21:27+00:00,0.0
2021-04-16 09:27:40+00:00,1.0
2021-05-03 03:55:31+00:00,1.0
2021-04-14 21:57:11+00:00,1.0
2021-04-20 16:39:01+00:00,1.0
2021-04-10 02:45:09+00:00,1.95
2021-04-06 23:27:49+00:00,1.0
2021-04-23 20:14:37+00:00,1.0
2021-04-13 11:47:06+00:00,2.0
2021-04-06 19:21:02+00:00,1.0
2021-05-03 16:04:31+00:00,1.0
2021-04-13 14:46:30+00:00,2.0
2021-04-29 10:47:42+00:00,0.0
2021-04-20 11:49:53+00:00,2.0
2021-04-27 11:16:11+00:00,0.0
2021-04-27 19:25:17+00:00,0.0
2021-04-27 09:14:33+00:00,0.0
2021-04-27 15:00:41+00:00,0.0
2021-04-10 13:44:55+00:00,1.95
2021-04-11 15:55:48+00:00,2.0
2021-04-12 20:33:36+00:00,1.0
2021-04-25 13:01:15+00:00,1.0
2021-04-28 03:34:10+00:00,0.0
2021-04-05 19:14:24+00:00,1.0
2021-04-15 13:07:43+00:00,1.0
2021-05-02 16:03:17+00:00,1.0
2021-05-02 05:46:54+00:00,0.0
2021-04-13 16:48:45+00:00,1.0
2021-04-15 13:46:13+00:00,2.0
2021-04-22 05:44:54+00:00,0.0
2021-04-21 15:45:46+00:00,2474.0
2021-04-25 22:14:53+00:00,0.0
2021-05-03 19:13:11+00:00,1.0
2021-04-26 07:36:02+00:00,0.0
2021-04-18 05:09:10+00:00,1.0
2021-04-19 07:23:19+00:00,1.0
2021-04-09 17:27:54+00:00,2.0
2021-05-02 00:07:12+00:00,0.0
2021-04-27 00:15:06+00:00,0.0
2021-04-23 11:17:18+00:00,30.0
2021-04-29 18:50:06+00:00,0.0
2021-04-11 06:34:08+00:00,1.0
2021-04-29 17:30:01+00:00,0.0
2021-04-15 15:32:56+00:00,1.0
2021-04-26 05:01:06+00:00,0.0
2021-04-11 01:03:08+00:00,1.0
2021-04-14 21:45:45+00:00,1.0
2021-04-10 08:22:00+00:00,1.95
2021-04-10 06:53:41+00:00,1.95
2021-04-15 06:42:04+00:00,1.0
2021-04-11 22:06:50+00:00,1.5
2021-04-15 08:38:35+00:00,1.0
2021-04-25 11:32:25+00:00,1.0
2021-04-26 02:56:45+00:00,0.0
2021-04-17 18:24:00+00:00,2.0
2021-04-29 09:09:24+00:00,0.0
2021-04-17 03:49:32+00:00,0.0
2021-04-07 01:57:16+00:00,1.0
2021-04-13 21:57:57+00:00,1.0
2021-04-30 17:14:07+00:00,0.0
2021-04-24 08:18:28+00:00,1.0
2021-05-02 00:24:33+00:00,0.0
2021-04-05 07:56:52+00:00,1.0
2021-04-14 13:42:35+00:00,2.0
2021-04-11 08:54:40+00:00,1.0
2021-04-19 12:23:35+00:00,2.0
2021-04-16 23:55:06+00:00,0.0
2021-04-06 16:01:02+00:00,1.0
2021-05-03 15:05:24+00:00,1.0
2021-04-28 05:25:02+00:00,0.0
2021-04-20 09:47:50+00:00,1.0
2021-04-20 13:22:18+00:00,1.0
2021-04-23 04:57:53+00:00,3.0
2021-04-24 04:35:16+00:00,1.0
2021-05-01 13:19:04+00:00,0.0
2021-04-13 08:44:29+00:00,2.0
2021-04-26 00:14:22+00:00,0.0
2021-04-06 06:53:00+00:00,1.0
2021-04-08 10:10:37+00:00,140.0
2021-04-17 10:14:15+00:00,0.0
2021-04-07 21:54:17+00:00,1.0
2021-04-23 17:39:54+00:00,1.0
2021-04-17 07:00:15+00:00,0.0
2021-04-10 05:04:36+00:00,1.95
2021-04-26 15:00:49+00:00,0.0
2021-04-29 04:09:48+00:00,0.0
2021-04-09 01:08:28+00:00,1.0
2021-04-07 17:06:43+00:00,1.0
2021-04-22 13:01:40+00:00,0.0
2021-04-13 01:41:40+00:00,1.0
2021-04-16 04:27:39+00:00,2.0
2021-05-02 03:55:55+00:00,0.0
2021-04-08 23:23:22+00:00,1.0
2021-04-09 08:03:46+00:00,1.0
2021-04-07 21:03:32+00:00,1.0
2021-05-01 05:53:34+00:00,0.0
2021-04-28 07:51:09+00:00,0.0
2021-04-11 11:48:46+00:00,1.0
2021-04-10 07:17:59+00:00,1.95
2021-04-11 06:46:06+00:00,1.0
2021-04-09 22:04:20+00:00,1.95
2021-04-05 23:04:23+00:00,1.0
2021-05-02 09:21:19+00:00,0.0
2021-05-01 06:52:03+00:00,0.0
2021-05-01 19:32:40+00:00,0.0
2021-04-06 23:20:29+00:00,1.0
2021-04-24 20:53:05+00:00,1.0
2021-04-24 19:40:06+00:00,1.0
2021-04-09 06:02:40+00:00,2.0
2021-04-23 19:47:37+00:00,1.0
2021-04-13 21:46:11+00:00,2.0
2021-04-19 12:31:49+00:00,2.0
2021-04-09 22:31:52+00:00,1.95
2021-04-24 18:09:26+00:00,1.0
2021-04-29 01:00:20+00:00,0.0
2021-04-08 10:09:37+00:00,52.0
2021-04-30 11:48:36+00:00,0.0
2021-04-15 04:35:18+00:00,2.0
2021-04-26 20:58:40+00:00,0.0
2021-04-26 09:13:36+00:00,0.0
2021-04-21 08:54:14+00:00,0.0
2021-04-08 12:27:28+00:00,1.0
2021-04-14 03:50:46+00:00,2.0
2021-04-25 02:07:14+00:00,1.0
2021-04-08 18:09:32+00:00,2.0
2021-05-01 05:26:49+00:00,0.0
2021-04-23 06:37:15+00:00,6.0
2021-04-08 04:51:44+00:00,1.0
2021-05-03 15:03:24+00:00,1.0
2021-04-11 00:06:19+00:00,1.0
2021-04-16 05:13:27+00:00,2.0
2021-04-17 22:51:30+00:00,1.0
2021-04-19 17:20:03+00:00,1.0
2021-04-20 21:42:01+00:00,2.0
2021-04-13 02:10:28+00:00,1.0
2021-04-07 07:45:16+00:00,1.0
2021-04-26 11:29:59+00:00,0.0
2021-04-25 18:47:17+00:00,1.0
2021-04-22 02:16:28+00:00,0.0
2021-04-12 01:18:24+00:00,1.0
2021-04-17 16:07:39+00:00,0.0
2021-04-16 01:28:24+00:00,2.0
2021-04-05 12:38:32+00:00,1.0
2021-04-29 06:26:51+00:00,0.0
2021-04-09 01:49:55+00:00,2.0
2021-04-16 21:18:38+00:00,0.0
2021-04-14 09:57:50+00:00,1.0
2021-04-08 12:27:33+00:00,1.0
2021-04-21 21:22:49+00:00,1.0
2021-04-22 21:33:16+00:00,0.0
2021-04-19 04:00:04+00:00,2.0
2021-04-07 01:41:43+00:00,1.0
2021-04-08 04:37:58+00:00,1.0
2021-04-07 00:55:18+00:00,1.0
2021-04-10 07:07:39+00:00,1.95
2021-05-02 07:52:18+00:00,0.0
2021-04-16 09:31:59+00:00,1.0
2021-04-21 17:17:51+00:00,5.0
2021-04-26 19:49:01+00:00,0.0
2021-04-26 14:20:06+00:00,0.0
2021-04-09 15:40:00+00:00,2.0
2021-04-12 17:03:04+00:00,2.0
2021-04-23 13:11:45+00:00,5.0
2021-04-05 16:26:52+00:00,1.0
2021-05-01 05:12:11+00:00,0.0
2021-04-28 07:59:53+00:00,0.0
2021-04-14 21:10:37+00:00,2.0
2021-04-30 01:02:21+00:00,0.0
2021-04-19 09:40:25+00:00,1.0
2021-04-18 01:04:35+00:00,1.0
2021-04-27 03:45:13+00:00,0.0
2021-04-13 15:48:24+00:00,1.0
2021-04-14 02:15:12+00:00,2.0
2021-04-07 19:28:24+00:00,1.0
2021-04-10 16:52:14+00:00,37.0
2021-04-06 18:41:05+00:00,1.0
2021-04-24 09:46:13+00:00,1.0
2021-04-15 14:57:54+00:00,1.0
2021-05-02 09:53:22+00:00,0.0
2021-04-17 05:13:09+00:00,0.0
2021-04-09 07:17:58+00:00,2.0
2021-04-27 09:33:08+00:00,0.0
2021-04-17 00:16:25+00:00,0.0
2021-04-22 16:59:18+00:00,0.0
2021-04-09 02:52:44+00:00,2.0
2021-04-30 03:28:07+00:00,0.0
2021-04-23 14:13:48+00:00,5.0
2021-05-03 10:16:37+00:00,1.0
2021-04-18 20:21:30+00:00,2.0
2021-04-27 09:09:03+00:00,0.0
2021-04-18 07:56:15+00:00,1.0
2021-04-05 05:26:30+00:00,1.0
2021-04-27 22:59:59+00:00,0.0
2021-04-29 21:51:53+00:00,0.0
2021-04-06 13:43:58+00:00,1.0
2021-04-08 21:24:13+00:00,2.0
2021-04-09 11:10:02+00:00,2.0
2021-04-10 00:05:31+00:00,1.95
2021-04-07 08:03:20+00:00,1.0
2021-04-14 22:32:22+00:00,1.0
2021-04-26 08:27:13+00:00,0.0
2021-04-29 12:50:24+00:00,0.0
2021-04-10 02:48:56+00:00,1.95
2021-04-12 05:27:57+00:00,1.0
2021-05-01 01:49:20+00:00,0.0
2021-05-02 20:39:17+00:00,1.0
2021-04-29 09:23:05+00:00,0.0
2021-04-11 21:37:30+00:00,2.0
2021-04-07 08:15:08+00:00,1.0
2021-04-16 06:10:01+00:00,2.0
2021-04-19 11:11:27+00:00,1.0
2021-04-29 23:00:06+00:00,0.0
2021-05-02 16:23:48+00:00,1.0
2021-04-18 00:20:23+00:00,1.0
2021-05-03 21:58:46+00:00,1.0
2021-04-30 00:45:39+00:00,0.0
2021-04-18 21:09:20+00:00,2.0
2021-04-20 02:31:27+00:00,2.0
2021-04-06 14:19:45+00:00,1.0
2021-04-25 23:46:16+00:00,0.0
2021-05-02 11:52:04+00:00,0.0
2021-04-09 14:49:13+00:00,1.0
2021-04-24 16:30:02+00:00,1.0
2021-04-05 12:30:56+00:00,1.0
2021-04-28 01:18:00+00:00,0.0
2021-04-29 21:12:13+00:00,0.0
2021-04-08 15:53:22+00:00,1.0
2021-04-30 15:31:07+00:00,0.0
2021-04-13 19:07:47+00:00,1.0
2021-04-23 06:01:32+00:00,3.0
2021-05-02 09:46:24+00:00,0.0
2021-04-22 17:46:55+00:00,0.0
2021-04-15 18:37:41+00:00,2.0
2021-04-13 13:26:27+00:00,2.0
2021-04-12 03:23:16+00:00,1.0
2021-04-18 05:13:07+00:00,2.0
2021-04-15 22:34:52+00:00,1.0
2021-04-23 22:50:08+00:00,1.0
2021-04-06 15:05:34+00:00,1.0
2021-04-28 08:20:18+00:00,20.0
2021-04-22 02:44:52+00:00,0.0
2021-04-06 12:59:49+00:00,1.0
2021-04-20 13:02:21+00:00,1.0
2021-04-19 11:48:07+00:00,2.0
2021-04-17 15:18:27+00:00,0.0
2021-05-03 00:45:40+00:00,1.0
2021-04-22 18:01:42+00:00,0.0
2021-04-05 06:06:16+00:00,1.0
2021-04-08 07:12:15+00:00,1.0
2021-04-24 23:01:51+00:00,1.0
2021-04-07 02:12:02+00:00,1.0
2021-04-22 01:06:37+00:00,0.0
2021-04-19 09:01:08+00:00,2.0
2021-04-16 04:20:42+00:00,2.0
2021-04-05 12:22:55+00:00,1.0
2021-04-15 00:42:30+00:00,2.0
2021-04-27 01:13:17+00:00,0.0
2021-04-17 03:51:08+00:00,0.0
2021-04-16 09:46:10+00:00,1.0
2021-04-17 05:06:42+00:00,0.0
2021-04-17 09:08:27+00:00,0.0
2021-05-02 15:17:44+00:00,1.0
2021-04-18 13:49:32+00:00,1.0
2021-05-02 08:09:33+00:00,0.0
2021-04-13 16:15:37+00:00,1.0
2021-04-23 02:01:04+00:00,3.0
2021-04-24 19:17:18+00:00,1.0
2021-04-18 11:08:46+00:00,2.0
2021-04-07 09:53:51+00:00,1.0
2021-04-09 18:37:26+00:00,1.0
2021-04-22 02:16:50+00:00,0.0
2021-04-19 12:56:34+00:00,1.0
2021-04-23 06:07:28+00:00,3.0
2021-04-18 18:21:52+00:00,1.0
2021-05-03 13:38:13+00:00,1.0
2021-04-10 07:57:45+00:00,1.95
2021-04-13 15:26:05+00:00,1.0
2021-04-30 04:17:09+00:00,0.0
2021-05-01 02:28:58+00:00,0.0
2021-04-13 10:57:20+00:00,1.0
2021-04-11 10:49:14+00:00,2.0
2021-04-17 03:20:38+00:00,0.0
2021-04-12 10:15:04+00:00,1.0
2021-04-06 10:07:56+00:00,1.0
2021-04-27 21:19:36+00:00,0.0
2021-04-20 01:44:08+00:00,1.0
2021-04-05 00:14:36+00:00,1.0
2021-04-27 15:31:41+00:00,0.0
2021-04-30 11:45:20+00:00,0.0
2021-04-25 05:58:48+00:00,1.0
2021-04-22 23:23:02+00:00,3.0
2021-04-08 08:59:16+00:00,1.0
2021-04-17 19:50:44+00:00,1.0
2021-04-17 02:26:40+00:00,0.0
2021-04-19 16:18:22+00:00,1.0
2021-04-27 09:33:46+00:00,0.0
2021-05-02 00:45:20+00:00,0.0
2021-04-08 21:44:21+00:00,1.0
2021-04-25 06:52:43+00:00,1.0
2021-04-05 04:18:09+00:00,1.0
2021-04-05 10:40:03+00:00,1.0
2021-04-13 01:59:30+00:00,1.0
2021-04-30 23:36:43+00:00,0.0
2021-04-19 18:36:00+00:00,2.0
2021-04-19 14:00:02+00:00,1.0
2021-05-01 14:07:51+00:00,0.0
2021-04-09 04:42:49+00:00,2.0
2021-04-25 05:22:11+00:00,1.0
2021-04-20 03:01:02+00:00,1.0
2021-05-03 06:14:18+00:00,1.0
2021-04-06 20:22:13+00:00,1.0
2021-05-01 22:13:02+00:00,0.0
2021-04-06 21:14:49+00:00,1.0
2021-04-11 14:48:49+00:00,1.0
2021-04-23 10:54:42+00:00,120.0
2021-04-25 01:00:19+00:00,1.0
2021-04-29 09:26:13+00:00,0.0
2021-04-24 11:45:41+00:00,1.0
2021-04-05 12:36:07+00:00,1.0
2021-04-11 13:19:25+00:00,1.0
2021-04-11 03:28:12+00:00,1.0
2021-04-07 13:22:13+00:00,1.0
2021-04-12 13:28:57+00:00,1.0
2021-04-08 00:08:06+00:00,1.0
2021-04-11 09:52:18+00:00,1.0
2021-04-10 19:13:25+00:00,1.0
2021-05-03 04:05:19+00:00,1.0
2021-04-05 15:29:21+00:00,1.0
2021-04-22 09:03:48+00:00,0.0
2021-04-23 06:14:16+00:00,3.0
2021-04-26 01:04:32+00:00,0.0
2021-04-22 17:58:22+00:00,0.0
2021-04-10 16:07:31+00:00,131.0
2021-04-24 16:04:06+00:00,1.0
2021-04-26 23:35:59+00:00,0.0
2021-04-14 18:36:11+00:00,2.0
2021-04-16 10:15:13+00:00,2.0
2021-05-01 05:17:19+00:00,0.0
2021-04-28 20:51:14+00:00,1.0
2021-04-26 13:50:55+00:00,0.0
2021-04-29 06:51:04+00:00,0.0
2021-04-26 05:50:50+00:00,0.0
2021-04-26 18:28:19+00:00,0.0
2021-04-25 05:45:15+00:00,1.0
2021-04-18 16:45:14+00:00,1.0
2021-04-09 18:45:39+00:00,1.0
2021-04-15 03:13:41+00:00,2.0
2021-04-25 14:27:58+00:00,1.0
2021-04-09 13:34:29+00:00,1.0
2021-04-06 15:56:39+00:00,1.0
2021-04-15 18:45:18+00:00,1.0
2021-04-14 14:00:08+00:00,2.0
2021-05-03 20:05:03+00:00,1.0
2021-04-10 11:29:47+00:00,1.95
2021-04-29 03:46:26+00:00,0.0
2021-04-27 04:54:29+00:00,0.0
2021-04-22 08:05:08+00:00,0.0
2021-04-09 09:50:21+00:00,1.0
2021-04-14 10:18:46+00:00,1.0
2021-04-07 09:52:47+00:00,1.0
2021-04-06 20:06:48+00:00,1.0
2021-04-17 23:27:53+00:00,1.0
2021-04-27 07:35:15+00:00,0.0
2021-04-18 01:58:18+00:00,1.0
2021-04-16 15:54:10+00:00,1.0
2021-04-20 14:54:21+00:00,1.0
2021-05-02 01:24:53+00:00,0.0
2021-04-17 21:03:24+00:00,2.0
2021-05-02 11:33:17+00:00,0.0
2021-04-18 07:16:20+00:00,1.0
2021-04-17 01:34:45+00:00,0.0
2021-04-25 15:33:50+00:00,1.0
2021-05-03 23:15:09+00:00,1.0
2021-04-14 17:54:06+00:00,1.5
2021-04-27 09:48:19+00:00,0.0
2021-04-13 04:03:23+00:00,1.0
2021-04-28 17:50:17+00:00,1.0
2021-04-24 16:22:12+00:00,1.0
2021-04-15 19:41:33+00:00,1.0
2021-04-16 13:50:41+00:00,1.0
2021-04-18 02:56:03+00:00,1.0
2021-05-03 02:49:12+00:00,1.0
2021-04-07 21:19:20+00:00,1.0
2021-04-05 08:35:55+00:00,1.0
2021-04-17 23:36:21+00:00,2.0
2021-05-01 09:08:32+00:00,0.0
2021-04-23 14:02:42+00:00,171.0
2021-04-26 20:09:57+00:00,0.0
2021-04-18 14:52:26+00:00,1.0
2021-04-11 21:52:18+00:00,1.0
2021-04-16 08:26:53+00:00,1.0
2021-04-14 10:32:08+00:00,2.0
2021-04-29 07:54:45+00:00,0.0
2021-04-25 14:14:03+00:00,1.0
2021-04-11 11:47:14+00:00,1.0
2021-04-10 05:50:09+00:00,1.95
2021-04-26 02:34:53+00:00,0.0
2021-05-02 13:01:48+00:00,0.0
2021-04-24 09:34:36+00:00,1.0
2021-04-18 15:34:24+00:00,2.0
2021-04-12 18:55:35+00:00,1.0
2021-04-29 16:43:01+00:00,0.0
2021-04-28 02:05:43+00:00,0.0
2021-04-25 11:19:55+00:00,1.0
2021-04-18 16:09:40+00:00,1.0
2021-05-02 23:25:48+00:00,1.0
2021-04-07 04:00:29+00:00,1.0
2021-05-02 04:30:46+00:00,0.0
2021-04-20 14:01:35+00:00,1.0
2021-04-28 11:13:12+00:00,1.0
2021-04-21 23:19:33+00:00,0.0
2021-04-30 13:17:43+00:00,0.0
2021-05-03 10:18:03+00:00,1.0
2021-04-09 04:53:53+00:00,2.0
2021-04-21 06:12:28+00:00,0.0
2021-04-26 12:01:14+00:00,0.0
2021-04-29 04:51:55+00:00,0.0
2021-04-23 15:43:39+00:00,1.0
2021-04-26 09:56:34+00:00,0.0
2021-04-10 17:08:21+00:00,129.0
2021-04-24 23:26:40+00:00,1.0
2021-04-13 18:54:24+00:00,1.0
2021-04-09 21:35:40+00:00,1.0
2021-04-11 15:51:33+00:00,1.0
2021-04-14 03:43:58+00:00,1.0
2021-04-15 10:14:04+00:00,1.0
2021-04-21 03:10:54+00:00,0.0
2021-04-09 10:47:11+00:00,2.0
2021-04-12 17:26:55+00:00,1.0
2021-04-22 21:17:03+00:00,0.0
2021-04-30 06:28:24+00:00,0.0
2021-04-08 00:19:04+00:00,1.0
2021-05-01 19:59:41+00:00,0.0
2021-04-20 20:10:31+00:00,1.0
2021-04-22 14:10:57+00:00,0.0
2021-04-09 13:06:33+00:00,2.0
2021-04-28 08:08:39+00:00,0.0
2021-04-16 03:31:50+00:00,2.0
2021-05-03 07:26:45+00:00,1.0
2021-04-16 05:02:29+00:00,2.0
2021-05-02 01:05:27+00:00,0.0
2021-04-18 11:50:04+00:00,1.0
2021-04-27 14:33:20+00:00,0.0
2021-04-21 01:01:57+00:00,0.0
2021-04-05 01:14:36+00:00,1.0
2021-05-01 07:45:00+00:00,0.0
2021-05-03 21:26:15+00:00,1.0
2021-04-05 00:19:38+00:00,1.0
2021-05-02 14:02:46+00:00,16.0
2021-04-22 11:54:04+00:00,0.0
2021-04-17 12:47:01+00:00,0.0
2021-04-18 01:29:45+00:00,1.0
2021-04-19 07:42:00+00:00,1.0
2021-04-14 09:49:18+00:00,1.0
2021-04-11 00:59:11+00:00,1.0
2021-04-28 02:45:38+00:00,0.0
2021-04-09 14:32:51+00:00,2.0
2021-04-28 10:25:12+00:00,1.0
2021-04-15 05:06:13+00:00,2.0
2021-04-19 23:51:24+00:00,1.0
2021-04-30 18:56:49+00:00,0.0
2021-04-11 15:45:47+00:00,1.0
2021-04-28 02:24:17+00:00,0.0
2021-04-05 16:38:44+00:00,1.0
2021-05-01 21:47:17+00:00,0.0
2021-04-27 13:56:30+00:00,0.0
2021-04-26 01:41:58+00:00,0.0
2021-04-09 19:07:31+00:00,1.0
2021-04-24 20:47:01+00:00,1.0
2021-04-05 22:36:09+00:00,1.0
2021-04-11 02:04:57+00:00,1.0
2021-04-07 16:21:48+00:00,1.0
2021-04-14 06:24:36+00:00,1.0
2021-05-03 18:16:25+00:00,1.0
2021-04-27 07:10:04+00:00,0.0
2021-04-14 14:47:39+00:00,1.0
2021-04-14 10:07:16+00:00,1.0
2021-04-07 13:15:09+00:00,1.0
2021-04-14 15:28:55+00:00,2.0
2021-04-11 14:03:45+00:00,2.0
2021-04-14 10:32:41+00:00,1.0
2021-04-10 01:21:11+00:00,1.95
2021-04-09 10:32:36+00:00,1.0
2021-04-22 10:09:55+00:00,0.0
2021-04-27 12:17:46+00:00,0.0
2021-04-23 19:06:52+00:00,1.0
2021-04-10 11:16:40+00:00,1.95
2021-04-21 18:45:28+00:00,2.0
2021-04-06 01:32:54+00:00,1.0
2021-05-02 18:04:19+00:00,1.0
2021-04-29 10:29:00+00:00,0.0
2021-04-28 13:19:16+00:00,1.0
2021-04-27 20:21:28+00:00,0.0
2021-04-26 03:30:54+00:00,0.0
2021-04-24 02:57:23+00:00,1.0
2021-04-30 23:06:33+00:00,0.0
2021-04-15 13:43:06+00:00,1.0
2021-04-22 23:40:12+00:00,3.0
2021-04-26 07:36:06+00:00,0.0
2021-04-15 06:29:22+00:00,1.0
2021-04-20 11:06:43+00:00,1.0
2021-04-15 13:04:51+00:00,1.0
2021-04-13 12:17:30+00:00,1.0
2021-04-18 23:51:37+00:00,1.0
2021-05-02 09:46:57+00:00,0.0
2021-04-11 19:44:34+00:00,2.0
2021-04-27 23:42:29+00:00,0.0
2021-04-14 14:13:58+00:00,1.0
2021-04-10 05:48:13+00:00,1.95
2021-04-06 04:42:40+00:00,1.0
2021-04-23 12:53:32+00:00,439.0
2021-04-14 19:34:28+00:00,2.0
2021-04-24 00:57:58+00:00,1.0
2021-04-15 04:29:34+00:00,2.0
2021-04-23 17:37:36+00:00,1.0
2021-04-12 15:10:30+00:00,1.0
2021-04-22 08:11:57+00:00,0.0
2021-04-12 18:46:14+00:00,1.0
2021-04-27 06:14:04+00:00,0.0
2021-04-17 04:29:30+00:00,0.0
2021-04-19 07:51:25+00:00,1.0
2021-04-19 16:48:09+00:00,1.0
2021-04-28 04:34:53+00:00,0.0
2021-04-11 02:45:50+00:00,1.0
2021-04-13 23:04:08+00:00,2.0
2021-04-08 17:52:49+00:00,1.0
2021-04-17 15:14:35+00:00,0.0
2021-04-24 22:04:32+00:00,1.0
2021-05-02 23:38:59+00:00,1.0
2021-04-30 19:49:24+00:00,0.0
2021-05-01 12:26:43+00:00,0.0
2021-04-28 18:46:29+00:00,1.0
2021-04-25 20:31:50+00:00,0.0
2021-04-23 12:43:55+00:00,67.0
2021-04-08 17:39:08+00:00,1.0
2021-04-26 03:03:02+00:00,0.0
2021-04-27 08:04:12+00:00,0.0
2021-04-29 22:30:17+00:00,0.0
2021-04-27 22:02:52+00:00,0.0
2021-04-23 22:04:59+00:00,1.0
2021-04-30 16:19:50+00:00,0.0
2021-04-28 19:46:05+00:00,1.0
2021-04-25 22:07:10+00:00,0.0
2021-05-03 10:25:36+00:00,1.0
2021-04-24 00:55:04+00:00,1.0
2021-04-06 19:14:10+00:00,1.0
2021-05-03 14:31:49+00:00,1.0
2021-04-29 00:59:30+00:00,0.0
2021-04-18 02:45:47+00:00,1.0
2021-04-12 12:19:07+00:00,1.0
2021-04-07 22:57:19+00:00,1.0
2021-04-18 02:55:07+00:00,1.0
2021-04-25 04:42:08+00:00,1.0
2021-04-26 22:58:59+00:00,0.0
2021-04-30 15:18:44+00:00,0.0
2021-04-25 09:34:43+00:00,91.0
2021-04-11 09:48:17+00:00,1.0
2021-04-22 04:57:57+00:00,0.0
2021-04-29 22:40:59+00:00,0.0
2021-04-12 06:01:17+00:00,1.0
2021-04-30 06:57:14+00:00,0.0
2021-04-20 00:35:39+00:00,1.0
2021-04-11 19:31:14+00:00,1.0
2021-04-09 09:41:08+00:00,1.0
2021-04-15 19:03:40+00:00,1.0
2021-04-26 18:09:52+00:00,0.0
2021-05-01 19:31:55+00:00,0.0
2021-04-17 10:35:30+00:00,0.0
2021-04-16 22:55:15+00:00,0.0
2021-04-07 16:08:59+00:00,1.0
2021-04-17 02:34:17+00:00,0.0
2021-04-14 04:38:50+00:00,1.0
2021-04-26 00:38:19+00:00,0.0
2021-04-12 15:18:17+00:00,2.0
2021-04-19 17:07:24+00:00,2.0
2021-04-08 17:07:03+00:00,1.0
2021-04-17 11:15:18+00:00,0.0
2021-04-19 14:13:41+00:00,2.0
2021-04-21 14:47:21+00:00,0.0
2021-04-29 06:22:44+00:00,0.0
2021-04-26 23:46:48+00:00,0.0
2021-04-24 22:37:21+00:00,1.0
2021-04-06 12:40:39+00:00,1.0
2021-04-12 12:34:17+00:00,1.0
2021-04-26 11:01:07+00:00,0.0
2021-04-24 05:18:08+00:00,1.0
2021-04-07 16:08:09+00:00,1.0
2021-04-20 13:11:37+00:00,2.0
2021-04-10 23:19:24+00:00,1.0
2021-04-23 03:51:48+00:00,3.0
2021-04-22 10:49:03+00:00,0.0
2021-04-11 03:58:02+00:00,1.0
2021-04-22 23:20:25+00:00,3.0
2021-04-09 03:02:57+00:00,1.0
2021-04-16 02:52:49+00:00,1.0
2021-04-20 11:24:07+00:00,1.0
2021-04-21 05:50:46+00:00,0.0
2021-04-12 03:07:13+00:00,1.0
2021-04-21 09:27:02+00:00,0.0
2021-04-12 20:40:53+00:00,1.0
2021-04-22 19:00:05+00:00,0.0
2021-05-03 21:27:23+00:00,1.0
2021-04-28 07:00:37+00:00,0.0
2021-04-08 22:23:40+00:00,2.0
2021-04-05 02:32:24+00:00,1.0
2021-04-09 00:48:25+00:00,1.0
2021-04-20 13:27:25+00:00,1.0
2021-04-18 21:32:17+00:00,1.0
2021-04-19 06:14:15+00:00,2.0
2021-04-13 04:37:49+00:00,1.0
2021-04-15 15:44:31+00:00,1.0
2021-04-18 18:16:46+00:00,1.0
2021-05-02 01:14:36+00:00,0.0
2021-04-12 04:58:17+00:00,1.0
2021-04-05 05:53:40+00:00,1.0
2021-04-09 19:20:16+00:00,1.0
2021-04-17 10:29:03+00:00,0.0
2021-04-09 12:27:52+00:00,2.0
2021-04-21 19:35:30+00:00,1.0
2021-04-27 02:55:14+00:00,0.0
2021-05-02 09:39:21+00:00,0.0
2021-04-19 14:36:42+00:00,1.0
2021-04-17 10:35:58+00:00,0.0
2021-04-12 07:47:44+00:00,1.0
2021-04-06 20:00:23+00:00,1.0
2021-04-18 13:52:10+00:00,1.0
2021-04-27 08:51:02+00:00,0.0
2021-04-09 02:26:14+00:00,2.0
2021-04-19 04:25:41+00:00,1.0
2021-04-06 16:59:45+00:00,1.0
2021-04-16 03:29:43+00:00,2.0
2021-04-11 19:13:03+00:00,1.0
2021-04-29 14:15:43+00:00,0.0
2021-04-14 14:40:57+00:00,1.0
2021-04-26 11:18:04+00:00,0.0
2021-05-01 19:36:52+00:00,0.0
2021-04-16 04:43:42+00:00,2.0
2021-05-02 19:50:33+00:00,1.0
2021-04-28 05:18:13+00:00,0.0
2021-04-05 02:41:31+00:00,1.0
2021-04-21 00:04:20+00:00,0.0
2021-04-09 15:58:01+00:00,1.0
2021-04-25 08:55:01+00:00,1.0
2021-04-11 14:46:42+00:00,1.0
2021-04-13 03:01:00+00:00,1.0
2021-04-05 14:46:44+00:00,1.0
2021-04-05 14:04:41+00:00,1.0
2021-05-02 15:12:49+00:00,1.0
2021-04-20 18:15:46+00:00,2.0
2021-04-28 05:38:06+00:00,0.0
2021-04-20 10:17:24+00:00,1.0
2021-04-17 19:34:07+00:00,1.0
2021-04-05 11:24:51+00:00,1.0
2021-04-29 18:40:51+00:00,0.0
2021-04-13 00:20:46+00:00,1.0
2021-04-30 05:33:53+00:00,0.0
2021-04-07 16:14:39+00:00,1.0
2021-04-15 20:33:35+00:00,1.0
2021-04-05 00:25:15+00:00,1.0
2021-04-25 11:53:06+00:00,1.0
2021-04-28 06:10:22+00:00,0.0
2021-04-21 01:40:24+00:00,0.0
2021-04-19 07:54:59+00:00,1.0
2021-04-08 17:27:56+00:00,1.0
2021-04-15 03:25:33+00:00,2.0
2021-04-09 19:14:15+00:00,1.0
2021-04-10 10:38:32+00:00,1.95
2021-04-16 02:57:29+00:00,2.0
2021-04-19 10:46:42+00:00,1.0
2021-05-01 06:05:03+00:00,0.0
2021-04-26 03:21:33+00:00,0.0
2021-04-25 10:17:47+00:00,1.0
2021-04-26 23:36:11+00:00,0.0
2021-04-13 21:31:06+00:00,2.0
2021-04-05 02:56:52+00:00,1.0
2021-04-26 11:23:19+00:00,0.0
2021-04-24 15:12:55+00:00,1.0
2021-04-25 15:33:41+00:00,1.0
2021-04-25 17:40:48+00:00,1.0
2021-04-24 00:19:13+00:00,1.0
2021-04-08 21:53:24+00:00,1.0
2021-04-18 01:21:51+00:00,2.0
2021-04-25 12:31:25+00:00,1.0
2021-04-25 01:06:07+00:00,1.0
2021-04-07 06:30:05+00:00,1.0
2021-04-28 01:34:58+00:00,0.0
2021-04-12 02:17:22+00:00,1.0
2021-04-16 22:45:55+00:00,0.0
2021-04-14 00:48:01+00:00,1.0
2021-04-26 11:03:21+00:00,0.0
2021-04-24 01:25:42+00:00,1.0
2021-04-13 05:55:11+00:00,1.0
2021-04-24 10:04:26+00:00,1.0
2021-04-30 02:41:04+00:00,0.0
2021-04-23 18:41:13+00:00,1.0
2021-04-11 08:55:58+00:00,1.0
2021-04-14 09:19:08+00:00,2.0
2021-04-10 20:46:30+00:00,1.0
2021-04-20 03:29:42+00:00,2.0
2021-04-08 16:49:31+00:00,1.0
2021-04-24 07:34:33+00:00,1.0
2021-04-09 00:24:40+00:00,2.0
2021-04-18 13:24:21+00:00,1.0
2021-05-02 08:11:58+00:00,0.0
2021-04-22 23:13:21+00:00,3.0
2021-04-05 23:29:45+00:00,1.0
2021-04-28 01:25:29+00:00,0.0
2021-04-28 14:07:09+00:00,1.0
2021-04-28 07:19:58+00:00,0.0
2021-04-07 23:49:16+00:00,1.0
2021-04-05 03:21:13+00:00,1.0
2021-04-30 18:04:36+00:00,0.0
2021-04-13 12:14:17+00:00,2.0
2021-04-19 03:44:16+00:00,2.0
2021-04-12 07:08:04+00:00,1.0
2021-04-07 11:29:56+00:00,2.0
2021-04-06 22:50:41+00:00,1.0
2021-04-12 08:30:50+00:00,1.0
2021-04-20 16:46:05+00:00,1.0
2021-04-29 23:50:05+00:00,0.0
2021-04-05 21:44:47+00:00,1.0
2021-04-06 20:13:32+00:00,1.0
2021-04-04 22:01:29+00:00,1.0
2021-04-21 18:02:12+00:00,2.0
2021-04-10 19:38:55+00:00,2.0
2021-04-09 01:28:47+00:00,2.0
2021-04-12 22:50:46+00:00,1.0
2021-04-13 06:43:38+00:00,1.0
2021-04-29 03:04:39+00:00,0.0
2021-04-28 15:46:11+00:00,1.0
2021-04-28 21:25:56+00:00,1.0
2021-04-20 05:14:49+00:00,2.0
2021-04-22 21:32:33+00:00,0.0
2021-04-23 19:20:08+00:00,1.0
2021-04-06 08:02:48+00:00,1.0
2021-04-23 10:38:58+00:00,2429.0
2021-04-24 10:07:43+00:00,1.0
2021-04-11 19:00:02+00:00,1.0
2021-04-23 07:08:46+00:00,3.0
2021-04-06 23:43:30+00:00,1.0
2021-05-03 19:26:07+00:00,1.0
2021-04-13 07:13:42+00:00,1.0
2021-04-04 22:46:58+00:00,1.0
2021-04-14 05:52:54+00:00,2.0
2021-04-06 03:25:00+00:00,1.0
2021-04-27 00:45:38+00:00,0.0
2021-04-10 00:22:52+00:00,1.95
2021-04-12 10:07:31+00:00,1.0
2021-04-22 17:46:30+00:00,0.0
2021-04-15 10:40:11+00:00,1.0
2021-05-01 09:23:12+00:00,0.0
2021-04-23 01:55:29+00:00,3.0
2021-04-08 12:06:41+00:00,1.0
2021-05-03 19:04:15+00:00,1.0
2021-04-22 14:55:04+00:00,0.0
2021-05-02 20:46:21+00:00,1.0
2021-04-30 09:32:28+00:00,0.0
2021-04-09 17:54:51+00:00,1.0
2021-04-17 02:40:44+00:00,0.0
2021-04-10 23:13:16+00:00,2.0
2021-04-27 19:02:21+00:00,0.0
2021-04-06 21:30:05+00:00,1.0
2021-04-19 15:44:35+00:00,2.0
2021-04-29 13:05:17+00:00,0.0
2021-04-10 14:54:34+00:00,1.0
2021-04-28 20:27:14+00:00,1.0
2021-04-12 12:41:07+00:00,2.0
2021-04-16 06:28:51+00:00,1.0
2021-05-02 13:47:05+00:00,81.0
2021-04-25 16:45:43+00:00,1.0
2021-04-06 21:52:05+00:00,1.0
2021-04-26 14:35:52+00:00,0.0
2021-04-21 00:39:47+00:00,0.0
2021-04-09 09:37:53+00:00,1.0
2021-04-30 11:40:28+00:00,0.0
2021-04-24 16:07:59+00:00,1.0
2021-04-25 09:24:08+00:00,105.0
2021-05-02 14:55:41+00:00,1.0
2021-04-27 15:11:38+00:00,0.0
2021-04-29 09:05:17+00:00,0.0
2021-04-25 09:05:00+00:00,32.0
2021-04-23 10:51:13+00:00,114.0
2021-04-21 11:58:05+00:00,0.0
2021-04-15 19:10:14+00:00,1.0
2021-05-03 11:40:23+00:00,1.0
2021-04-30 21:27:39+00:00,0.0
2021-04-24 03:02:19+00:00,1.0
2021-04-13 21:02:15+00:00,2.0
2021-04-13 18:29:08+00:00,2.0
2021-04-29 01:15:59+00:00,0.0
2021-04-09 02:42:31+00:00,1.0
2021-04-07 07:09:00+00:00,1.0
2021-04-30 01:04:23+00:00,0.0
2021-05-02 02:08:44+00:00,0.0
2021-04-16 17:34:49+00:00,0.0
2021-04-27 15:21:37+00:00,0.0
2021-04-14 14:42:47+00:00,1.0
2021-04-09 18:20:46+00:00,1.0
2021-04-29 00:01:46+00:00,0.0
2021-04-26 16:07:57+00:00,0.0
2021-04-13 08:13:16+00:00,1.0
2021-04-05 17:21:49+00:00,1.0
2021-04-16 21:38:27+00:00,0.0
2021-04-15 08:47:56+00:00,1.0
2021-04-15 14:55:26+00:00,1.0
2021-04-23 02:44:01+00:00,3.0
2021-04-25 08:35:02+00:00,1.0
2021-04-16 04:53:46+00:00,2.0
2021-04-12 16:58:01+00:00,1.0
2021-04-12 02:35:21+00:00,1.0
2021-04-27 18:29:40+00:00,0.0
2021-04-25 16:08:32+00:00,1.0
2021-04-23 16:13:51+00:00,1.0
2021-04-09 08:15:50+00:00,1.0
2021-05-03 04:41:28+00:00,1.0
2021-05-01 21:10:01+00:00,0.0
2021-04-25 08:43:50+00:00,1.0
2021-04-13 06:09:23+00:00,1.0
2021-04-21 02:05:42+00:00,0.0
2021-04-05 11:50:15+00:00,1.0
2021-04-13 18:58:18+00:00,1.0
2021-04-29 07:26:48+00:00,0.0
2021-04-29 20:13:14+00:00,0.0
2021-04-12 09:52:30+00:00,1.0
2021-05-03 17:32:56+00:00,1.0
2021-04-08 10:16:42+00:00,456.0
2021-05-03 13:24:06+00:00,1.0
2021-04-05 18:42:46+00:00,1.0
2021-04-21 18:48:58+00:00,1.0
2021-04-19 22:35:18+00:00,1.0
2021-04-21 04:50:38+00:00,0.0
2021-04-11 08:45:46+00:00,1.0
2021-04-07 05:40:20+00:00,1.0
2021-04-28 01:07:44+00:00,0.0
2021-04-18 15:16:48+00:00,1.0
2021-04-18 20:17:46+00:00,1.0
2021-04-12 19:57:12+00:00,1.0
2021-04-08 16:07:11+00:00,1.0
2021-04-21 15:39:47+00:00,37.0
2021-04-29 20:50:28+00:00,0.0
2021-04-15 08:09:54+00:00,1.0
2021-04-26 04:00:47+00:00,0.0
2021-05-03 06:04:23+00:00,1.0
2021-04-06 17:27:01+00:00,1.0
2021-04-25 08:21:16+00:00,1.0
2021-04-22 12:24:30+00:00,0.0
2021-04-22 18:48:30+00:00,0.0
2021-04-15 22:05:27+00:00,1.0
2021-04-09 15:55:26+00:00,1.0
2021-04-09 05:09:20+00:00,2.0
2021-04-26 01:33:47+00:00,0.0
2021-04-20 12:50:59+00:00,1.0
2021-04-05 04:34:12+00:00,1.0
2021-05-03 19:42:48+00:00,1.0
2021-04-23 00:32:58+00:00,3.0
2021-04-10 20:01:56+00:00,1.0
2021-04-12 00:16:23+00:00,1.0
2021-04-15 07:01:27+00:00,1.0
2021-04-19 18:38:25+00:00,1.0
2021-04-16 11:20:42+00:00,2.0
2021-05-01 16:23:02+00:00,0.0
2021-04-24 22:45:41+00:00,1.0
2021-04-11 18:51:59+00:00,1.0
2021-04-08 01:20:54+00:00,1.0
2021-05-01 03:47:52+00:00,0.0
2021-04-28 21:11:56+00:00,1.0
2021-04-07 19:14:51+00:00,1.0
2021-04-29 12:31:41+00:00,0.0
2021-04-26 12:58:01+00:00,0.0
2021-04-19 02:05:44+00:00,1.0
2021-04-06 14:50:31+00:00,1.0
2021-04-29 04:33:56+00:00,0.0
2021-04-21 17:44:29+00:00,1.0
2021-04-05 02:10:24+00:00,1.0
2021-04-07 14:51:06+00:00,1.0
2021-04-28 11:35:58+00:00,1.0
2021-04-26 08:45:52+00:00,0.0
2021-05-03 23:50:59+00:00,1.0
2021-04-09 02:18:55+00:00,1.0
2021-04-25 17:50:40+00:00,1.0
2021-04-12 16:16:58+00:00,1.0
2021-04-26 15:08:28+00:00,0.0
2021-04-20 15:00:43+00:00,1.0
2021-04-11 09:48:22+00:00,1.0
2021-04-10 23:37:26+00:00,1.0
2021-04-23 14:50:43+00:00,69.0
2021-04-24 04:35:24+00:00,1.0
2021-04-13 19:41:13+00:00,1.0
2021-04-28 01:55:12+00:00,0.0
2021-04-05 01:25:37+00:00,1.0
2021-04-30 20:18:56+00:00,0.0
2021-04-06 15:56:08+00:00,1.0
2021-04-22 05:43:26+00:00,0.0
2021-05-03 20:20:43+00:00,1.0
2021-04-11 19:31:09+00:00,1.0
2021-04-16 11:26:23+00:00,1.0
2021-04-22 19:43:07+00:00,0.0
2021-04-18 08:02:56+00:00,2.0
2021-05-01 09:46:17+00:00,0.0
2021-04-28 23:44:11+00:00,0.0
2021-04-25 11:09:27+00:00,1.0
2021-04-12 15:42:11+00:00,1.0
2021-04-24 03:23:27+00:00,1.0
2021-04-30 11:48:28+00:00,0.0
2021-04-26 00:18:54+00:00,0.0
2021-04-30 14:44:58+00:00,0.0
2021-04-17 12:54:11+00:00,0.0
2021-04-20 21:23:01+00:00,2.0
2021-04-22 09:32:29+00:00,0.0
2021-04-22 21:19:56+00:00,0.0
2021-04-27 10:59:19+00:00,0.0
2021-04-20 00:12:24+00:00,1.0
2021-04-07 01:36:43+00:00,1.0
2021-04-23 10:19:41+00:00,1.0
2021-04-07 19:17:47+00:00,1.0
2021-04-06 10:59:40+00:00,1.0
2021-04-07 00:37:32+00:00,1.0
2021-04-17 08:07:36+00:00,0.0
2021-04-15 04:32:10+00:00,2.0
2021-04-24 14:28:43+00:00,1.0
2021-04-29 13:10:23+00:00,0.0
2021-04-07 06:35:07+00:00,1.0
2021-05-01 23:35:26+00:00,0.0
2021-04-19 18:38:18+00:00,1.0
2021-04-11 10:50:48+00:00,1.0
2021-04-21 01:10:24+00:00,0.0
2021-04-28 01:50:40+00:00,0.0
2021-04-06 17:59:43+00:00,1.0
2021-05-03 05:37:30+00:00,1.0
2021-04-23 17:47:52+00:00,1.0
2021-05-02 10:17:52+00:00,0.0
2021-04-13 16:19:48+00:00,1.0
2021-04-07 18:58:14+00:00,1.0
2021-04-16 21:53:55+00:00,0.0
2021-04-18 10:54:06+00:00,1.0
2021-04-15 19:36:30+00:00,1.0
2021-04-25 21:54:00+00:00,0.0
2021-04-24 20:02:57+00:00,1.0
2021-04-08 19:08:41+00:00,2.0
2021-04-16 05:31:15+00:00,2.0
2021-04-22 10:06:39+00:00,0.0
2021-04-25 02:08:38+00:00,1.0
2021-04-23 12:16:10+00:00,94.0
2021-04-27 20:10:24+00:00,0.0
2021-04-22 09:31:09+00:00,0.0
2021-04-05 15:36:58+00:00,1.0
2021-04-23 09:57:58+00:00,248.0
2021-04-16 05:37:31+00:00,1.0
2021-04-15 14:16:03+00:00,1.0
2021-04-21 16:39:09+00:00,512.0
2021-04-08 10:10:11+00:00,156.0
2021-04-25 10:13:57+00:00,1.0
2021-04-09 01:38:22+00:00,1.0
2021-04-19 09:50:00+00:00,2.0
2021-04-11 09:14:19+00:00,1.0
2021-04-08 05:13:06+00:00,1.0
2021-04-30 04:25:37+00:00,0.0
2021-04-23 04:47:16+00:00,3.0
2021-04-18 23:14:46+00:00,1.0
2021-04-12 04:23:17+00:00,1.0
2021-05-03 11:05:02+00:00,1.0
2021-04-23 00:11:59+00:00,3.0
2021-05-02 11:22:19+00:00,0.0
2021-04-07 11:55:51+00:00,1.0
2021-04-11 15:39:32+00:00,1.0
2021-04-17 05:29:41+00:00,0.0
2021-04-13 18:22:45+00:00,1.0
2021-05-03 06:14:16+00:00,1.0
2021-04-22 18:29:40+00:00,0.0
2021-04-20 14:40:10+00:00,1.0
2021-04-15 04:01:16+00:00,2.0
2021-05-03 03:08:20+00:00,1.0
2021-04-25 04:10:47+00:00,1.0
2021-04-13 11:03:33+00:00,2.0
2021-04-26 02:01:14+00:00,0.0
2021-04-13 00:41:02+00:00,1.0
2021-04-27 08:05:58+00:00,0.0
2021-04-06 20:29:16+00:00,1.0
2021-04-26 06:42:25+00:00,0.0
2021-04-05 00:42:25+00:00,1.0
2021-05-01 22:44:01+00:00,0.0
2021-04-30 09:24:44+00:00,0.0
2021-04-13 10:17:51+00:00,1.0
2021-04-20 06:49:52+00:00,1.0
2021-04-18 20:08:24+00:00,1.0
2021-04-11 07:40:33+00:00,1.0
2021-04-22 20:25:48+00:00,0.0
2021-04-13 04:54:28+00:00,1.0
2021-04-17 16:45:10+00:00,0.0
2021-04-16 19:09:09+00:00,0.0
2021-04-10 18:27:17+00:00,1.0
2021-04-15 02:07:45+00:00,1.0
2021-04-05 16:06:57+00:00,1.0
2021-04-09 05:38:58+00:00,1.0
2021-04-09 15:06:14+00:00,1.0
2021-04-23 19:11:33+00:00,1.0
2021-04-20 00:02:25+00:00,2.0
2021-04-18 02:50:47+00:00,1.0
2021-04-17 06:01:37+00:00,0.0
2021-04-06 15:48:58+00:00,1.0
2021-04-14 15:26:28+00:00,1.0
2021-04-22 12:19:43+00:00,0.0
2021-04-16 03:17:40+00:00,2.0
2021-04-04 22:19:11+00:00,1.0
2021-05-02 04:20:49+00:00,0.0
2021-04-28 00:47:48+00:00,0.0
2021-04-17 02:40:36+00:00,0.0
2021-04-10 07:02:33+00:00,1.95
2021-04-12 10:02:04+00:00,1.0
2021-04-25 12:11:30+00:00,1.0
2021-04-20 01:06:35+00:00,2.0
2021-04-17 15:28:57+00:00,0.0
2021-04-22 01:41:30+00:00,0.0
2021-05-03 22:50:35+00:00,1.0
2021-04-04 22:14:31+00:00,1.0
2021-04-07 03:43:27+00:00,1.0
2021-04-18 20:08:34+00:00,1.0
2021-04-09 07:39:38+00:00,1.0
2021-04-21 10:30:37+00:00,0.0
2021-04-19 11:10:19+00:00,1.0
2021-04-25 06:20:07+00:00,1.0
2021-05-01 12:54:29+00:00,0.0
2021-04-30 23:42:58+00:00,0.0
2021-04-17 20:17:48+00:00,2.0
2021-04-08 07:48:23+00:00,1.0
2021-04-24 15:46:43+00:00,1.0
2021-04-15 22:18:16+00:00,2.0
2021-04-16 18:20:43+00:00,0.0
2021-04-08 01:53:54+00:00,1.0
2021-04-06 09:44:54+00:00,1.0
2021-04-15 00:20:52+00:00,1.0
2021-04-12 02:11:24+00:00,1.0
2021-04-27 14:41:04+00:00,0.0
2021-04-23 02:53:18+00:00,3.0
2021-04-09 18:47:53+00:00,1.0
2021-04-26 04:11:51+00:00,0.0
2021-04-19 22:18:27+00:00,1.0
2021-04-13 20:56:29+00:00,2.0
2021-04-29 21:50:57+00:00,0.0
2021-05-01 12:42:39+00:00,0.0
2021-04-09 05:58:04+00:00,1.0
2021-04-27 23:14:00+00:00,0.0
2021-04-12 14:39:33+00:00,1.0
2021-04-18 17:33:46+00:00,1.0
2021-04-10 20:29:17+00:00,1.0
2021-04-14 01:10:56+00:00,1.0
2021-04-27 18:31:17+00:00,0.0
2021-04-16 11:09:00+00:00,1.0
2021-04-24 15:11:05+00:00,1.0
2021-04-25 10:14:27+00:00,1.0
2021-04-26 16:22:10+00:00,0.0
2021-04-13 18:29:36+00:00,1.0
2021-04-28 07:35:28+00:00,0.0
2021-04-11 13:44:59+00:00,1.0
2021-04-09 10:17:15+00:00,2.0
2021-04-10 15:20:04+00:00,113.75
2021-04-18 14:59:42+00:00,1.0
2021-04-20 06:38:59+00:00,2.0
2021-04-27 01:05:52+00:00,0.0
2021-04-13 22:06:06+00:00,1.0
2021-04-13 09:31:39+00:00,2.0
2021-04-24 20:35:40+00:00,1.0
2021-05-01 15:44:16+00:00,0.0
2021-04-15 13:01:39+00:00,1.0
2021-04-11 05:23:21+00:00,1.0
2021-04-15 06:23:41+00:00,2.0
2021-04-19 07:27:56+00:00,2.0
2021-04-11 21:15:11+00:00,1.0
2021-05-03 12:40:40+00:00,1.0
2021-04-13 19:39:42+00:00,1.0
2021-04-05 09:10:37+00:00,1.0
2021-04-21 18:06:16+00:00,1.0
2021-04-11 16:41:56+00:00,2.0
2021-04-06 02:50:01+00:00,1.0
2021-05-02 17:53:03+00:00,1.0
2021-04-14 14:25:09+00:00,1.0
2021-04-27 18:40:19+00:00,0.0
2021-04-07 05:47:31+00:00,1.0
2021-04-25 00:44:44+00:00,1.0
2021-04-25 16:59:51+00:00,1.0
2021-04-09 04:16:18+00:00,2.0
2021-05-01 19:08:14+00:00,0.0
2021-05-01 08:19:57+00:00,0.0
2021-04-22 22:01:13+00:00,0.0
2021-04-14 15:27:31+00:00,2.0
2021-04-08 07:23:32+00:00,1.0
2021-04-05 03:09:49+00:00,1.0
2021-05-02 02:58:19+00:00,0.0
2021-04-07 21:20:51+00:00,1.0
2021-04-20 21:40:00+00:00,2.0
2021-05-03 06:07:07+00:00,1.0
2021-04-18 20:44:59+00:00,1.0
2021-04-28 00:34:04+00:00,0.0
2021-04-08 15:14:36+00:00,1.0
2021-04-12 11:01:17+00:00,1.0
2021-04-08 17:38:31+00:00,1.0
2021-04-17 04:19:22+00:00,0.0
2021-04-15 21:46:24+00:00,1.0
2021-04-05 22:00:01+00:00,1.0
2021-04-09 07:31:19+00:00,1.0
2021-04-22 18:08:18+00:00,0.0
2021-04-05 13:21:09+00:00,1.0
2021-04-09 19:53:37+00:00,1.0
2021-04-08 12:15:01+00:00,1.0
2021-04-06 00:19:26+00:00,1.0
2021-04-24 22:41:47+00:00,1.0
2021-04-10 08:17:53+00:00,1.95
2021-04-17 07:53:07+00:00,0.0
2021-04-20 23:49:00+00:00,0.0
2021-04-08 15:33:35+00:00,1.0
2021-04-08 13:27:59+00:00,1.0
2021-04-29 16:37:35+00:00,0.0
2021-04-07 07:54:11+00:00,1.0
2021-04-20 23:02:56+00:00,0.0
2021-04-27 23:55:00+00:00,0.0
2021-04-08 23:53:49+00:00,1.0
2021-04-26 07:43:51+00:00,0.0
2021-04-28 14:44:27+00:00,1.0
2021-04-28 13:16:26+00:00,1.0
2021-05-02 02:00:02+00:00,0.0
2021-04-05 18:06:10+00:00,1.0
2021-04-16 17:50:25+00:00,0.0
2021-04-22 20:24:59+00:00,0.0
2021-04-11 19:28:58+00:00,1.0
2021-04-25 09:46:54+00:00,340.0
2021-04-27 09:23:10+00:00,0.0
2021-04-21 14:48:50+00:00,0.0
2021-04-15 18:01:31+00:00,1.0
2021-04-29 08:34:41+00:00,0.0
2021-05-01 13:13:39+00:00,0.0
2021-05-03 07:55:59+00:00,1.0
2021-04-18 02:37:32+00:00,1.0
2021-04-05 19:08:48+00:00,1.0
2021-05-01 15:10:28+00:00,0.0
2021-04-06 04:00:06+00:00,1.0
2021-04-24 02:37:30+00:00,1.0
2021-04-29 17:07:46+00:00,0.0
2021-04-24 10:22:17+00:00,1.0
2021-04-18 22:23:30+00:00,2.0
2021-04-14 02:23:28+00:00,1.0
2021-04-09 12:19:47+00:00,1.0
2021-04-23 11:09:25+00:00,95.0
2021-04-09 22:37:46+00:00,1.95
2021-05-03 11:26:38+00:00,1.0
2021-05-02 10:02:01+00:00,0.0
2021-04-14 23:30:56+00:00,2.0
2021-04-16 04:58:40+00:00,2.0
2021-04-10 17:55:36+00:00,1.5
2021-04-28 12:31:40+00:00,1.0
2021-04-10 00:47:20+00:00,1.95
2021-05-01 13:52:10+00:00,0.0
2021-04-07 21:50:03+00:00,1.0
2021-04-30 23:25:15+00:00,0.0
2021-04-22 08:38:00+00:00,0.0
2021-04-19 19:07:26+00:00,1.0
2021-04-14 08:51:27+00:00,1.0
2021-04-05 08:49:35+00:00,1.0
2021-04-07 22:25:46+00:00,1.0
2021-05-03 11:50:49+00:00,1.0
2021-04-28 18:50:02+00:00,1.0
2021-05-02 08:28:48+00:00,0.0
2021-04-19 08:45:33+00:00,1.0
2021-04-18 21:27:04+00:00,2.0
2021-05-01 23:19:59+00:00,0.0
2021-04-30 04:15:00+00:00,0.0
2021-04-06 17:14:18+00:00,1.0
2021-05-03 14:03:35+00:00,1.0
2021-04-17 07:35:00+00:00,0.0
2021-04-12 10:20:21+00:00,1.0
2021-04-26 04:23:40+00:00,0.0
2021-04-09 03:50:53+00:00,2.0
2021-04-06 07:08:43+00:00,1.0
2021-04-29 01:03:18+00:00,0.0
2021-04-17 20:37:25+00:00,1.0
2021-04-07 14:53:53+00:00,1.0
2021-04-17 07:31:13+00:00,0.0
2021-04-29 17:18:46+00:00,0.0
2021-04-05 12:52:27+00:00,1.0
2021-04-09 12:47:08+00:00,2.0
2021-04-28 00:34:50+00:00,0.0
2021-04-25 12:23:17+00:00,1.0
2021-04-18 10:15:45+00:00,1.0
2021-04-29 04:34:16+00:00,0.0
2021-04-11 10:24:35+00:00,1.0
2021-04-24 17:26:59+00:00,1.0
2021-04-30 00:09:57+00:00,0.0
2021-05-03 07:54:55+00:00,1.0
2021-05-03 12:28:44+00:00,1.0
2021-04-15 10:45:47+00:00,2.0
2021-04-14 19:19:43+00:00,2.0
2021-04-21 08:40:23+00:00,0.0
2021-04-24 03:19:38+00:00,1.0
2021-04-12 21:39:41+00:00,1.0
2021-05-02 20:28:18+00:00,1.0
2021-04-22 15:44:26+00:00,0.0
2021-04-23 13:12:14+00:00,5.0
2021-04-06 14:21:39+00:00,1.0
2021-05-02 03:55:09+00:00,0.0
2021-04-29 21:42:43+00:00,0.0
2021-05-03 06:53:59+00:00,1.0
2021-04-28 05:15:08+00:00,0.0
2021-04-21 05:03:35+00:00,0.0
2021-04-05 03:50:53+00:00,1.0
2021-04-20 23:07:19+00:00,0.0
2021-04-11 22:47:10+00:00,1.0
2021-04-20 19:44:18+00:00,1.0
2021-04-09 17:51:51+00:00,1.0
2021-04-16 18:28:30+00:00,0.0
2021-04-20 07:30:55+00:00,2.0
2021-04-17 07:18:19+00:00,0.0
2021-04-16 03:35:35+00:00,2.0
2021-04-22 08:13:58+00:00,0.0
2021-04-06 00:50:07+00:00,1.0
2021-04-23 08:55:52+00:00,8.5
2021-05-02 09:19:57+00:00,0.0
2021-04-22 23:54:37+00:00,3.0
2021-04-16 19:11:40+00:00,0.0
2021-04-19 08:56:25+00:00,1.0
2021-04-14 19:08:08+00:00,2.0
2021-04-06 00:51:32+00:00,1.0
2021-04-15 23:34:10+00:00,2.0
2021-04-28 11:54:29+00:00,1.0
2021-04-23 12:03:26+00:00,81.0
2021-04-25 03:50:22+00:00,1.0
2021-04-21 04:56:57+00:00,0.0
2021-04-24 08:07:06+00:00,1.0
2021-04-06 05:16:38+00:00,1.0
2021-04-25 22:08:04+00:00,0.0
2021-04-23 04:54:39+00:00,3.0
2021-04-29 10:01:54+00:00,0.0
2021-04-27 19:24:15+00:00,0.0
2021-05-02 01:12:02+00:00,0.0
2021-04-09 18:39:11+00:00,2.0
2021-04-19 06:51:41+00:00,2.0
2021-04-19 20:00:09+00:00,1.0
2021-04-19 06:52:20+00:00,2.0
2021-04-05 22:38:29+00:00,1.0
2021-04-06 20:54:34+00:00,1.0
2021-04-08 13:08:23+00:00,1.0
2021-04-12 02:18:33+00:00,2.0
2021-04-16 16:48:11+00:00,2.0
2021-04-25 08:07:02+00:00,1.0
2021-04-18 23:36:42+00:00,1.0
2021-04-11 20:14:33+00:00,2.0
2021-04-05 07:17:39+00:00,1.0
2021-04-25 10:56:23+00:00,1.0
2021-04-06 01:10:15+00:00,1.0
2021-04-23 04:11:20+00:00,2.0
2021-04-25 18:53:13+00:00,0.0
2021-04-20 19:11:05+00:00,1.0
2021-04-15 18:32:48+00:00,2.0
2021-04-28 17:12:51+00:00,1.0
2021-04-14 05:52:52+00:00,2.0
2021-05-03 02:38:41+00:00,1.0
2021-04-18 19:16:48+00:00,1.0
2021-05-02 13:10:48+00:00,6.0
2021-05-02 02:41:11+00:00,0.0
2021-04-11 03:45:18+00:00,1.0
2021-04-26 08:51:42+00:00,0.0
2021-04-11 08:26:11+00:00,2.0
2021-04-28 20:31:49+00:00,1.0
2021-04-26 21:09:32+00:00,0.0
2021-05-01 14:54:34+00:00,0.0
2021-05-01 01:46:49+00:00,0.0
2021-04-18 09:40:55+00:00,2.0
2021-04-05 04:00:59+00:00,1.0
2021-04-15 16:18:24+00:00,1.0
2021-04-25 19:07:57+00:00,0.0
2021-04-13 08:42:24+00:00,1.0
2021-04-22 16:40:20+00:00,0.0
2021-04-10 04:20:01+00:00,1.95
2021-04-11 10:45:39+00:00,1.0
2021-04-16 00:39:20+00:00,1.0
2021-05-01 09:07:41+00:00,0.0
2021-04-27 08:27:24+00:00,0.0
2021-04-12 13:26:33+00:00,1.0
2021-04-20 04:58:16+00:00,2.0
2021-04-21 13:36:39+00:00,0.0
2021-04-23 17:33:00+00:00,1.0
2021-04-19 19:56:19+00:00,1.0
2021-04-22 03:24:44+00:00,0.0
2021-04-28 04:39:35+00:00,0.0
2021-04-11 05:53:45+00:00,1.0
2021-04-16 14:07:50+00:00,1.0
2021-04-21 06:07:46+00:00,0.0
2021-04-26 11:30:15+00:00,0.0
2021-04-20 06:45:30+00:00,1.0
2021-04-21 15:52:52+00:00,2485.0
2021-04-25 18:35:46+00:00,1.0
2021-04-29 08:25:03+00:00,0.0
2021-05-03 00:15:10+00:00,1.0
2021-04-20 15:24:30+00:00,1.0
2021-04-13 20:29:14+00:00,1.0
2021-04-08 03:10:39+00:00,1.0
2021-04-17 03:43:11+00:00,0.0
2021-04-05 11:37:18+00:00,1.0
2021-05-01 20:36:35+00:00,0.0
2021-04-18 01:08:46+00:00,1.0
2021-05-02 16:19:59+00:00,1.0
2021-05-01 21:11:02+00:00,0.0
2021-04-08 06:28:36+00:00,1.0
2021-05-01 18:11:40+00:00,0.0
2021-04-06 09:33:37+00:00,1.0
2021-04-06 21:55:46+00:00,1.0
2021-04-30 15:04:45+00:00,0.0
2021-04-05 19:22:36+00:00,1.0
2021-04-14 19:58:14+00:00,1.0
2021-05-03 07:44:01+00:00,1.0
2021-04-26 07:44:17+00:00,0.0
2021-04-08 10:33:25+00:00,1.0
2021-04-25 03:23:50+00:00,1.0
2021-04-17 13:02:18+00:00,0.0
2021-04-07 04:45:40+00:00,1.0
2021-04-08 02:26:27+00:00,1.0
2021-04-06 04:14:37+00:00,1.0
2021-05-03 20:49:17+00:00,1.0
2021-04-13 04:13:40+00:00,1.0
2021-04-23 15:46:19+00:00,1.0
2021-04-12 18:36:34+00:00,1.0
2021-04-08 10:00:04+00:00,49.0
2021-04-16 08:24:17+00:00,1.0
2021-04-30 05:40:23+00:00,0.0
2021-04-05 21:53:05+00:00,1.0
2021-04-10 10:49:48+00:00,1.95
2021-04-17 09:34:11+00:00,0.0
2021-04-25 01:21:18+00:00,1.0
2021-05-01 10:46:41+00:00,0.0
2021-04-29 05:44:21+00:00,0.0
2021-04-16 07:00:22+00:00,1.0
2021-04-28 22:38:58+00:00,0.0
2021-04-18 15:16:28+00:00,1.0
2021-04-11 13:47:46+00:00,1.0
2021-04-26 03:03:31+00:00,0.0
2021-04-11 21:00:10+00:00,1.0
2021-04-18 14:20:13+00:00,2.0
2021-04-13 15:36:11+00:00,1.0
2021-04-16 17:46:35+00:00,0.0
2021-04-14 10:13:10+00:00,1.0
2021-04-12 21:06:59+00:00,1.0
2021-04-19 03:21:40+00:00,1.0
2021-04-11 03:58:09+00:00,2.0
2021-04-22 14:30:53+00:00,0.0
2021-04-13 14:20:52+00:00,2.0
2021-04-29 08:08:24+00:00,0.0
2021-05-01 08:17:24+00:00,0.0
2021-04-20 03:35:56+00:00,2.0
2021-04-18 15:30:58+00:00,2.0
2021-05-03 10:28:01+00:00,1.0
2021-04-19 02:31:39+00:00,2.0
2021-04-08 02:14:26+00:00,1.0
2021-04-17 21:30:27+00:00,1.0
2021-04-27 02:05:10+00:00,0.0
2021-04-15 18:15:32+00:00,1.0
2021-04-08 19:27:58+00:00,1.0
2021-04-29 13:33:22+00:00,0.0
2021-04-11 19:16:12+00:00,1.0
2021-04-07 08:49:21+00:00,1.0
2021-04-05 11:27:38+00:00,1.0
2021-04-24 12:21:33+00:00,1.0
2021-04-12 18:23:27+00:00,1.0
2021-05-02 14:47:11+00:00,1.0
2021-04-10 15:56:56+00:00,5.0
2021-04-18 13:32:21+00:00,2.0
2021-04-13 01:04:14+00:00,1.0
2021-04-07 15:50:45+00:00,1.0
2021-04-10 00:05:19+00:00,1.95
2021-04-24 22:05:35+00:00,1.0
2021-04-28 00:16:40+00:00,0.0
2021-04-19 04:27:46+00:00,2.0
2021-04-22 17:59:28+00:00,0.0
2021-04-09 19:51:57+00:00,2.0
2021-04-25 04:41:49+00:00,1.0
2021-04-25 07:24:58+00:00,1.0
2021-04-14 03:04:04+00:00,2.0
2021-04-10 16:29:04+00:00,140.0
2021-04-16 12:54:54+00:00,1.0
2021-05-01 02:17:12+00:00,0.0
2021-04-19 06:12:06+00:00,1.0
2021-04-26 22:27:33+00:00,0.0
2021-04-25 01:20:40+00:00,1.0
2021-04-28 19:49:21+00:00,1.0
2021-04-09 13:17:06+00:00,2.0
2021-04-17 21:44:17+00:00,1.0
2021-05-02 22:59:15+00:00,1.0
2021-05-01 00:01:35+00:00,0.0
2021-04-30 08:57:57+00:00,0.0
2021-04-19 02:35:12+00:00,2.0
2021-04-21 05:13:41+00:00,0.0
2021-04-26 12:13:09+00:00,0.0
2021-04-23 06:20:07+00:00,3.0
2021-04-21 01:20:37+00:00,0.0
2021-04-08 20:50:25+00:00,1.0
2021-04-06 18:02:38+00:00,1.0
2021-05-03 12:29:35+00:00,1.0
2021-04-08 11:14:41+00:00,1.0
2021-04-10 00:58:36+00:00,1.95
2021-04-23 13:22:13+00:00,40.0
2021-04-08 08:25:37+00:00,1.0
2021-04-17 15:47:26+00:00,0.0
2021-04-07 11:40:38+00:00,1.0
2021-04-14 10:15:49+00:00,1.0
2021-04-18 08:28:58+00:00,1.0
2021-04-19 16:44:32+00:00,1.0
2021-04-18 22:37:31+00:00,2.0
2021-04-10 20:27:03+00:00,1.0
2021-04-11 09:30:42+00:00,1.0
2021-04-10 23:50:13+00:00,2.0
2021-04-20 03:21:53+00:00,2.0
2021-04-30 05:45:11+00:00,0.0
2021-04-17 05:46:08+00:00,0.0
2021-04-25 05:15:42+00:00,1.0
2021-04-25 10:18:45+00:00,1.0
2021-04-08 11:06:02+00:00,1.0
2021-04-05 00:28:04+00:00,1.0
2021-05-01 10:35:07+00:00,0.0
2021-05-02 06:18:03+00:00,0.0
2021-05-01 12:49:20+00:00,0.0
2021-04-15 06:20:00+00:00,2.0
2021-04-24 23:03:17+00:00,1.0
2021-04-07 19:57:52+00:00,1.0
2021-04-26 18:58:40+00:00,0.0
2021-04-22 11:44:18+00:00,0.0
2021-04-11 21:26:33+00:00,1.0
2021-04-25 13:38:08+00:00,1.0
2021-04-10 02:47:55+00:00,1.95
2021-04-11 17:05:14+00:00,1.0
2021-04-18 11:17:17+00:00,1.0
2021-04-27 22:13:40+00:00,0.0
2021-04-06 03:19:43+00:00,1.0
2021-04-22 20:43:35+00:00,0.0
2021-04-27 11:50:30+00:00,0.0
2021-04-13 23:35:15+00:00,1.0
2021-04-10 18:20:59+00:00,1.0
2021-04-10 08:23:20+00:00,1.95
2021-04-17 08:51:16+00:00,0.0
2021-04-17 20:04:01+00:00,1.0
2021-04-05 06:47:47+00:00,1.0
2021-04-29 01:10:24+00:00,0.0
2021-04-06 10:43:23+00:00,1.0
2021-04-30 14:40:08+00:00,0.0
2021-04-10 16:00:41+00:00,71.0
2021-04-12 14:24:49+00:00,1.0
2021-04-09 22:48:35+00:00,1.95
2021-04-22 16:08:01+00:00,0.0
2021-04-16 08:33:29+00:00,2.0
2021-04-18 14:43:31+00:00,1.0
2021-04-05 22:23:46+00:00,1.0
2021-04-28 20:33:18+00:00,1.0
2021-05-03 09:37:57+00:00,1.0
2021-04-16 16:04:50+00:00,2.0
2021-05-02 17:21:31+00:00,1.0
2021-04-09 07:59:56+00:00,1.0
2021-04-20 20:34:46+00:00,1.0
2021-04-06 15:54:36+00:00,1.0
2021-04-17 05:59:35+00:00,0.0
2021-04-11 03:10:30+00:00,2.0
2021-04-25 16:49:15+00:00,1.0
2021-04-29 14:12:37+00:00,0.0
2021-04-24 23:54:02+00:00,1.0
2021-04-10 13:05:31+00:00,1.95
2021-05-02 20:06:03+00:00,1.0
2021-04-05 06:07:21+00:00,1.0
2021-04-15 15:18:03+00:00,1.0
2021-04-26 08:28:07+00:00,0.0
2021-04-17 09:59:05+00:00,0.0
2021-05-03 02:03:36+00:00,1.0
2021-04-26 12:30:10+00:00,0.0
2021-04-26 11:14:34+00:00,0.0
2021-04-07 23:59:19+00:00,1.0
2021-04-20 17:49:47+00:00,1.0
2021-04-22 23:20:16+00:00,3.0
2021-04-26 14:52:27+00:00,0.0
2021-04-22 12:40:02+00:00,0.0
2021-04-29 22:54:42+00:00,0.0
2021-04-14 22:14:20+00:00,1.0
2021-04-20 08:37:04+00:00,1.0
2021-04-28 08:55:45+00:00,44.0
2021-04-23 21:33:35+00:00,1.0
2021-04-17 15:56:56+00:00,0.0
2021-04-15 03:05:11+00:00,1.0
2021-04-13 12:30:29+00:00,1.0
2021-04-21 05:46:25+00:00,0.0
2021-04-18 21:40:06+00:00,1.0
2021-04-16 21:23:49+00:00,0.0
2021-05-01 13:36:13+00:00,0.0
2021-04-21 05:40:26+00:00,0.0
2021-04-07 20:01:23+00:00,1.0
2021-04-11 05:27:34+00:00,2.0
2021-04-16 12:25:22+00:00,2.0
2021-05-01 17:22:56+00:00,0.0
2021-04-24 22:44:28+00:00,1.0
2021-04-22 03:06:59+00:00,0.0
2021-04-07 00:46:46+00:00,1.0
2021-04-13 02:13:21+00:00,1.0
2021-04-26 17:47:59+00:00,0.0
2021-04-05 15:08:53+00:00,1.0
2021-05-02 14:31:19+00:00,1.0
2021-04-29 08:41:32+00:00,0.0
2021-05-03 05:22:35+00:00,1.0
2021-04-11 09:39:48+00:00,1.0
2021-04-28 04:12:34+00:00,0.0
2021-04-07 23:34:33+00:00,1.0
2021-04-29 03:18:33+00:00,0.0
2021-04-18 20:26:42+00:00,2.0
2021-04-25 22:07:30+00:00,0.0
2021-04-15 15:28:55+00:00,1.0
2021-05-02 19:33:01+00:00,1.0
2021-04-28 12:25:25+00:00,1.0
2021-04-15 22:10:23+00:00,2.0
2021-04-06 20:37:57+00:00,1.0
2021-04-05 04:58:58+00:00,1.5
2021-04-10 23:03:29+00:00,2.0
2021-04-13 08:45:42+00:00,1.0
2021-04-13 00:06:59+00:00,1.0
2021-05-02 12:16:10+00:00,0.0
2021-04-17 07:51:28+00:00,0.0
2021-04-16 02:14:35+00:00,1.0
2021-04-14 03:06:02+00:00,2.0
2021-04-06 12:45:45+00:00,1.0
2021-05-01 14:47:43+00:00,0.0
2021-04-05 03:27:52+00:00,1.0
2021-04-12 08:39:35+00:00,1.0
2021-04-30 08:42:42+00:00,0.0
2021-04-09 16:09:29+00:00,2.0
2021-04-14 07:29:13+00:00,1.0
2021-04-16 19:00:19+00:00,0.0
2021-04-30 20:33:40+00:00,0.0
2021-04-12 21:26:15+00:00,1.0
2021-04-20 02:40:09+00:00,2.0
2021-04-22 10:17:59+00:00,0.0
2021-04-28 04:22:13+00:00,0.0
2021-04-18 11:25:47+00:00,2.0
2021-04-30 16:36:47+00:00,0.0
2021-04-09 14:06:26+00:00,1.0
2021-04-10 17:11:58+00:00,75.0
2021-04-05 18:27:33+00:00,1.0
2021-04-08 08:16:42+00:00,1.0
2021-04-29 14:01:20+00:00,0.0
2021-04-19 06:16:22+00:00,1.0
2021-04-27 22:13:25+00:00,0.0
2021-04-19 22:31:33+00:00,2.0
2021-04-14 20:33:20+00:00,2.0
2021-04-24 10:02:53+00:00,1.0
2021-04-14 00:41:00+00:00,1.0
2021-05-03 00:07:25+00:00,1.0
2021-04-22 18:40:36+00:00,0.0
2021-04-30 18:10:37+00:00,0.0
2021-04-22 14:47:40+00:00,0.0
2021-05-02 02:22:10+00:00,0.0
2021-05-01 16:22:48+00:00,0.0
2021-04-16 05:24:43+00:00,1.0
2021-04-30 14:12:49+00:00,0.0
2021-04-13 00:44:30+00:00,1.0
2021-04-15 22:12:38+00:00,2.0
2021-04-06 19:56:27+00:00,1.0
2021-05-01 06:18:16+00:00,0.0
2021-04-15 19:03:24+00:00,1.0
2021-04-25 06:43:22+00:00,1.0
2021-04-09 22:40:14+00:00,1.95
2021-04-28 06:37:02+00:00,0.0
2021-04-12 16:07:46+00:00,1.0
2021-04-17 03:10:25+00:00,0.0
2021-04-19 16:20:08+00:00,2.0
2021-04-09 13:51:42+00:00,1.0
2021-04-17 01:27:48+00:00,0.0
2021-04-09 21:50:06+00:00,1.95
2021-04-22 03:16:46+00:00,0.0
2021-04-27 02:03:13+00:00,0.0
2021-04-09 21:42:30+00:00,1.95
2021-04-17 05:28:58+00:00,0.0
2021-05-02 05:15:10+00:00,0.0
2021-04-27 15:15:29+00:00,0.0
2021-04-23 05:50:35+00:00,3.0
2021-04-08 22:06:37+00:00,2.0
2021-04-23 13:36:45+00:00,2507.0
2021-04-23 14:41:45+00:00,80.0
2021-04-26 23:17:40+00:00,0.0
2021-04-25 23:28:52+00:00,0.0
2021-04-24 03:24:01+00:00,1.0
2021-04-12 18:41:06+00:00,1.0
2021-04-07 20:25:38+00:00,1.0
2021-04-22 16:26:42+00:00,0.0
2021-04-17 23:53:45+00:00,2.0
2021-04-25 13:07:00+00:00,1.0
2021-04-08 21:09:58+00:00,2.0
2021-04-26 21:16:10+00:00,0.0
2021-05-02 04:12:59+00:00,0.0
2021-04-15 23:01:54+00:00,2.0
2021-04-10 20:17:41+00:00,1.0
2021-04-23 15:46:26+00:00,1.0
2021-04-20 13:18:53+00:00,1.0
2021-05-02 23:58:35+00:00,1.0
2021-04-06 05:24:24+00:00,1.0
2021-04-22 02:57:35+00:00,0.0
2021-05-01 11:03:33+00:00,0.0
2021-04-07 22:08:06+00:00,1.0
2021-04-12 06:27:59+00:00,2.0
2021-04-15 06:42:26+00:00,1.0
2021-04-12 17:27:43+00:00,1.0
2021-04-28 03:56:35+00:00,0.0
2021-04-10 06:24:57+00:00,1.95
2021-04-17 11:34:27+00:00,0.0
2021-04-26 00:12:50+00:00,0.0
2021-04-07 20:42:59+00:00,1.0
2021-04-28 04:24:19+00:00,0.0
2021-04-08 09:09:47+00:00,1.0
2021-04-26 22:46:33+00:00,0.0
2021-05-03 06:25:32+00:00,1.0
2021-04-29 01:24:37+00:00,0.0
2021-04-17 15:32:49+00:00,0.0
2021-04-25 20:19:12+00:00,0.0
2021-05-03 17:08:25+00:00,1.0
2021-04-28 22:57:24+00:00,0.0
2021-04-08 18:38:58+00:00,2.0
2021-04-22 13:15:51+00:00,0.0
2021-04-06 01:10:55+00:00,1.0
2021-04-14 23:51:36+00:00,1.0
2021-04-10 14:22:42+00:00,1.95
2021-04-08 18:21:38+00:00,1.0
2021-04-06 21:09:29+00:00,1.0
2021-04-27 22:02:37+00:00,0.0
2021-04-12 16:49:32+00:00,2.0
2021-04-27 21:45:46+00:00,0.0
2021-05-03 13:29:47+00:00,1.0
2021-04-20 05:53:17+00:00,1.0
2021-04-17 08:50:39+00:00,0.0
2021-05-01 13:55:10+00:00,0.0
2021-04-09 19:41:55+00:00,1.0
2021-04-09 20:31:50+00:00,1.0
2021-05-03 08:51:00+00:00,1.0
2021-04-09 01:56:06+00:00,1.0
2021-04-07 00:15:23+00:00,1.0
2021-05-02 22:36:28+00:00,1.0
2021-04-06 06:26:32+00:00,1.0
2021-04-19 06:14:27+00:00,1.0
2021-04-21 13:20:00+00:00,0.0
2021-04-30 06:05:30+00:00,0.0
2021-04-08 09:17:12+00:00,32.0
2021-04-16 08:59:03+00:00,1.0
2021-04-17 08:21:26+00:00,0.0
2021-04-15 12:15:32+00:00,1.0
2021-04-28 01:25:35+00:00,0.0
2021-04-28 05:16:43+00:00,0.0
2021-04-30 23:47:04+00:00,0.0
2021-04-14 02:32:39+00:00,1.0
2021-04-08 07:54:49+00:00,1.0
2021-04-26 05:28:14+00:00,0.0
2021-05-02 06:08:49+00:00,0.0
2021-05-01 10:27:00+00:00,0.0
2021-04-16 06:25:21+00:00,2.0
2021-05-01 16:06:17+00:00,0.0
2021-04-19 02:24:33+00:00,2.0
2021-04-26 14:12:20+00:00,0.0
2021-04-22 14:53:55+00:00,0.0
2021-04-12 05:02:26+00:00,1.0
2021-04-13 18:54:50+00:00,1.0
2021-04-14 18:13:57+00:00,1.0
2021-04-25 09:37:16+00:00,251.0
2021-04-18 23:31:51+00:00,1.0
2021-05-01 07:40:12+00:00,0.0
2021-04-05 04:08:53+00:00,1.0
2021-04-14 10:41:56+00:00,2.0
2021-04-10 18:07:59+00:00,1.0
2021-04-07 05:55:55+00:00,1.0
2021-04-06 21:40:54+00:00,1.0
2021-04-13 04:52:05+00:00,1.0
2021-04-21 07:51:09+00:00,0.0
2021-04-23 20:47:53+00:00,1.0
2021-04-22 13:44:53+00:00,0.0
2021-04-22 19:20:29+00:00,0.0
2021-04-18 05:25:03+00:00,2.0
2021-04-12 08:40:52+00:00,2.0
2021-04-19 06:47:08+00:00,1.0
2021-04-29 05:15:53+00:00,0.0
2021-04-20 14:21:29+00:00,1.0
2021-04-21 21:38:49+00:00,0.0
2021-05-01 02:43:12+00:00,0.0
2021-04-24 08:54:11+00:00,1.0
2021-04-09 03:23:00+00:00,1.0
2021-04-24 16:57:31+00:00,1.0
2021-04-29 04:32:43+00:00,0.0
2021-04-19 02:46:26+00:00,1.0
2021-04-27 22:38:30+00:00,0.0
2021-04-09 20:34:13+00:00,1.0
2021-04-18 04:54:42+00:00,2.0
2021-04-13 07:12:24+00:00,1.0
2021-04-14 15:59:10+00:00,1.0
2021-04-10 01:05:58+00:00,1.95
2021-04-30 12:49:07+00:00,0.0
2021-04-08 19:04:13+00:00,2.0
2021-04-16 03:27:48+00:00,1.0
2021-04-07 18:21:03+00:00,1.0
2021-04-13 22:05:55+00:00,1.0
2021-04-19 18:59:01+00:00,1.0
2021-04-30 15:03:42+00:00,0.0
2021-04-26 03:30:23+00:00,0.0
2021-04-11 07:31:23+00:00,1.0
2021-04-23 08:08:54+00:00,8.5
2021-05-03 18:54:36+00:00,1.0
2021-05-03 06:35:48+00:00,1.0
2021-04-11 14:25:43+00:00,1.0
2021-04-16 20:14:07+00:00,0.0
2021-04-22 17:35:41+00:00,0.0
2021-04-21 06:38:03+00:00,0.0
2021-04-26 10:35:31+00:00,0.0
2021-04-18 19:43:41+00:00,1.0
2021-05-02 22:42:50+00:00,1.0
2021-04-07 11:48:45+00:00,1.0
2021-04-27 04:37:16+00:00,0.0
2021-04-18 10:20:26+00:00,1.0
2021-04-10 23:48:15+00:00,1.0
2021-04-19 23:33:37+00:00,2.0
2021-04-05 12:02:29+00:00,1.0
2021-04-23 19:14:48+00:00,1.0
2021-04-22 11:58:39+00:00,0.0
2021-04-05 18:42:38+00:00,1.0
2021-04-18 07:16:22+00:00,1.0
2021-04-26 22:19:38+00:00,0.0
2021-04-30 08:19:59+00:00,0.0
2021-04-20 02:52:31+00:00,2.0
2021-04-19 00:19:06+00:00,1.0
2021-04-08 14:44:37+00:00,1.0
2021-04-16 21:22:20+00:00,0.0
2021-04-05 09:06:37+00:00,1.0
2021-04-28 16:13:58+00:00,1.0
2021-04-22 17:54:05+00:00,0.0
2021-05-03 16:19:02+00:00,1.0
2021-04-15 22:42:13+00:00,1.0
2021-05-03 21:46:54+00:00,1.0
2021-04-24 12:32:45+00:00,1.0
2021-04-17 18:03:11+00:00,1.0
2021-04-30 13:48:33+00:00,0.0
2021-04-29 00:36:53+00:00,0.0
2021-04-09 18:36:49+00:00,1.0
2021-04-14 00:30:58+00:00,2.0
2021-04-07 19:04:47+00:00,1.0
2021-04-23 12:22:16+00:00,89.0
2021-05-01 05:05:03+00:00,0.0
2021-04-27 16:06:37+00:00,0.0
2021-04-29 17:28:32+00:00,0.0
2021-04-20 08:58:21+00:00,1.0
2021-04-17 18:41:52+00:00,1.0
2021-04-30 01:30:51+00:00,0.0
2021-04-29 07:29:54+00:00,0.0
2021-04-30 16:48:23+00:00,0.0
2021-04-05 00:35:29+00:00,1.0
2021-04-17 19:56:58+00:00,1.0
2021-04-23 10:48:10+00:00,108.0
2021-05-03 13:32:15+00:00,1.0
2021-04-08 22:10:56+00:00,2.0
2021-04-13 18:11:20+00:00,1.0
2021-04-18 10:36:50+00:00,1.0
2021-04-30 23:44:53+00:00,0.0
2021-04-12 10:31:25+00:00,2.0
2021-04-17 05:36:18+00:00,0.0
2021-04-11 05:13:32+00:00,2.0
2021-04-27 04:29:28+00:00,0.0
2021-04-18 15:42:23+00:00,1.0
2021-04-23 10:37:43+00:00,2440.0
2021-04-15 16:31:44+00:00,2.0
2021-04-07 19:24:05+00:00,1.0
2021-04-25 13:22:10+00:00,1.0
2021-04-28 02:35:47+00:00,0.0
2021-04-20 07:12:19+00:00,2.0
2021-05-03 15:36:40+00:00,1.0
2021-04-24 17:41:41+00:00,1.0
2021-04-17 20:16:25+00:00,1.0
2021-04-30 22:28:30+00:00,0.0
2021-04-05 22:00:53+00:00,1.0
2021-04-30 19:07:49+00:00,0.0
2021-04-10 10:39:51+00:00,1.95
2021-04-10 12:39:16+00:00,1.95
2021-04-06 16:58:14+00:00,1.0
2021-04-17 10:32:45+00:00,0.0
2021-04-25 16:23:22+00:00,1.0
2021-04-25 14:14:01+00:00,1.0
2021-04-19 16:04:28+00:00,1.0
2021-04-09 11:54:18+00:00,2.0
2021-04-14 22:22:25+00:00,1.0
2021-04-21 15:59:23+00:00,116.0
2021-04-30 21:39:36+00:00,0.0
2021-04-27 20:56:22+00:00,0.0
2021-04-14 22:46:23+00:00,2.0
2021-04-07 15:34:23+00:00,1.0
2021-04-20 17:46:28+00:00,1.0
2021-04-23 06:59:29+00:00,3.0
2021-04-10 02:26:06+00:00,1.95
2021-04-06 09:29:03+00:00,1.0
2021-04-21 02:28:51+00:00,0.0
2021-05-02 23:50:50+00:00,1.0
2021-04-15 13:46:59+00:00,2.0
2021-04-27 18:03:27+00:00,0.0
2021-04-07 20:53:21+00:00,1.0
2021-05-01 11:52:09+00:00,0.0
2021-05-02 10:38:10+00:00,0.0
2021-04-28 01:22:47+00:00,0.0
2021-04-22 19:42:18+00:00,0.0
2021-04-17 13:57:11+00:00,0.0
2021-04-25 09:17:30+00:00,100.0
2021-04-13 14:07:10+00:00,1.0
2021-04-26 17:27:31+00:00,0.0
2021-04-09 02:05:51+00:00,1.0
2021-04-12 09:22:39+00:00,1.0
2021-04-25 03:51:39+00:00,1.0
2021-04-10 20:49:34+00:00,1.0
2021-04-30 19:11:25+00:00,0.0
2021-05-02 05:21:53+00:00,0.0
2021-04-16 21:23:42+00:00,0.0
2021-04-11 10:19:12+00:00,1.0
2021-04-14 16:22:24+00:00,1.0
2021-04-10 00:49:24+00:00,1.95
2021-04-30 01:49:53+00:00,0.0
2021-04-29 22:52:34+00:00,0.0
2021-04-23 20:24:33+00:00,1.0
2021-04-26 21:05:01+00:00,0.0
2021-04-25 18:14:01+00:00,1.0
2021-04-13 23:33:04+00:00,1.0
2021-04-27 14:25:26+00:00,0.0
2021-04-15 16:35:11+00:00,1.0
2021-04-12 10:04:06+00:00,1.0
2021-04-10 00:11:02+00:00,1.95
2021-04-06 15:42:20+00:00,1.0
2021-05-02 19:35:37+00:00,1.0
2021-04-21 04:27:33+00:00,0.0
2021-04-12 16:19:44+00:00,1.0
2021-05-02 09:30:12+00:00,0.0
2021-04-24 10:38:29+00:00,1.0
2021-04-26 19:25:21+00:00,0.0
2021-04-27 05:46:36+00:00,0.0
2021-04-14 20:52:01+00:00,1.0
2021-04-05 17:27:14+00:00,1.0
2021-04-22 10:43:15+00:00,0.0
2021-04-09 18:28:41+00:00,1.0
2021-04-30 21:30:31+00:00,0.0
2021-04-16 15:03:36+00:00,2.0
2021-04-27 11:45:08+00:00,0.0
2021-05-03 05:11:51+00:00,1.0
2021-04-30 20:18:35+00:00,0.0
2021-04-15 20:46:45+00:00,1.0
2021-05-03 10:37:44+00:00,1.0
2021-04-10 11:10:56+00:00,1.95
2021-04-08 02:25:05+00:00,1.0
2021-04-06 07:43:35+00:00,1.0
2021-04-22 18:39:22+00:00,0.0
2021-04-07 09:00:14+00:00,1.0
2021-04-30 10:00:57+00:00,0.0
2021-04-28 12:33:40+00:00,1.0
2021-04-05 12:43:12+00:00,1.0
2021-04-10 20:18:52+00:00,1.0
2021-04-06 20:14:38+00:00,1.0
2021-04-30 22:39:18+00:00,0.0
2021-05-01 13:31:09+00:00,0.0
2021-04-21 22:41:47+00:00,0.0
2021-04-06 20:35:56+00:00,1.0
2021-04-21 01:23:11+00:00,0.0
2021-04-21 07:41:02+00:00,0.0
2021-04-11 07:15:17+00:00,1.0
2021-05-02 19:39:10+00:00,1.0
2021-04-18 10:15:09+00:00,1.0
2021-04-27 20:38:20+00:00,0.0
2021-04-30 11:08:51+00:00,0.0
2021-04-05 00:19:05+00:00,1.0
2021-04-14 16:04:35+00:00,1.0
2021-04-30 08:37:39+00:00,0.0
2021-05-02 19:16:34+00:00,1.0
2021-04-24 23:04:51+00:00,1.0
2021-04-07 12:09:49+00:00,1.0
2021-04-06 21:20:50+00:00,1.0
2021-04-16 18:48:49+00:00,0.0
2021-04-24 22:44:33+00:00,1.0
2021-04-19 12:50:00+00:00,1.0
2021-04-13 05:33:20+00:00,1.0
2021-04-10 06:29:16+00:00,1.95
2021-04-26 14:36:45+00:00,0.0
2021-04-23 09:08:22+00:00,8.5
2021-04-10 07:12:36+00:00,1.95
2021-04-15 06:34:33+00:00,1.0
2021-04-10 18:46:51+00:00,1.0
2021-04-06 05:21:55+00:00,1.0
2021-04-14 17:03:40+00:00,1.0
2021-04-28 18:27:19+00:00,1.0
2021-04-10 01:27:23+00:00,1.95
2021-04-05 04:27:32+00:00,1.0
2021-04-09 17:01:09+00:00,2.0
2021-04-30 08:51:36+00:00,0.0
2021-04-19 15:47:02+00:00,2.0
2021-04-30 03:19:39+00:00,0.0
2021-04-28 02:04:22+00:00,0.0
2021-04-13 01:41:57+00:00,1.0
2021-04-28 06:19:14+00:00,0.0
2021-04-19 15:39:36+00:00,1.0
2021-04-08 15:43:33+00:00,1.0
2021-04-23 21:43:48+00:00,1.0
2021-04-22 18:31:13+00:00,0.0
2021-04-10 02:29:19+00:00,1.95
2021-04-14 17:35:49+00:00,1.0
2021-04-27 23:34:28+00:00,0.0
2021-05-03 21:46:20+00:00,1.0
2021-05-02 21:37:58+00:00,1.0
2021-04-21 00:28:46+00:00,0.0
2021-04-26 08:33:55+00:00,0.0
2021-04-12 17:42:26+00:00,1.0
2021-04-19 21:57:43+00:00,1.0
2021-04-12 19:02:31+00:00,1.0
2021-04-13 12:40:04+00:00,1.0
2021-04-05 19:04:06+00:00,1.0
2021-04-26 20:41:01+00:00,0.0
2021-04-08 12:51:26+00:00,1.0
2021-04-22 23:53:37+00:00,3.0
2021-04-30 09:45:47+00:00,0.0
2021-04-07 11:15:34+00:00,1.0
2021-04-08 03:49:05+00:00,1.0
2021-04-11 07:09:07+00:00,1.0
2021-04-27 03:13:18+00:00,0.0
2021-04-18 15:19:40+00:00,1.0
2021-05-01 08:05:54+00:00,0.0
2021-04-07 03:22:01+00:00,1.0
2021-04-18 12:56:38+00:00,2.0
2021-04-18 03:24:09+00:00,2.0
2021-04-29 07:46:05+00:00,0.0
2021-04-18 18:10:21+00:00,1.0
2021-04-26 07:05:02+00:00,0.0
2021-04-16 05:03:37+00:00,2.0
2021-04-17 10:39:17+00:00,0.0
2021-04-22 10:31:12+00:00,0.0
2021-04-14 20:01:54+00:00,1.0
2021-05-01 19:23:22+00:00,0.0
2021-04-29 07:43:48+00:00,0.0
2021-04-10 13:26:04+00:00,1.95
2021-04-05 05:01:57+00:00,1.0
2021-05-03 06:28:56+00:00,1.0
2021-04-25 12:09:35+00:00,1.0
2021-04-24 08:49:00+00:00,1.0
2021-04-28 18:41:34+00:00,1.0
2021-04-22 03:01:06+00:00,0.0
2021-04-21 00:39:43+00:00,0.0
2021-04-22 10:52:53+00:00,0.0
2021-04-29 03:38:03+00:00,0.0
2021-04-27 15:32:23+00:00,0.0
2021-04-23 07:43:22+00:00,3.0
2021-04-06 02:09:47+00:00,1.0
2021-05-01 01:44:48+00:00,0.0
2021-04-28 03:16:33+00:00,0.0
2021-04-25 20:37:30+00:00,0.0
2021-04-08 10:23:45+00:00,1.0
2021-04-28 07:01:11+00:00,0.0
2021-04-10 18:20:56+00:00,1.0
2021-04-28 00:42:31+00:00,0.0
2021-04-17 00:57:48+00:00,0.0
2021-04-20 13:24:40+00:00,2.0
2021-04-27 23:35:45+00:00,0.0
2021-04-07 13:55:13+00:00,1.0
2021-04-22 02:20:27+00:00,0.0
2021-05-03 17:14:37+00:00,1.0
2021-04-25 15:25:56+00:00,1.0
2021-04-26 11:17:29+00:00,0.0
2021-04-06 19:27:13+00:00,1.0
2021-04-29 13:05:29+00:00,0.0
2021-04-09 11:20:00+00:00,2.0
2021-04-24 05:27:23+00:00,1.0
2021-04-15 14:53:19+00:00,1.0
2021-04-15 10:51:47+00:00,1.0
2021-05-01 15:32:16+00:00,0.0
2021-04-25 21:57:35+00:00,0.0
2021-04-16 14:34:33+00:00,1.0
2021-04-30 02:12:46+00:00,0.0
2021-04-18 20:52:22+00:00,1.0
2021-05-02 03:41:10+00:00,0.0
2021-04-12 17:58:52+00:00,1.0
2021-04-07 11:36:13+00:00,1.0
2021-04-12 10:30:55+00:00,1.0
2021-04-22 20:10:26+00:00,0.0
2021-04-07 11:57:50+00:00,1.0
2021-04-15 22:52:36+00:00,1.0
2021-05-01 15:07:12+00:00,0.0
2021-04-06 20:02:04+00:00,1.0
2021-05-03 08:29:25+00:00,1.0
2021-04-22 13:19:09+00:00,0.0
2021-05-02 19:21:51+00:00,1.0
2021-04-08 22:23:36+00:00,2.0
2021-04-22 00:16:31+00:00,0.0
2021-04-21 00:51:10+00:00,0.0
2021-05-02 21:29:19+00:00,1.0
2021-04-26 04:27:08+00:00,0.0
2021-04-10 06:13:37+00:00,1.95
2021-04-29 21:42:12+00:00,0.0
2021-04-25 09:08:36+00:00,111.0
2021-04-20 23:55:51+00:00,0.0
2021-04-24 23:51:21+00:00,1.0
2021-04-23 11:03:36+00:00,92.0
2021-04-17 00:50:15+00:00,0.0
2021-05-02 06:41:52+00:00,0.0
2021-05-02 08:09:44+00:00,0.0
2021-04-15 06:41:09+00:00,1.0
2021-04-17 09:29:44+00:00,0.0
2021-04-18 15:45:55+00:00,1.0
2021-04-11 00:49:06+00:00,1.0
2021-04-08 07:10:49+00:00,1.0
2021-04-15 18:11:43+00:00,1.0
2021-04-22 01:40:17+00:00,0.0
2021-04-07 08:26:09+00:00,1.0
2021-04-25 11:29:01+00:00,1.0
2021-04-28 13:43:35+00:00,1.0
2021-04-16 10:53:53+00:00,1.0
2021-04-29 03:08:46+00:00,0.0
2021-04-26 00:16:19+00:00,0.0
2021-04-05 20:58:44+00:00,1.0
2021-04-11 01:11:12+00:00,1.0
2021-04-14 20:10:44+00:00,2.0
2021-04-12 18:17:39+00:00,1.0
2021-04-15 00:37:16+00:00,1.0
2021-04-09 02:49:49+00:00,2.0
2021-04-11 10:51:05+00:00,2.0
2021-04-14 20:03:42+00:00,1.0
2021-04-29 15:46:34+00:00,0.0
2021-04-23 13:04:01+00:00,5.0
2021-04-27 14:21:36+00:00,0.0
2021-04-24 00:26:31+00:00,1.0
2021-04-19 00:43:09+00:00,1.0
2021-04-13 09:35:45+00:00,1.0
2021-04-05 02:18:09+00:00,1.0
2021-04-20 19:07:51+00:00,1.0
2021-04-05 17:16:14+00:00,1.0
2021-04-12 17:25:40+00:00,1.0
2021-05-02 08:53:02+00:00,0.0
2021-04-15 04:21:03+00:00,1.0
2021-04-16 03:16:31+00:00,1.0
2021-04-20 22:51:51+00:00,0.0
2021-04-24 14:03:38+00:00,1.0
2021-04-05 04:41:06+00:00,1.0
2021-04-10 22:08:07+00:00,1.0
2021-04-29 16:06:00+00:00,0.0
2021-04-28 13:46:02+00:00,1.0
2021-04-17 16:47:00+00:00,0.0
2021-04-19 12:21:46+00:00,1.0
2021-05-02 04:12:08+00:00,0.0
2021-04-20 09:21:45+00:00,1.0
2021-04-08 23:08:40+00:00,2.0
2021-04-28 15:50:25+00:00,1.0
2021-04-19 16:32:06+00:00,1.0
2021-04-17 09:08:02+00:00,0.0
2021-04-27 08:51:07+00:00,0.0
2021-04-14 22:43:13+00:00,2.0
2021-04-30 16:29:39+00:00,0.0
2021-04-22 21:36:45+00:00,0.0
2021-04-24 12:18:12+00:00,1.0
2021-04-25 01:22:33+00:00,1.0
2021-04-30 13:25:35+00:00,0.0
2021-04-07 03:30:49+00:00,1.0
2021-04-27 09:40:46+00:00,0.0
2021-04-16 23:26:43+00:00,0.0
2021-05-01 07:10:56+00:00,0.0
2021-04-15 01:36:25+00:00,2.0
2021-04-09 13:37:46+00:00,1.0
2021-04-29 03:41:39+00:00,0.0
2021-04-08 14:03:16+00:00,1.0
2021-04-25 13:15:20+00:00,1.0
2021-04-27 13:48:44+00:00,0.0
2021-04-13 05:19:33+00:00,1.0
2021-04-06 08:34:19+00:00,1.0
2021-04-20 02:25:58+00:00,1.0
2021-04-28 16:36:16+00:00,1.0
2021-04-14 23:47:08+00:00,1.0
2021-04-14 01:18:58+00:00,2.0
2021-04-09 04:58:02+00:00,2.0
2021-04-11 04:22:29+00:00,2.0
2021-04-06 07:27:39+00:00,1.0
2021-04-22 22:43:05+00:00,3.0
2021-04-05 02:07:22+00:00,1.0
2021-04-07 14:54:43+00:00,1.0
2021-04-16 11:43:37+00:00,1.0
2021-04-25 02:55:13+00:00,1.0
2021-04-16 18:52:09+00:00,0.0
2021-04-16 16:56:52+00:00,2.0
2021-04-25 21:35:43+00:00,0.0
2021-04-05 23:57:45+00:00,1.0
2021-04-12 04:57:37+00:00,2.0
2021-05-02 05:55:13+00:00,0.0
2021-04-07 10:59:17+00:00,1.0
2021-04-29 23:17:21+00:00,0.0
2021-04-09 09:41:43+00:00,1.0
2021-04-12 11:32:30+00:00,1.0
2021-04-09 22:12:43+00:00,1.95
2021-04-21 22:12:27+00:00,0.0
2021-04-28 16:43:26+00:00,1.0
2021-04-05 22:53:04+00:00,1.0
2021-05-02 14:23:18+00:00,5.0
2021-04-23 00:04:32+00:00,3.0
2021-04-22 02:14:51+00:00,0.0
2021-04-06 08:29:04+00:00,1.0
2021-04-13 19:11:53+00:00,1.0
2021-04-24 03:48:19+00:00,1.0
2021-04-16 17:24:25+00:00,0.0
2021-04-11 09:04:33+00:00,1.0
2021-04-27 03:02:58+00:00,0.0
2021-04-08 10:32:59+00:00,1.0
2021-04-27 11:42:45+00:00,0.0
2021-04-27 17:30:21+00:00,0.0
2021-04-29 19:06:17+00:00,0.0
2021-04-05 08:52:13+00:00,1.0
2021-04-23 23:12:58+00:00,1.0
2021-04-14 11:23:58+00:00,2.0
2021-04-07 21:20:25+00:00,1.0
2021-04-19 09:48:21+00:00,1.0
2021-04-22 05:34:39+00:00,0.0
2021-04-07 14:23:53+00:00,1.0
2021-04-12 21:25:24+00:00,1.0
2021-04-05 07:46:25+00:00,1.0
2021-04-08 23:39:04+00:00,2.0
2021-05-03 15:15:09+00:00,1.0
2021-05-01 00:56:33+00:00,0.0
2021-04-12 18:45:53+00:00,1.0
2021-04-28 19:34:30+00:00,1.0
2021-04-20 23:05:55+00:00,0.0
2021-04-26 22:41:19+00:00,0.0
2021-04-27 02:06:36+00:00,0.0
2021-04-10 07:31:05+00:00,1.95
2021-04-25 15:50:07+00:00,1.0
2021-04-10 18:47:17+00:00,1.0
2021-04-18 22:13:53+00:00,1.0
2021-04-21 16:03:29+00:00,109.0
2021-04-09 13:32:11+00:00,1.0
2021-05-01 08:03:26+00:00,0.0
2021-04-20 04:01:18+00:00,2.0
2021-04-05 06:32:15+00:00,1.0
2021-04-21 11:56:04+00:00,0.0
2021-04-29 22:47:00+00:00,0.0
2021-04-14 10:47:11+00:00,1.0
2021-04-13 22:49:29+00:00,1.0
2021-04-10 02:02:13+00:00,1.95
2021-04-16 15:12:31+00:00,1.0
2021-04-23 05:32:40+00:00,2.0
2021-04-28 20:34:03+00:00,1.0
2021-04-29 06:42:31+00:00,0.0
2021-04-30 00:04:48+00:00,0.0
2021-04-11 09:50:42+00:00,2.0
2021-04-27 19:21:13+00:00,0.0
2021-04-24 21:21:28+00:00,1.0
2021-04-08 22:52:21+00:00,1.0
2021-04-10 19:20:14+00:00,1.0
2021-04-13 20:43:35+00:00,1.0
2021-04-06 05:19:46+00:00,1.0
2021-04-09 15:56:49+00:00,2.0
2021-04-18 14:44:38+00:00,2.0
2021-04-27 17:09:06+00:00,0.0
2021-04-09 07:26:09+00:00,1.0
2021-04-18 10:26:22+00:00,2.0
2021-04-05 08:35:10+00:00,1.0
2021-04-29 00:02:40+00:00,0.0
2021-04-22 22:33:19+00:00,3.0
2021-04-05 07:59:24+00:00,1.0
2021-05-03 20:19:37+00:00,1.0
2021-04-18 16:28:44+00:00,1.0
2021-04-06 01:44:50+00:00,1.0
2021-04-12 07:59:48+00:00,1.0
2021-04-06 12:13:38+00:00,1.0
2021-05-03 06:43:08+00:00,1.0
2021-04-15 02:15:42+00:00,1.0
2021-04-05 05:03:50+00:00,1.0
2021-04-05 14:12:33+00:00,1.0
2021-05-02 18:46:31+00:00,1.0
2021-04-19 03:12:44+00:00,1.0
2021-04-17 11:20:17+00:00,0.0
2021-04-18 23:46:37+00:00,2.0
2021-04-25 15:23:19+00:00,1.0
2021-05-01 08:20:55+00:00,0.0
2021-04-07 17:45:34+00:00,1.0
2021-04-06 10:59:25+00:00,1.0
2021-04-06 00:37:42+00:00,1.0
2021-04-06 05:43:23+00:00,1.0
2021-04-12 13:41:50+00:00,1.0
2021-04-12 04:21:48+00:00,2.0
2021-05-03 23:58:01+00:00,1.0
2021-04-10 14:27:39+00:00,1.95
2021-04-06 14:57:56+00:00,1.0
2021-04-05 16:54:43+00:00,1.0
2021-04-16 20:22:06+00:00,0.0
2021-04-07 15:48:57+00:00,1.0
2021-04-30 15:38:06+00:00,0.0
2021-04-20 23:07:25+00:00,0.0
2021-04-20 01:50:51+00:00,2.0
2021-04-07 13:49:17+00:00,1.0
2021-04-07 21:49:11+00:00,1.0
2021-04-11 23:02:56+00:00,1.0
2021-04-15 21:41:40+00:00,1.0
2021-04-09 07:49:23+00:00,1.0
2021-04-22 23:11:36+00:00,3.0
2021-04-21 12:32:05+00:00,0.0
2021-04-07 17:04:52+00:00,1.0
2021-04-22 18:05:27+00:00,0.0
2021-04-20 16:16:48+00:00,1.0
2021-04-29 05:49:11+00:00,0.0
2021-04-24 19:41:00+00:00,1.0
2021-04-14 12:01:08+00:00,1.0
2021-05-01 03:18:31+00:00,0.0
2021-04-19 22:06:12+00:00,2.0
2021-05-03 04:42:18+00:00,1.0
2021-04-07 00:48:41+00:00,1.0
2021-04-28 13:58:15+00:00,1.0
2021-04-20 05:22:58+00:00,2.0
2021-05-03 18:11:08+00:00,1.0
2021-04-22 14:43:59+00:00,0.0
2021-04-13 09:52:21+00:00,2.0
2021-04-11 11:12:09+00:00,2.0
2021-04-14 09:11:52+00:00,1.0
2021-04-11 16:08:54+00:00,1.0
2021-04-30 15:28:12+00:00,0.0
2021-04-20 18:29:51+00:00,1.0
2021-04-25 23:56:25+00:00,0.0
2021-04-25 01:23:10+00:00,1.0
2021-04-05 18:47:16+00:00,1.0
2021-04-24 05:26:03+00:00,1.0
2021-04-17 12:42:14+00:00,0.0
2021-04-11 13:15:55+00:00,1.0
2021-04-28 07:40:42+00:00,0.0
2021-04-26 15:35:31+00:00,0.0
2021-04-26 08:38:47+00:00,0.0
2021-04-19 10:03:36+00:00,1.0
2021-04-12 09:10:17+00:00,1.0
2021-04-17 22:55:05+00:00,2.0
2021-04-11 10:10:03+00:00,2.0
2021-04-12 04:38:47+00:00,1.0
2021-04-20 09:29:22+00:00,1.0
2021-04-16 15:23:43+00:00,1.0
2021-04-05 10:36:54+00:00,1.0
2021-04-13 06:46:17+00:00,1.0
2021-04-14 16:32:19+00:00,1.0
2021-04-24 02:36:45+00:00,1.0
2021-04-26 09:14:45+00:00,0.0
2021-04-28 05:59:27+00:00,0.0
2021-04-18 00:48:32+00:00,1.0
2021-04-28 08:28:34+00:00,2507.0
2021-04-21 23:03:32+00:00,0.0
2021-04-22 12:02:30+00:00,0.0
2021-04-14 05:15:06+00:00,2.0
2021-04-21 23:35:52+00:00,0.0
2021-04-26 02:36:21+00:00,0.0
2021-04-24 02:15:14+00:00,1.0
2021-04-07 01:52:20+00:00,1.0
2021-05-01 16:13:52+00:00,0.0
2021-04-25 04:30:56+00:00,1.0
2021-04-24 16:47:06+00:00,1.0
2021-04-10 22:51:23+00:00,1.0
2021-04-27 18:41:52+00:00,0.0
2021-04-06 15:08:11+00:00,1.0
2021-04-20 23:48:56+00:00,0.0
2021-04-28 06:42:28+00:00,0.0
2021-04-25 05:09:10+00:00,1.0
2021-05-01 00:09:11+00:00,0.0
2021-04-06 01:43:18+00:00,1.0
2021-04-07 10:26:04+00:00,1.0
2021-04-20 01:36:20+00:00,2.0
2021-04-26 08:50:40+00:00,0.0
2021-04-21 08:50:48+00:00,0.0
2021-04-17 02:48:46+00:00,0.0
2021-04-25 23:37:38+00:00,0.0
2021-04-25 20:41:31+00:00,0.0
2021-04-06 10:36:57+00:00,1.0
2021-05-01 08:06:50+00:00,0.0
2021-04-15 03:32:43+00:00,2.0
2021-04-26 10:33:20+00:00,0.0
2021-04-29 23:37:16+00:00,0.0
2021-04-18 07:55:24+00:00,2.0
2021-04-13 14:29:14+00:00,2.0
2021-04-14 03:12:13+00:00,2.0
2021-04-24 03:07:54+00:00,1.0
2021-04-27 08:22:37+00:00,0.0
2021-04-18 01:59:28+00:00,1.0
2021-04-27 11:04:53+00:00,0.0
2021-04-16 08:18:24+00:00,1.0
2021-05-01 11:51:43+00:00,0.0
2021-04-30 23:00:01+00:00,0.0
2021-04-23 22:56:29+00:00,1.0
2021-04-18 11:46:31+00:00,1.0
2021-04-06 12:04:33+00:00,1.0
2021-04-08 06:58:02+00:00,1.0
2021-05-03 10:45:21+00:00,1.0
2021-04-06 19:39:39+00:00,1.0
2021-04-16 12:17:42+00:00,1.0
2021-04-30 12:58:29+00:00,0.0
2021-04-09 11:12:11+00:00,2.0
2021-04-06 19:27:07+00:00,1.0
2021-04-27 19:23:33+00:00,0.0
2021-04-14 14:39:32+00:00,1.0
2021-04-12 04:37:23+00:00,1.0
2021-04-16 08:34:30+00:00,2.0
2021-04-07 07:55:38+00:00,1.0
2021-04-29 16:09:46+00:00,0.0
2021-04-06 04:00:18+00:00,1.0
2021-04-11 11:24:28+00:00,1.0
2021-04-07 11:03:56+00:00,1.0
2021-04-25 13:44:09+00:00,1.0
2021-04-11 09:39:14+00:00,1.0
2021-05-02 18:49:34+00:00,1.0
2021-04-15 22:49:32+00:00,2.0
2021-04-26 04:12:53+00:00,0.0
2021-04-08 10:37:19+00:00,1.0
2021-04-28 06:07:50+00:00,0.0
2021-04-23 21:20:03+00:00,1.0
2021-04-28 13:55:49+00:00,1.0
2021-04-05 22:25:39+00:00,1.0
2021-05-03 19:22:35+00:00,1.0
2021-04-14 15:42:17+00:00,1.0
2021-04-11 04:59:36+00:00,2.0
2021-04-13 11:24:59+00:00,1.0
2021-04-17 07:07:31+00:00,0.0
2021-04-08 00:07:34+00:00,1.0
2021-04-17 03:57:38+00:00,0.0
2021-04-10 02:55:01+00:00,1.95
2021-04-08 15:51:14+00:00,1.0
2021-05-03 08:55:43+00:00,1.0
2021-04-29 22:41:44+00:00,0.0
2021-04-14 14:01:41+00:00,2.0
2021-04-17 08:38:49+00:00,0.0
2021-04-08 22:46:38+00:00,2.0
2021-04-11 14:42:27+00:00,1.0
2021-04-20 13:31:55+00:00,1.0
2021-04-11 21:08:07+00:00,1.0
2021-04-19 06:59:18+00:00,1.0
2021-05-01 05:13:16+00:00,0.0
2021-04-12 14:56:35+00:00,1.0
2021-04-25 13:25:55+00:00,1.0
2021-04-19 00:03:57+00:00,1.0
2021-05-01 14:35:16+00:00,0.0
2021-04-08 06:37:04+00:00,1.0
2021-04-08 19:33:20+00:00,1.0
2021-05-02 05:38:23+00:00,0.0
2021-04-08 00:06:21+00:00,1.0
2021-04-11 13:43:31+00:00,1.0
2021-04-20 03:41:44+00:00,1.0
2021-04-30 09:42:05+00:00,0.0
2021-04-18 08:53:32+00:00,1.0
2021-04-18 00:31:35+00:00,1.0
2021-04-30 05:45:44+00:00,0.0
2021-04-21 13:02:14+00:00,0.0
2021-04-20 13:35:56+00:00,1.0
2021-05-03 02:36:37+00:00,1.0
2021-04-29 21:20:31+00:00,0.0
2021-04-21 10:25:05+00:00,0.0
2021-04-14 04:15:49+00:00,2.0
2021-04-08 11:28:09+00:00,1.0
2021-04-25 12:10:35+00:00,1.0
2021-04-29 12:59:34+00:00,0.0
2021-05-03 06:00:08+00:00,1.0
2021-04-07 01:27:55+00:00,1.0
2021-04-28 04:23:47+00:00,0.0
2021-04-06 19:15:03+00:00,1.0
2021-04-24 17:53:01+00:00,1.0
2021-04-08 08:56:54+00:00,1.0
2021-04-25 20:37:13+00:00,0.0
2021-04-13 15:47:39+00:00,2.0
2021-04-11 04:40:21+00:00,1.0
2021-04-14 22:08:26+00:00,1.0
2021-05-03 13:32:24+00:00,1.0
2021-04-05 03:45:45+00:00,1.0
2021-04-10 02:14:53+00:00,1.95
2021-04-29 10:04:18+00:00,0.0
2021-04-15 12:43:20+00:00,1.0
2021-04-20 03:16:21+00:00,1.0
2021-04-14 11:42:33+00:00,1.0
2021-04-24 17:22:40+00:00,1.0
2021-05-01 01:53:15+00:00,0.0
2021-04-22 10:36:58+00:00,0.0
2021-05-01 07:34:18+00:00,0.0
2021-04-08 18:35:21+00:00,1.0
2021-04-29 22:12:58+00:00,0.0
2021-04-26 22:25:22+00:00,0.0
2021-04-13 09:22:18+00:00,2.0
2021-04-08 01:33:28+00:00,1.0
2021-05-03 15:06:49+00:00,1.0
2021-04-13 21:29:13+00:00,2.0
2021-04-24 12:20:33+00:00,1.0
2021-05-01 06:24:56+00:00,0.0
2021-04-22 17:20:07+00:00,0.0
2021-04-22 05:57:19+00:00,0.0
2021-04-08 06:42:50+00:00,1.0
2021-05-03 17:25:45+00:00,1.0
2021-04-19 06:26:13+00:00,1.0
2021-04-18 06:34:14+00:00,2.0
2021-04-06 08:34:43+00:00,1.0
2021-04-28 19:57:31+00:00,1.0
2021-04-25 16:25:11+00:00,1.0
2021-04-23 04:03:40+00:00,3.0
2021-05-03 13:12:46+00:00,1.0
2021-05-02 16:47:59+00:00,1.0
2021-04-11 07:19:20+00:00,2.0
2021-04-23 18:40:23+00:00,1.0
2021-04-08 06:59:28+00:00,1.0
2021-04-12 15:14:51+00:00,1.0
2021-04-18 06:37:57+00:00,1.0
2021-04-26 12:34:37+00:00,0.0
2021-04-15 04:34:34+00:00,1.0
2021-04-23 00:42:29+00:00,2.0
2021-04-29 18:28:31+00:00,0.0
2021-04-21 04:19:04+00:00,0.0
2021-04-24 23:37:32+00:00,1.0
2021-04-12 03:37:54+00:00,2.0
2021-04-10 14:01:57+00:00,1.95
2021-04-13 07:18:30+00:00,2.0
2021-04-12 18:04:30+00:00,1.0
2021-04-19 12:50:47+00:00,1.3333333333333333
2021-05-03 14:57:38+00:00,1.0
2021-05-03 16:27:12+00:00,1.0
2021-04-16 17:04:10+00:00,1.0
2021-04-25 09:04:21+00:00,24.0
2021-04-20 11:53:39+00:00,2.0
2021-04-27 02:54:06+00:00,0.0
2021-04-15 12:47:13+00:00,1.0
2021-04-30 09:14:41+00:00,0.0
2021-04-09 20:11:44+00:00,1.0
2021-04-24 09:18:39+00:00,1.0
2021-04-27 08:19:22+00:00,0.0
2021-04-14 05:16:45+00:00,2.0
2021-04-17 19:16:23+00:00,1.0
2021-04-05 04:41:12+00:00,1.0
2021-04-30 17:23:52+00:00,0.0
2021-04-16 03:30:18+00:00,1.0
2021-04-23 12:38:14+00:00,108.0
2021-04-28 01:36:26+00:00,0.0
2021-04-15 08:31:11+00:00,1.0
2021-04-22 09:19:08+00:00,0.0
2021-04-24 21:18:56+00:00,1.0
2021-05-02 20:16:41+00:00,1.0
2021-04-13 18:34:08+00:00,1.0
2021-04-08 14:32:41+00:00,1.0
2021-04-14 21:59:26+00:00,1.0
2021-04-22 03:57:29+00:00,0.0
2021-04-23 13:40:48+00:00,2507.0
2021-04-28 20:08:36+00:00,1.0
2021-04-26 01:04:13+00:00,0.0
2021-05-01 11:25:56+00:00,0.0
2021-04-29 11:37:01+00:00,0.0
2021-04-10 10:39:34+00:00,1.95
2021-04-05 22:42:59+00:00,1.0
2021-04-06 15:51:11+00:00,1.0
2021-04-24 23:29:22+00:00,1.0
2021-04-08 00:57:22+00:00,1.0
2021-04-17 14:21:11+00:00,0.0
2021-04-20 20:05:20+00:00,1.0
2021-04-09 22:45:22+00:00,1.95
2021-04-21 08:41:11+00:00,0.0
2021-04-10 08:26:56+00:00,1.95
2021-04-13 02:39:15+00:00,1.0
2021-04-13 11:36:48+00:00,2.0
2021-04-22 06:27:52+00:00,0.0
2021-04-05 20:16:02+00:00,1.0
2021-04-19 16:57:16+00:00,1.0
2021-04-11 16:07:03+00:00,1.0
2021-04-29 15:32:00+00:00,0.0
2021-04-07 05:24:36+00:00,1.0
2021-04-23 03:00:42+00:00,3.0
2021-04-15 08:15:43+00:00,1.0
2021-04-13 04:32:35+00:00,1.0
2021-04-23 21:57:09+00:00,1.0
2021-04-07 13:30:34+00:00,1.0
2021-04-13 08:09:11+00:00,1.0
2021-04-28 10:32:29+00:00,1.0
2021-04-05 23:14:48+00:00,1.0
2021-05-03 03:10:51+00:00,1.0
2021-04-14 10:55:40+00:00,1.0
2021-04-20 05:05:40+00:00,1.0
2021-04-28 04:20:22+00:00,0.0
2021-04-22 16:30:58+00:00,0.0
2021-04-28 11:35:23+00:00,1.0
2021-04-29 18:47:41+00:00,0.0
2021-04-08 05:41:52+00:00,1.0
2021-04-18 02:05:36+00:00,2.0
2021-04-07 03:42:10+00:00,1.0
2021-04-10 12:36:31+00:00,1.95
2021-04-29 19:24:24+00:00,0.0
2021-04-06 16:48:51+00:00,1.0
2021-04-12 14:09:08+00:00,2.0
2021-04-06 10:51:12+00:00,1.0
2021-04-17 22:55:56+00:00,2.0
2021-04-07 14:48:38+00:00,1.0
2021-04-08 15:35:17+00:00,1.0
2021-04-25 01:31:15+00:00,1.0
2021-04-27 04:09:00+00:00,0.0
2021-04-23 21:07:37+00:00,1.0
2021-04-08 23:30:49+00:00,1.0
2021-04-22 05:26:02+00:00,0.0
2021-04-09 15:01:23+00:00,1.0
2021-04-25 19:00:58+00:00,0.0
2021-04-22 06:56:33+00:00,0.0
2021-04-14 20:51:22+00:00,2.0
2021-04-14 09:55:15+00:00,1.0
2021-04-20 20:25:13+00:00,1.0
2021-04-19 23:36:03+00:00,2.0
2021-04-19 21:56:26+00:00,1.0
2021-04-17 14:12:21+00:00,0.0
2021-04-17 02:21:43+00:00,0.0
2021-04-27 10:20:40+00:00,0.0
2021-04-12 07:26:45+00:00,2.0
2021-04-23 20:56:24+00:00,1.0
2021-04-14 14:42:35+00:00,1.0
2021-04-28 16:15:22+00:00,1.0
2021-05-02 17:43:25+00:00,1.0
2021-05-01 07:11:39+00:00,0.0
2021-04-05 03:48:53+00:00,1.0
2021-04-13 19:17:22+00:00,2.0
2021-04-28 10:18:33+00:00,1.0
2021-04-20 13:33:02+00:00,2.0
2021-04-15 12:39:23+00:00,1.0
2021-04-07 19:03:08+00:00,1.0
2021-04-23 05:28:33+00:00,3.0
2021-04-11 04:49:54+00:00,2.0
2021-04-06 11:44:41+00:00,1.0
2021-04-08 03:11:37+00:00,1.0
2021-04-25 19:39:11+00:00,0.0
2021-04-14 16:44:55+00:00,1.0
2021-04-18 14:56:13+00:00,1.0
2021-04-24 06:25:41+00:00,1.0
2021-04-08 15:58:45+00:00,1.0
2021-04-23 23:26:17+00:00,1.0
2021-04-11 04:32:33+00:00,2.0
2021-04-07 13:58:09+00:00,1.0
2021-04-17 17:42:33+00:00,1.0
2021-04-15 18:20:00+00:00,2.0
2021-04-15 05:20:33+00:00,2.0
2021-04-15 21:29:30+00:00,2.0
2021-04-26 21:03:05+00:00,0.0
2021-04-08 10:14:18+00:00,319.0
2021-04-18 21:06:41+00:00,2.0
2021-04-17 06:30:41+00:00,0.0
2021-04-15 16:55:12+00:00,2.0
2021-04-11 15:46:15+00:00,1.0
2021-04-19 09:14:39+00:00,1.0
2021-04-10 06:37:45+00:00,1.95
2021-04-08 13:28:40+00:00,1.0
2021-04-11 09:10:06+00:00,2.0
2021-04-24 00:37:43+00:00,1.0
2021-05-03 22:18:27+00:00,1.0
2021-04-29 19:22:12+00:00,0.0
2021-04-23 03:42:27+00:00,3.0
2021-04-12 01:10:06+00:00,2.0
2021-04-30 17:48:40+00:00,0.0
2021-04-15 18:35:05+00:00,1.0
2021-04-23 15:58:15+00:00,1.0
2021-04-09 11:10:59+00:00,1.0
2021-04-23 11:16:04+00:00,93.0
2021-04-28 17:43:41+00:00,1.0
2021-04-07 06:44:52+00:00,1.0
2021-04-25 04:52:52+00:00,1.0
2021-04-20 16:32:46+00:00,1.0
2021-04-15 02:15:56+00:00,2.0
2021-04-26 06:38:54+00:00,0.0
2021-04-07 03:10:22+00:00,1.0
2021-04-20 01:00:13+00:00,2.0
2021-04-25 23:16:04+00:00,0.0
2021-05-01 06:35:59+00:00,0.0
2021-04-21 07:24:45+00:00,0.0
2021-04-06 17:39:41+00:00,1.0
2021-04-13 07:31:21+00:00,2.0
2021-04-16 03:54:54+00:00,1.0
2021-04-06 10:09:33+00:00,1.0
2021-04-10 22:26:30+00:00,1.0
2021-04-14 21:12:13+00:00,2.0
2021-04-05 18:55:20+00:00,1.0
2021-04-16 02:43:43+00:00,1.0
2021-04-04 23:12:02+00:00,1.0
2021-04-06 12:35:11+00:00,1.0
2021-04-10 09:12:46+00:00,1.95
2021-04-16 05:54:59+00:00,1.0
2021-04-10 02:43:16+00:00,1.95
2021-04-13 20:40:07+00:00,1.0
2021-04-20 12:07:32+00:00,1.0
2021-04-28 18:12:12+00:00,1.0
2021-04-16 21:45:51+00:00,0.0
2021-05-01 06:12:01+00:00,0.0
2021-04-24 16:54:09+00:00,1.0
2021-05-01 01:52:27+00:00,0.0
2021-05-01 08:59:25+00:00,0.0
2021-04-21 18:16:44+00:00,1.0
2021-04-18 01:02:50+00:00,1.0
2021-04-09 10:11:17+00:00,1.0
2021-04-13 01:43:22+00:00,1.0
2021-04-27 21:52:21+00:00,0.0
2021-04-09 22:06:56+00:00,1.95
2021-04-26 22:38:40+00:00,0.0
2021-04-24 15:16:25+00:00,1.0
2021-04-26 20:15:39+00:00,0.0
2021-04-11 13:47:14+00:00,1.0
2021-04-24 21:04:36+00:00,1.0
2021-04-06 06:38:23+00:00,1.0
2021-05-01 14:20:05+00:00,0.0
2021-04-17 08:41:53+00:00,0.0
2021-04-09 05:24:27+00:00,1.0
2021-04-22 18:21:17+00:00,0.0
2021-04-25 21:33:47+00:00,0.0
2021-05-02 05:50:23+00:00,0.0
2021-04-07 09:25:37+00:00,1.0
2021-04-08 17:36:12+00:00,1.0
2021-04-06 07:17:19+00:00,1.0
2021-04-27 13:50:22+00:00,0.0
2021-04-27 10:48:01+00:00,0.0
2021-04-29 03:05:13+00:00,0.0
2021-04-24 09:01:25+00:00,1.0
2021-04-15 00:41:29+00:00,2.0
2021-04-19 02:32:03+00:00,2.0
2021-04-14 15:26:09+00:00,1.0
2021-04-19 22:53:04+00:00,2.0
2021-04-07 17:07:37+00:00,1.0
2021-04-07 16:24:54+00:00,1.0
2021-04-28 04:18:40+00:00,0.0
2021-04-10 18:08:48+00:00,1.0
2021-05-01 01:30:04+00:00,0.0
2021-04-11 08:55:20+00:00,1.5
2021-04-26 13:14:42+00:00,0.0
2021-04-14 19:28:54+00:00,1.0
2021-04-12 23:59:40+00:00,1.0
2021-04-21 10:17:54+00:00,0.0
2021-04-14 02:29:32+00:00,1.0
2021-04-29 05:42:28+00:00,0.0
2021-04-28 15:45:35+00:00,1.0
2021-04-17 11:51:33+00:00,0.0
2021-04-07 20:02:02+00:00,1.0
2021-04-18 23:10:30+00:00,1.0
2021-05-01 11:16:51+00:00,0.0
2021-04-16 05:32:38+00:00,1.0
2021-04-09 12:57:36+00:00,1.0
2021-04-17 04:09:20+00:00,0.0
2021-04-25 22:54:01+00:00,0.0
2021-04-09 10:51:38+00:00,1.0
2021-04-09 21:13:17+00:00,1.0
2021-04-15 12:13:53+00:00,2.0
2021-04-22 15:37:28+00:00,0.0
2021-04-14 20:46:44+00:00,2.0
2021-04-27 05:52:01+00:00,0.0
2021-04-23 06:08:50+00:00,3.0
2021-04-13 16:34:53+00:00,1.0
2021-05-03 06:19:17+00:00,1.0
2021-04-24 07:21:23+00:00,1.0
2021-04-26 11:38:58+00:00,0.0
2021-04-10 15:47:00+00:00,123.0
2021-04-30 05:39:27+00:00,0.0
2021-04-12 10:26:00+00:00,1.0
2021-04-11 02:56:20+00:00,1.0
2021-04-20 19:49:22+00:00,1.0
2021-04-29 12:16:18+00:00,0.0
2021-04-11 19:06:14+00:00,1.0
2021-04-20 14:35:45+00:00,2.0
2021-04-06 08:33:50+00:00,1.0
2021-04-23 02:01:58+00:00,3.0
2021-04-28 09:04:54+00:00,105.0
2021-04-30 03:05:31+00:00,0.0
2021-04-10 19:23:24+00:00,2.0
2021-04-25 19:15:58+00:00,0.0
2021-05-03 02:53:02+00:00,1.0
2021-04-28 23:22:29+00:00,0.0
2021-04-11 07:40:57+00:00,2.0
2021-04-23 18:08:09+00:00,1.0
2021-04-14 10:36:46+00:00,1.0
2021-04-19 18:31:15+00:00,1.0
2021-04-07 22:06:43+00:00,1.0
2021-04-08 00:00:25+00:00,1.0
2021-04-06 10:47:34+00:00,1.0
2021-04-09 01:55:18+00:00,2.0
2021-05-01 16:54:04+00:00,0.0
2021-04-27 15:31:56+00:00,0.0
2021-04-23 03:39:32+00:00,3.0
2021-04-08 05:18:44+00:00,1.5
2021-04-28 23:21:20+00:00,0.0
2021-05-02 03:34:40+00:00,0.0
2021-04-17 11:24:48+00:00,0.0
2021-05-02 08:01:51+00:00,0.0
2021-04-27 21:56:01+00:00,0.0
2021-04-06 18:47:33+00:00,1.0
2021-04-26 10:10:25+00:00,0.0
2021-04-05 21:38:35+00:00,1.0
2021-04-10 13:45:11+00:00,1.95
2021-04-18 15:56:45+00:00,1.0
2021-04-27 05:18:27+00:00,0.0
2021-04-22 17:24:22+00:00,0.0
2021-04-06 02:24:54+00:00,1.0
2021-04-13 21:45:28+00:00,2.0
2021-04-27 10:09:42+00:00,0.0
2021-04-30 16:05:55+00:00,0.0
2021-05-02 13:21:04+00:00,2485.0
2021-04-25 11:12:44+00:00,1.0
2021-04-26 02:10:53+00:00,0.0
2021-04-30 01:26:05+00:00,0.0
2021-04-11 10:48:55+00:00,1.0
2021-04-22 10:43:26+00:00,0.0
2021-05-03 02:14:37+00:00,1.0
2021-05-03 03:45:50+00:00,1.0
2021-04-28 20:35:51+00:00,1.0
2021-04-17 04:45:56+00:00,0.0
2021-04-17 19:01:12+00:00,1.0
2021-04-11 13:03:12+00:00,2.0
2021-04-30 22:20:53+00:00,0.0
2021-04-28 16:37:15+00:00,1.0
2021-05-01 22:54:54+00:00,0.0
2021-05-01 18:43:12+00:00,0.0
2021-04-25 14:19:40+00:00,1.0
2021-04-18 16:12:53+00:00,1.0
2021-04-18 09:16:45+00:00,1.0
2021-05-03 12:59:42+00:00,1.0
2021-05-01 15:03:05+00:00,0.0
2021-04-28 11:51:18+00:00,1.0
2021-04-08 21:31:11+00:00,1.0
2021-04-21 17:43:35+00:00,1.0
2021-04-07 05:36:37+00:00,1.0
2021-04-14 02:01:45+00:00,1.0
2021-05-02 12:00:18+00:00,0.0
2021-04-30 00:23:52+00:00,0.0
2021-04-21 20:17:47+00:00,1.0
2021-04-19 07:05:41+00:00,2.0
2021-04-26 18:41:47+00:00,0.0
2021-04-07 23:07:23+00:00,1.0
2021-05-01 13:16:14+00:00,0.0
2021-04-19 01:54:04+00:00,1.0
2021-04-09 13:46:00+00:00,2.0
2021-04-10 16:04:24+00:00,140.0
2021-04-26 10:51:40+00:00,0.0
2021-04-21 22:03:56+00:00,0.0
2021-04-13 20:27:07+00:00,1.0
2021-05-01 16:40:20+00:00,0.0
2021-04-10 23:35:43+00:00,2.0
2021-04-13 01:50:35+00:00,1.0
2021-04-22 21:26:47+00:00,0.0
2021-04-25 06:50:46+00:00,1.0
2021-04-25 22:20:53+00:00,0.0
2021-05-03 04:25:10+00:00,1.0
2021-04-23 04:03:07+00:00,2.0
2021-04-16 08:18:34+00:00,1.0
2021-04-22 04:00:26+00:00,0.0
2021-04-27 22:01:02+00:00,0.0
2021-04-08 17:39:15+00:00,1.0
2021-04-29 11:15:17+00:00,0.0
2021-04-13 04:27:10+00:00,1.0
2021-04-22 13:39:59+00:00,0.0
2021-04-26 14:24:57+00:00,0.0
2021-04-21 16:37:04+00:00,412.0
2021-04-15 15:44:01+00:00,1.0
2021-04-15 05:16:21+00:00,1.0
2021-04-10 09:18:17+00:00,1.95
2021-05-02 14:02:53+00:00,111.0
2021-04-26 17:09:02+00:00,0.0
2021-04-08 11:25:04+00:00,1.0
2021-04-24 18:27:34+00:00,1.0
2021-04-05 21:44:33+00:00,1.0
2021-04-25 20:30:28+00:00,0.0
2021-04-17 04:24:15+00:00,0.0
2021-04-16 21:30:54+00:00,0.0
2021-04-07 02:51:14+00:00,1.0
2021-04-16 05:36:26+00:00,2.0
2021-05-01 10:29:52+00:00,0.0
2021-04-08 05:12:02+00:00,1.0
2021-04-08 21:05:03+00:00,2.0
2021-04-09 07:23:07+00:00,2.0
2021-04-21 07:38:27+00:00,0.0
2021-04-28 00:07:54+00:00,0.0
2021-04-22 11:11:14+00:00,0.0
2021-04-28 17:29:38+00:00,1.0
2021-04-24 17:11:32+00:00,1.0
2021-04-22 04:14:14+00:00,0.0
2021-04-25 01:53:48+00:00,1.0
2021-04-07 07:54:21+00:00,1.0
2021-04-19 10:46:26+00:00,1.0
2021-04-19 21:03:59+00:00,1.0
2021-04-26 01:26:26+00:00,0.0
2021-05-03 16:45:35+00:00,1.0
2021-04-23 08:35:03+00:00,8.5
2021-04-24 04:21:51+00:00,1.0
2021-04-06 18:26:34+00:00,1.0
2021-04-17 16:17:44+00:00,0.0
2021-04-20 19:29:34+00:00,1.0
2021-05-03 21:27:07+00:00,1.0
2021-04-27 15:14:26+00:00,0.0
2021-04-10 06:07:21+00:00,1.95
2021-04-17 16:04:19+00:00,0.0
2021-04-16 17:22:17+00:00,0.0
2021-04-21 01:21:38+00:00,0.0
2021-04-13 13:48:01+00:00,2.0
2021-04-23 20:19:46+00:00,1.0
2021-04-12 11:06:37+00:00,1.0
2021-04-22 18:07:27+00:00,0.0
2021-04-28 10:04:17+00:00,1.0
2021-04-26 16:37:20+00:00,0.0
2021-04-21 04:58:04+00:00,0.0
2021-05-01 13:39:04+00:00,0.0
2021-04-23 14:03:36+00:00,160.0
2021-04-29 10:44:25+00:00,0.0
2021-04-25 16:08:12+00:00,1.0
2021-04-28 10:41:11+00:00,1.0
2021-04-10 22:50:09+00:00,1.0
2021-04-28 19:54:11+00:00,1.0
2021-04-22 17:10:17+00:00,0.0
2021-04-21 16:09:33+00:00,245.0
2021-04-05 03:28:39+00:00,1.0
2021-05-01 14:19:30+00:00,0.0
2021-04-16 20:22:11+00:00,0.0
2021-04-08 12:28:51+00:00,1.0
2021-04-29 17:49:29+00:00,0.0
2021-04-17 01:20:39+00:00,0.0
2021-04-26 08:30:16+00:00,0.0
2021-04-24 06:40:47+00:00,1.0
2021-04-13 22:16:42+00:00,1.0
2021-04-18 09:55:20+00:00,1.0
2021-04-28 03:33:29+00:00,0.0
2021-04-29 17:05:11+00:00,0.0
2021-04-30 03:37:20+00:00,0.0
2021-04-15 20:41:53+00:00,2.0
2021-04-10 12:30:05+00:00,1.95
2021-04-10 03:59:38+00:00,1.95
2021-04-29 12:12:15+00:00,0.0
2021-04-12 10:54:07+00:00,1.0
2021-04-11 12:37:57+00:00,1.0
2021-04-05 01:53:21+00:00,1.0
2021-05-01 01:42:59+00:00,0.0
2021-04-22 04:07:00+00:00,0.0
2021-04-23 17:01:47+00:00,1.0
2021-04-23 23:13:13+00:00,1.0
2021-04-25 05:30:19+00:00,1.0
2021-04-25 17:46:50+00:00,1.0
2021-04-15 22:25:15+00:00,1.0
2021-04-10 18:54:16+00:00,1.0
2021-04-21 15:49:37+00:00,2507.0
2021-04-23 00:01:25+00:00,3.0
2021-04-09 07:40:09+00:00,1.0
2021-05-03 06:44:19+00:00,1.0
2021-04-08 13:54:17+00:00,1.0
2021-04-07 16:05:39+00:00,1.0
2021-04-26 19:32:25+00:00,0.0
2021-05-03 19:22:51+00:00,1.0
2021-04-25 15:53:49+00:00,1.0
2021-04-27 14:27:38+00:00,0.0
2021-04-28 20:04:54+00:00,1.0
2021-04-13 12:28:00+00:00,1.0
2021-05-01 22:50:48+00:00,0.0
2021-04-07 00:51:50+00:00,1.0
2021-04-10 14:12:08+00:00,1.95
2021-04-26 23:31:53+00:00,0.0
2021-04-16 21:57:25+00:00,0.0
2021-04-10 13:47:32+00:00,1.95
2021-04-05 02:51:57+00:00,1.0
2021-04-28 08:51:33+00:00,39.0
2021-04-11 19:15:34+00:00,1.0
2021-05-01 22:55:13+00:00,0.0
2021-04-12 03:35:30+00:00,1.0
2021-04-08 06:21:23+00:00,1.0
2021-04-22 06:15:10+00:00,0.0
2021-04-19 14:01:40+00:00,1.0
2021-04-20 12:33:36+00:00,1.0
2021-04-25 05:28:06+00:00,1.0
2021-04-07 11:50:33+00:00,1.0
2021-04-28 07:13:33+00:00,0.0
2021-04-28 03:33:15+00:00,0.0
2021-05-03 12:01:23+00:00,1.0
2021-04-16 01:27:30+00:00,1.0
2021-04-17 07:49:25+00:00,0.0
2021-04-13 07:10:40+00:00,1.0
2021-04-07 22:34:13+00:00,1.0
2021-04-14 23:09:29+00:00,1.0
2021-05-01 08:44:34+00:00,0.0
2021-04-20 09:54:13+00:00,1.0
2021-04-08 11:13:56+00:00,1.0
2021-04-11 19:06:03+00:00,2.0
2021-04-12 12:20:20+00:00,1.0
2021-04-06 20:17:43+00:00,1.0
2021-04-20 13:39:52+00:00,1.0
2021-05-02 00:00:09+00:00,0.0
2021-05-03 23:40:35+00:00,1.0
2021-04-29 13:29:02+00:00,0.0
2021-04-10 17:04:13+00:00,10.0
2021-05-01 00:39:44+00:00,0.0
2021-04-22 13:41:03+00:00,0.0
2021-04-06 14:57:45+00:00,1.0
2021-04-10 20:45:17+00:00,1.0
2021-04-25 01:00:23+00:00,1.0
2021-04-06 00:10:25+00:00,1.0
2021-04-11 17:23:23+00:00,1.0
2021-05-02 10:15:12+00:00,0.0
2021-05-03 11:32:06+00:00,1.0
2021-04-15 08:27:32+00:00,2.0
2021-04-13 03:11:02+00:00,1.0
2021-04-07 14:26:24+00:00,1.0
2021-04-06 07:03:11+00:00,1.0
2021-04-24 20:20:23+00:00,1.0
2021-04-28 09:39:59+00:00,1.0
2021-04-12 03:00:51+00:00,2.0
2021-04-12 11:51:06+00:00,2.0
2021-04-10 10:36:46+00:00,1.95
2021-04-12 22:04:18+00:00,1.0
2021-04-14 01:11:27+00:00,2.0
2021-04-15 03:53:19+00:00,1.0
2021-04-24 08:12:57+00:00,1.0
2021-05-01 18:56:05+00:00,0.0
2021-04-08 02:01:07+00:00,1.0
2021-04-24 04:30:43+00:00,1.0
2021-04-21 11:05:55+00:00,0.0
2021-05-03 22:16:22+00:00,1.0
2021-04-27 08:16:02+00:00,0.0
2021-05-01 20:59:51+00:00,0.0
2021-04-17 17:35:43+00:00,0.0
2021-04-10 16:44:22+00:00,143.0
2021-04-20 19:52:06+00:00,1.0
2021-04-23 14:30:18+00:00,66.0
2021-04-09 04:28:54+00:00,2.0
2021-05-01 15:29:58+00:00,0.0
2021-04-24 04:44:23+00:00,1.0
2021-04-24 16:18:26+00:00,1.0
2021-04-10 08:47:18+00:00,1.95
2021-04-09 05:59:38+00:00,1.5
2021-04-13 22:39:24+00:00,1.0
2021-04-27 06:25:56+00:00,0.0
2021-04-21 16:30:22+00:00,29.0
2021-04-19 23:13:14+00:00,1.0
2021-04-12 02:20:37+00:00,1.0
2021-04-07 13:06:04+00:00,1.0
2021-04-28 02:49:10+00:00,0.0
2021-04-14 13:04:03+00:00,1.0
2021-05-02 08:22:56+00:00,0.0
2021-04-19 18:47:07+00:00,1.0
2021-04-30 15:03:07+00:00,0.0
2021-04-07 11:16:57+00:00,1.0
2021-04-19 01:46:57+00:00,1.0
2021-05-02 16:01:48+00:00,1.0
2021-04-29 17:11:00+00:00,0.0
2021-04-08 05:31:36+00:00,1.0
2021-04-15 20:23:55+00:00,1.0
2021-04-19 08:15:52+00:00,2.0
2021-04-09 06:47:30+00:00,2.0
2021-04-06 02:58:25+00:00,1.0
2021-04-14 07:16:40+00:00,1.0
2021-04-08 12:00:26+00:00,1.0
2021-04-05 03:41:35+00:00,1.0
2021-04-13 22:56:33+00:00,2.0
2021-04-13 10:36:04+00:00,2.0
2021-04-15 04:06:59+00:00,2.0
2021-04-11 10:07:31+00:00,1.0
2021-04-22 10:10:40+00:00,0.0
2021-04-10 13:50:35+00:00,1.95
2021-04-09 15:21:52+00:00,2.0
2021-04-06 21:08:00+00:00,1.0
2021-04-06 05:02:10+00:00,2.0
2021-04-11 00:23:51+00:00,1.0
2021-04-07 19:38:41+00:00,1.0
2021-04-12 00:32:52+00:00,1.0
2021-04-17 18:45:54+00:00,2.0
2021-04-07 19:44:32+00:00,1.0
2021-04-15 06:29:18+00:00,1.0
2021-04-11 13:18:49+00:00,1.0
2021-04-20 20:55:17+00:00,2.0
2021-04-05 06:45:43+00:00,1.0
2021-05-03 21:30:25+00:00,1.0
2021-04-05 06:30:09+00:00,1.0
2021-04-16 19:22:53+00:00,0.0
2021-04-19 19:09:15+00:00,1.0
2021-04-28 03:51:52+00:00,0.0
2021-04-24 06:32:27+00:00,1.0
2021-04-26 19:06:05+00:00,0.0
2021-04-30 18:05:30+00:00,0.0
2021-04-22 07:06:27+00:00,0.0
2021-04-29 14:48:57+00:00,0.0
2021-04-05 20:00:22+00:00,1.0
2021-04-29 19:48:11+00:00,0.0
2021-04-18 18:50:50+00:00,1.0
2021-04-08 06:05:16+00:00,1.0
2021-05-03 21:54:47+00:00,1.0
2021-05-01 12:44:50+00:00,0.0
2021-04-17 17:55:51+00:00,1.0
2021-04-30 17:29:41+00:00,0.0
2021-04-14 15:48:50+00:00,2.0
2021-04-18 14:54:54+00:00,1.0
2021-05-01 16:44:21+00:00,0.0
2021-04-11 00:11:10+00:00,1.0
2021-04-17 04:39:44+00:00,0.0
2021-04-17 21:18:00+00:00,1.0
2021-04-26 18:54:04+00:00,0.0
2021-04-11 00:14:43+00:00,1.0
2021-04-17 08:01:35+00:00,0.0
2021-04-17 05:43:35+00:00,0.0
2021-04-08 20:20:56+00:00,1.0
2021-04-29 06:47:20+00:00,0.0
2021-04-28 15:07:03+00:00,1.0
2021-05-03 15:26:52+00:00,1.0
2021-05-01 23:49:59+00:00,0.0
2021-04-20 13:06:12+00:00,1.0
2021-04-19 06:00:10+00:00,2.0
2021-04-13 18:44:17+00:00,2.0
2021-04-06 22:20:49+00:00,1.0
2021-04-21 09:24:24+00:00,0.0
2021-04-15 03:05:38+00:00,2.0
2021-04-17 17:00:43+00:00,0.0
2021-04-24 19:14:37+00:00,1.0
2021-04-29 20:24:55+00:00,0.0
2021-04-30 21:58:29+00:00,0.0
2021-04-13 03:31:39+00:00,1.0
2021-04-24 01:54:14+00:00,1.0
2021-04-26 17:23:34+00:00,0.0
2021-04-18 08:07:29+00:00,1.0
2021-04-17 17:06:48+00:00,0.0
2021-04-12 00:13:35+00:00,1.0
2021-04-24 19:10:37+00:00,1.0
2021-04-12 14:00:15+00:00,1.0
2021-04-11 02:49:49+00:00,2.0
2021-04-07 07:46:15+00:00,1.0
2021-04-09 10:39:04+00:00,1.0
2021-04-21 20:22:12+00:00,2.0
2021-04-12 13:10:22+00:00,2.0
2021-04-09 22:15:23+00:00,1.95
2021-04-19 02:32:01+00:00,2.0
2021-04-18 03:27:01+00:00,2.0
2021-05-01 13:57:54+00:00,0.0
2021-05-01 15:37:42+00:00,0.0
2021-04-26 23:59:12+00:00,0.0
2021-04-08 04:00:01+00:00,1.0
2021-04-15 04:54:47+00:00,2.0
2021-04-10 19:26:04+00:00,1.0
2021-04-12 23:57:49+00:00,1.0
2021-04-26 16:13:24+00:00,0.0
2021-04-09 20:41:12+00:00,1.0
2021-04-07 21:06:14+00:00,1.0
2021-04-14 20:06:06+00:00,1.0
2021-04-10 03:53:25+00:00,1.95
2021-05-02 14:19:43+00:00,28.0
2021-04-21 12:38:00+00:00,0.0
2021-04-29 04:46:04+00:00,0.0
2021-04-21 03:04:26+00:00,0.0
2021-04-09 01:55:26+00:00,2.0
2021-04-23 15:38:19+00:00,1.0
2021-04-08 11:28:47+00:00,1.0
2021-04-22 09:51:17+00:00,0.0
2021-04-05 03:25:40+00:00,1.0
2021-04-25 06:43:01+00:00,1.0
2021-04-25 20:26:27+00:00,0.0
2021-04-07 13:39:33+00:00,1.0
2021-04-27 17:05:47+00:00,0.0
2021-04-28 03:48:05+00:00,0.0
2021-04-26 05:09:23+00:00,0.0
2021-04-13 05:56:32+00:00,1.0
2021-04-22 04:38:22+00:00,0.0
2021-04-06 12:55:55+00:00,1.0
2021-04-12 23:42:50+00:00,1.0
2021-04-14 01:03:38+00:00,1.0
2021-04-06 11:33:54+00:00,1.0
2021-04-15 06:00:52+00:00,2.0
2021-04-14 04:53:39+00:00,1.0
2021-04-30 09:21:37+00:00,0.0
2021-04-13 02:46:15+00:00,1.0
2021-04-15 21:42:58+00:00,2.0
2021-04-10 19:29:32+00:00,1.0
2021-04-14 04:21:33+00:00,1.0
2021-04-28 08:34:16+00:00,2529.0
2021-04-12 12:27:15+00:00,1.0
2021-04-27 13:19:34+00:00,0.0
2021-04-29 22:02:11+00:00,0.0
2021-04-23 11:34:39+00:00,97.0
2021-04-19 12:16:32+00:00,1.0
2021-04-27 19:59:20+00:00,0.0
2021-04-22 15:03:59+00:00,0.0
2021-04-05 05:15:01+00:00,1.0
2021-04-27 06:05:57+00:00,0.0
2021-04-13 02:43:54+00:00,1.0
2021-04-30 13:46:44+00:00,0.0
2021-04-26 05:23:36+00:00,0.0
2021-05-01 18:34:56+00:00,0.0
2021-04-29 04:31:20+00:00,0.0
2021-04-25 00:01:25+00:00,1.0
2021-04-26 12:55:48+00:00,0.0
2021-04-05 01:51:32+00:00,1.0
2021-04-14 18:18:48+00:00,2.0
2021-04-07 14:08:33+00:00,1.0
2021-05-02 16:32:19+00:00,1.0
2021-04-29 00:47:35+00:00,0.0
2021-04-19 06:48:41+00:00,1.0
2021-04-10 11:28:24+00:00,1.95
2021-04-21 18:45:34+00:00,2.0
2021-04-12 15:50:51+00:00,1.0
2021-04-07 00:07:38+00:00,1.0
2021-04-15 04:49:25+00:00,2.0
2021-04-28 17:14:55+00:00,1.0
2021-04-21 19:59:59+00:00,1.0
2021-04-12 23:35:59+00:00,1.0
2021-04-15 04:57:38+00:00,2.0
2021-04-29 18:07:35+00:00,0.0
2021-04-17 09:47:30+00:00,0.0
2021-04-27 07:31:05+00:00,0.0
2021-04-26 14:34:58+00:00,0.0
2021-04-25 04:31:05+00:00,1.0
2021-04-23 01:03:14+00:00,2.0
2021-04-21 10:50:08+00:00,0.0
2021-04-11 17:25:41+00:00,1.0
2021-04-29 11:22:05+00:00,0.0
2021-04-27 03:21:43+00:00,0.0
2021-04-11 23:37:22+00:00,2.0
2021-04-18 12:17:22+00:00,1.0
2021-04-25 05:34:26+00:00,1.0
2021-05-01 14:37:26+00:00,0.0
2021-05-02 04:43:56+00:00,0.0
2021-04-05 04:37:43+00:00,1.0
2021-04-21 16:37:02+00:00,415.0
2021-04-21 16:40:43+00:00,55.0
2021-04-12 16:01:52+00:00,1.0
2021-04-30 16:40:20+00:00,0.0
2021-04-09 04:48:35+00:00,2.0
2021-04-17 18:34:23+00:00,1.0
2021-04-08 03:49:18+00:00,1.0
2021-04-12 18:40:23+00:00,1.0
2021-04-13 23:58:12+00:00,2.0
2021-04-27 11:01:18+00:00,0.0
2021-04-25 01:18:36+00:00,1.0
2021-04-30 22:26:22+00:00,0.0
2021-04-13 23:18:25+00:00,1.0
2021-04-19 18:49:11+00:00,1.0
2021-04-16 20:58:25+00:00,0.0
2021-04-20 09:58:07+00:00,1.0
2021-04-11 02:27:17+00:00,2.0
2021-04-08 06:51:18+00:00,1.0
2021-04-12 15:27:31+00:00,1.0
2021-04-08 22:38:15+00:00,1.0
2021-04-14 23:48:00+00:00,1.0
2021-04-13 00:44:06+00:00,1.0
2021-04-05 16:22:08+00:00,1.0
2021-04-21 07:16:44+00:00,0.0
2021-04-23 18:38:43+00:00,1.0
2021-04-20 15:45:40+00:00,1.0
2021-04-08 04:56:02+00:00,1.0
2021-04-23 18:17:30+00:00,1.0
2021-04-16 10:07:00+00:00,1.0
2021-04-21 13:25:10+00:00,0.0
2021-04-15 10:48:51+00:00,1.0
2021-04-17 18:26:50+00:00,1.0
2021-05-01 06:18:13+00:00,0.0
2021-04-27 14:46:01+00:00,0.0
2021-04-06 22:04:54+00:00,1.0
2021-04-18 17:50:38+00:00,1.0
2021-04-06 11:00:49+00:00,1.0
2021-04-20 18:15:04+00:00,1.0
2021-04-19 21:55:13+00:00,1.0
2021-04-19 17:18:16+00:00,2.0
2021-04-23 08:09:28+00:00,8.5
2021-04-17 14:34:28+00:00,0.0
2021-04-23 21:59:46+00:00,1.0
2021-04-13 12:29:30+00:00,1.0
2021-04-10 23:18:54+00:00,1.0
2021-04-07 01:11:07+00:00,1.0
2021-04-11 23:40:24+00:00,2.0
2021-04-16 13:14:58+00:00,1.0
2021-04-12 13:16:42+00:00,1.0
2021-04-07 09:30:14+00:00,1.0
2021-04-18 12:55:34+00:00,2.0
2021-04-18 02:59:00+00:00,1.0
2021-04-09 11:03:12+00:00,1.0
2021-04-11 09:19:37+00:00,1.0
2021-04-06 06:52:00+00:00,1.0
2021-04-26 08:54:04+00:00,0.0
2021-04-14 07:18:49+00:00,2.0
2021-04-15 02:44:24+00:00,1.0
2021-04-14 03:37:52+00:00,1.0
2021-04-20 03:24:42+00:00,2.0
2021-04-18 11:48:58+00:00,1.0
2021-04-18 01:58:29+00:00,2.0
2021-05-03 18:30:08+00:00,1.0
2021-04-19 13:10:32+00:00,2.0
2021-04-09 17:39:50+00:00,1.0
2021-04-05 07:02:02+00:00,1.0
2021-04-08 09:27:12+00:00,2429.0
2021-04-20 05:14:10+00:00,1.0
2021-04-25 02:36:44+00:00,1.0
2021-04-06 20:37:08+00:00,1.0
2021-05-03 11:35:42+00:00,1.0
2021-04-27 19:01:52+00:00,0.0
2021-05-03 14:10:08+00:00,1.0
2021-04-26 23:39:18+00:00,0.0
2021-04-13 04:54:53+00:00,1.0
2021-04-07 09:00:45+00:00,1.0
2021-05-01 02:23:40+00:00,0.0
2021-04-13 00:29:31+00:00,1.0
2021-04-10 11:21:43+00:00,1.95
2021-04-12 16:45:40+00:00,1.0
2021-05-01 02:19:29+00:00,0.0
2021-04-17 10:55:47+00:00,0.0
2021-04-24 07:56:43+00:00,1.0
2021-04-07 03:10:17+00:00,1.0
2021-04-08 09:34:55+00:00,112.0
2021-04-11 08:35:44+00:00,2.0
2021-04-16 03:22:19+00:00,1.0
2021-04-13 00:02:14+00:00,1.0
2021-04-17 10:53:45+00:00,0.0
2021-04-28 04:13:54+00:00,0.0
2021-04-19 01:11:15+00:00,1.0
2021-04-05 09:09:15+00:00,1.0
2021-04-10 05:11:32+00:00,1.95
2021-04-07 09:06:50+00:00,1.0
2021-04-17 06:14:00+00:00,0.0
2021-04-23 00:47:03+00:00,3.0
2021-04-26 22:48:17+00:00,0.0
2021-04-23 22:49:35+00:00,1.0
2021-04-22 16:40:33+00:00,0.0
2021-04-10 20:33:38+00:00,1.0
2021-05-01 19:06:03+00:00,0.0
2021-04-18 18:59:39+00:00,1.0
2021-04-27 22:51:13+00:00,0.0
2021-04-08 08:13:47+00:00,1.0
2021-04-20 22:45:35+00:00,0.0
2021-04-10 23:00:24+00:00,1.0
2021-04-20 03:09:32+00:00,1.0
2021-04-24 03:50:39+00:00,1.0
2021-05-03 08:15:40+00:00,1.0
2021-05-01 19:09:04+00:00,0.0
2021-04-22 02:33:55+00:00,0.0
2021-04-23 23:31:10+00:00,1.0
2021-04-15 00:36:55+00:00,2.0
2021-04-07 22:44:09+00:00,1.0
2021-04-16 01:44:58+00:00,2.0
2021-04-25 04:59:33+00:00,1.0
2021-04-18 19:57:37+00:00,1.0
2021-04-20 09:34:10+00:00,2.0
2021-05-01 18:22:26+00:00,0.0
2021-04-06 19:53:32+00:00,1.0
2021-05-01 07:21:26+00:00,0.0
2021-04-07 08:54:55+00:00,1.0
2021-04-22 11:52:58+00:00,0.0
2021-04-13 23:53:13+00:00,1.0
2021-04-15 20:37:12+00:00,1.0
2021-04-12 20:13:25+00:00,1.0
2021-04-26 18:39:36+00:00,0.0
2021-04-22 11:19:42+00:00,0.0
2021-04-11 12:18:32+00:00,1.0
2021-04-19 09:11:10+00:00,1.0
2021-04-21 15:46:15+00:00,2496.0
2021-04-15 11:00:04+00:00,1.0
2021-04-07 21:20:04+00:00,1.0
2021-04-16 14:44:49+00:00,1.0
2021-04-28 02:40:06+00:00,0.0
2021-04-30 23:34:22+00:00,0.0
2021-05-02 20:28:40+00:00,1.0
2021-04-17 01:37:39+00:00,0.0
2021-04-15 22:07:55+00:00,1.0
2021-04-19 02:59:15+00:00,2.0
2021-04-28 06:02:17+00:00,0.0
2021-04-15 07:17:49+00:00,1.0
2021-04-25 11:57:07+00:00,1.0
2021-04-14 08:13:36+00:00,1.0
2021-04-21 19:56:19+00:00,2.0
2021-05-02 09:26:31+00:00,0.0
2021-04-26 05:43:06+00:00,0.0
2021-04-19 14:23:58+00:00,1.0
2021-05-03 11:51:45+00:00,1.0
2021-04-09 11:31:51+00:00,1.0
2021-04-30 06:14:33+00:00,0.0
2021-04-18 12:21:13+00:00,1.0
2021-04-18 10:22:43+00:00,1.0
2021-04-20 16:11:47+00:00,1.0
2021-04-14 21:18:06+00:00,2.0
2021-04-05 09:21:22+00:00,1.0
2021-04-12 14:22:15+00:00,1.0
2021-04-29 21:20:21+00:00,0.0
2021-04-12 16:15:55+00:00,1.0
2021-05-02 07:42:32+00:00,0.0
2021-04-18 08:33:05+00:00,1.0
2021-04-28 01:50:54+00:00,0.0
2021-04-25 10:24:01+00:00,1.0
2021-04-28 21:49:49+00:00,0.0
2021-04-09 23:03:58+00:00,1.95
2021-04-30 05:35:22+00:00,0.0
2021-04-12 15:36:44+00:00,1.0
2021-04-24 11:08:48+00:00,1.0
2021-04-25 15:07:52+00:00,1.0
2021-04-05 11:33:41+00:00,1.0
2021-04-07 20:13:00+00:00,1.0
2021-04-26 23:10:41+00:00,0.0
2021-04-12 07:29:40+00:00,2.0
2021-04-26 09:30:13+00:00,0.0
2021-04-15 06:00:24+00:00,2.0
2021-04-13 18:51:19+00:00,1.0
2021-04-21 13:47:47+00:00,0.0
2021-04-08 16:25:03+00:00,1.0
2021-04-16 09:24:39+00:00,1.0
2021-04-25 04:10:27+00:00,1.0
2021-05-01 22:38:49+00:00,0.0
2021-04-29 11:01:28+00:00,0.0
2021-04-27 13:39:21+00:00,0.0
2021-04-07 14:20:32+00:00,1.0
2021-05-03 20:57:29+00:00,1.0
2021-04-29 11:21:15+00:00,0.0
2021-04-08 20:58:21+00:00,1.0
2021-04-22 09:03:01+00:00,0.0
2021-04-19 10:10:18+00:00,1.0
2021-04-27 04:28:53+00:00,0.0
2021-04-05 12:05:15+00:00,1.0
2021-04-08 14:03:57+00:00,1.0
2021-04-29 11:43:31+00:00,0.0
2021-04-20 09:21:15+00:00,1.0
2021-04-08 18:07:35+00:00,1.0
2021-04-07 09:30:29+00:00,1.0
2021-04-17 22:21:52+00:00,1.0
2021-04-22 10:57:59+00:00,0.0
2021-04-19 05:07:05+00:00,1.0
2021-04-27 01:53:05+00:00,0.0
2021-04-09 04:17:51+00:00,2.0
2021-04-24 04:26:52+00:00,1.0
2021-04-21 03:41:47+00:00,0.0
2021-04-11 18:48:15+00:00,1.0
2021-04-13 15:02:28+00:00,1.0
2021-04-19 21:24:10+00:00,1.0
2021-04-26 21:24:41+00:00,0.0
2021-04-29 22:21:09+00:00,0.0
2021-04-28 13:54:57+00:00,1.0
2021-04-09 17:29:32+00:00,1.0
2021-04-12 10:19:05+00:00,1.0
2021-04-30 00:32:05+00:00,0.0
2021-04-08 06:29:18+00:00,1.0
2021-04-25 11:45:05+00:00,1.0
2021-04-14 14:48:37+00:00,1.0
2021-05-02 08:22:21+00:00,0.0
2021-05-02 18:47:05+00:00,1.0
2021-04-08 08:44:26+00:00,1.0
2021-04-21 16:07:00+00:00,176.0
2021-04-06 22:11:12+00:00,1.0
2021-04-15 23:01:14+00:00,2.0
2021-04-30 19:39:23+00:00,0.0
2021-04-26 21:58:17+00:00,0.0
2021-04-21 23:15:17+00:00,0.0
2021-04-25 13:14:14+00:00,1.0
2021-04-14 01:38:44+00:00,2.0
2021-05-02 13:09:11+00:00,5.0
2021-04-26 02:35:25+00:00,0.0
2021-04-09 08:38:03+00:00,1.0
2021-04-12 04:10:55+00:00,1.0
2021-04-12 06:43:11+00:00,1.0
2021-04-23 22:53:41+00:00,1.0
2021-04-05 07:26:37+00:00,1.0
2021-04-29 08:03:52+00:00,0.0
2021-05-01 17:22:23+00:00,0.0
2021-04-15 09:39:54+00:00,5.0
2021-04-15 02:48:59+00:00,2.0
2021-04-18 12:26:37+00:00,1.0
2021-04-11 23:13:41+00:00,2.0
2021-04-19 18:32:34+00:00,1.0
2021-04-08 23:00:38+00:00,1.0
2021-04-19 08:51:26+00:00,2.0
2021-04-28 14:30:29+00:00,1.0
2021-04-12 23:11:18+00:00,1.0
2021-04-11 03:38:22+00:00,1.0
2021-04-05 05:35:43+00:00,1.0
2021-04-12 01:22:32+00:00,2.0
2021-04-22 23:23:28+00:00,3.0
2021-04-11 10:17:25+00:00,1.0
2021-04-14 09:36:37+00:00,1.0
2021-04-17 04:00:51+00:00,0.0
2021-04-06 03:28:53+00:00,1.0
2021-04-21 20:56:56+00:00,1.0
2021-04-17 09:37:30+00:00,0.0
2021-05-01 21:55:22+00:00,0.0
2021-04-25 11:57:20+00:00,1.0
2021-04-17 22:46:48+00:00,1.0
2021-05-03 09:25:53+00:00,1.0
2021-04-09 12:41:14+00:00,2.0
2021-04-21 18:13:37+00:00,1.0
2021-04-05 00:55:37+00:00,1.0
2021-04-30 22:01:04+00:00,0.0
2021-04-09 23:35:46+00:00,1.95
2021-04-12 15:25:59+00:00,1.0
2021-05-03 12:45:39+00:00,1.0
2021-04-28 17:01:13+00:00,1.0
2021-04-14 21:46:46+00:00,1.0
2021-04-21 01:52:01+00:00,0.0
2021-04-15 02:29:49+00:00,1.0
2021-04-05 18:00:33+00:00,1.0
2021-04-08 03:46:34+00:00,1.0
2021-04-16 12:27:01+00:00,2.0
2021-04-17 09:59:56+00:00,0.0
2021-04-15 05:09:51+00:00,2.0
2021-04-12 04:57:15+00:00,1.0
2021-04-15 13:15:30+00:00,1.0
2021-05-03 20:38:06+00:00,1.0
2021-04-27 12:54:46+00:00,0.0
2021-04-06 22:43:22+00:00,1.0
2021-04-08 06:20:24+00:00,1.0
2021-04-17 17:55:59+00:00,1.0
2021-04-14 13:43:29+00:00,1.0
2021-04-18 05:27:11+00:00,1.0
2021-04-10 11:45:46+00:00,1.95
2021-04-11 08:14:59+00:00,1.0
2021-04-30 06:02:30+00:00,0.0
2021-04-12 21:14:35+00:00,1.0
2021-05-03 03:24:59+00:00,1.0
2021-04-29 22:57:52+00:00,0.0
2021-04-06 12:26:43+00:00,1.0
2021-04-22 01:25:57+00:00,0.0
2021-04-05 08:35:57+00:00,1.0
2021-04-09 19:43:01+00:00,2.0
2021-04-22 00:25:01+00:00,0.0
2021-04-13 19:11:48+00:00,1.0
2021-04-09 13:19:12+00:00,1.5
2021-04-05 15:13:07+00:00,1.0
2021-04-26 18:51:12+00:00,0.0
2021-05-01 06:50:56+00:00,0.0
2021-05-02 01:54:13+00:00,0.0
2021-04-23 03:55:16+00:00,3.0
2021-04-25 20:34:57+00:00,0.0
2021-04-19 03:26:54+00:00,1.0
2021-04-23 22:53:40+00:00,1.0
2021-04-21 17:33:51+00:00,5.0
2021-04-16 10:40:04+00:00,2.0
2021-04-11 08:34:29+00:00,1.0
2021-04-14 04:49:16+00:00,2.0
2021-04-06 06:01:05+00:00,1.0
2021-04-27 04:38:15+00:00,0.0
2021-05-03 10:14:05+00:00,1.0
2021-04-28 04:01:53+00:00,0.0
2021-04-20 22:33:16+00:00,0.0
2021-04-13 00:49:22+00:00,1.0
2021-04-28 04:46:46+00:00,0.0
2021-04-13 23:23:10+00:00,1.0
2021-05-01 14:57:56+00:00,0.0
2021-04-24 09:21:28+00:00,1.0
2021-04-26 08:35:49+00:00,0.0
2021-04-08 07:30:54+00:00,1.0
2021-04-08 00:39:41+00:00,1.0
2021-04-25 14:15:09+00:00,1.0
2021-04-23 03:18:28+00:00,3.0
2021-04-10 07:54:22+00:00,1.95
2021-05-02 22:18:09+00:00,1.0
2021-04-13 13:32:21+00:00,1.0
2021-04-23 02:47:32+00:00,3.0
2021-05-03 07:12:41+00:00,1.0
2021-04-17 16:32:36+00:00,0.0
2021-04-08 02:28:08+00:00,1.0
2021-04-09 16:59:29+00:00,2.0
2021-04-08 15:17:46+00:00,1.0
2021-04-16 12:46:27+00:00,1.0
2021-04-09 11:28:09+00:00,1.0
2021-04-29 04:37:00+00:00,0.0
2021-04-22 08:02:10+00:00,0.0
2021-04-09 04:05:19+00:00,2.0
2021-04-06 00:17:10+00:00,1.0
2021-04-30 00:32:20+00:00,0.0
2021-04-25 19:43:34+00:00,0.0
2021-04-07 07:09:19+00:00,1.0
2021-04-23 20:58:05+00:00,1.0
2021-04-22 23:32:43+00:00,3.0
2021-04-21 05:50:17+00:00,0.0
2021-04-10 20:55:51+00:00,2.0
2021-04-23 12:40:50+00:00,86.0
2021-04-25 06:44:56+00:00,1.0
2021-04-18 11:21:59+00:00,1.0
2021-05-01 20:19:55+00:00,0.0
2021-04-26 03:17:58+00:00,0.0
2021-04-05 16:56:04+00:00,1.0
2021-04-05 18:44:45+00:00,1.0
2021-04-27 19:40:02+00:00,0.0
2021-04-09 04:13:05+00:00,1.0
2021-05-02 07:51:06+00:00,0.0
2021-04-19 08:39:30+00:00,1.0
2021-04-10 03:14:07+00:00,1.95
2021-04-10 13:09:25+00:00,1.95
2021-04-27 05:10:34+00:00,0.0
2021-04-08 08:16:12+00:00,1.0
2021-04-06 22:33:41+00:00,1.0
2021-04-12 09:11:49+00:00,1.0
2021-04-07 04:58:31+00:00,1.0
2021-04-21 20:32:08+00:00,1.0
2021-04-30 14:37:03+00:00,0.0
2021-04-19 19:57:08+00:00,1.0
2021-04-09 07:16:36+00:00,1.0
2021-04-21 09:07:58+00:00,0.0
2021-04-16 21:07:24+00:00,0.0
2021-04-20 17:17:48+00:00,1.0
2021-05-01 02:51:25+00:00,0.0
2021-04-15 07:00:03+00:00,1.0
2021-04-09 05:08:34+00:00,1.0
2021-05-03 07:34:56+00:00,1.0
2021-04-10 08:49:10+00:00,1.95
2021-04-29 06:40:33+00:00,0.0
2021-04-14 13:34:50+00:00,1.0
2021-04-11 11:40:21+00:00,1.0
2021-04-30 20:35:48+00:00,0.0
2021-04-25 14:43:41+00:00,1.0
2021-05-01 19:39:16+00:00,0.0
2021-04-09 07:54:52+00:00,1.0
2021-05-03 19:43:05+00:00,1.0
2021-04-24 12:49:41+00:00,1.0
2021-04-06 01:08:22+00:00,1.0
2021-04-08 06:09:46+00:00,1.0
2021-04-29 23:57:44+00:00,0.0
2021-04-27 10:34:44+00:00,0.0
2021-04-06 21:50:01+00:00,1.0
2021-04-16 18:48:46+00:00,0.0
2021-04-07 23:36:14+00:00,1.0
2021-04-24 11:20:31+00:00,1.0
2021-04-09 14:42:31+00:00,1.0
2021-05-02 00:35:17+00:00,0.0
2021-04-07 06:02:47+00:00,1.0
2021-04-06 12:47:57+00:00,1.0
2021-04-28 03:39:55+00:00,0.0
2021-04-08 20:40:34+00:00,2.0
2021-05-03 00:03:08+00:00,1.0
2021-04-30 19:04:16+00:00,0.0
2021-04-28 02:58:48+00:00,0.0
2021-04-15 04:02:14+00:00,2.0
2021-04-12 16:38:30+00:00,1.0
2021-04-26 23:06:56+00:00,0.0
2021-04-12 08:40:50+00:00,2.0
2021-04-19 15:02:00+00:00,2.0
2021-04-20 12:01:10+00:00,1.0
2021-04-07 18:57:39+00:00,1.0
2021-04-24 16:19:42+00:00,1.0
2021-04-05 14:30:20+00:00,1.0
2021-04-16 07:32:35+00:00,1.0
2021-04-15 14:20:03+00:00,1.0
2021-04-24 21:50:37+00:00,1.0
2021-05-02 14:29:48+00:00,1.0
2021-04-15 10:05:12+00:00,1.0
2021-04-25 02:12:56+00:00,1.0
2021-05-01 08:30:45+00:00,0.0
2021-04-09 12:08:24+00:00,1.0
2021-04-11 23:23:32+00:00,1.0
2021-04-16 09:19:34+00:00,2.0
2021-04-09 09:05:27+00:00,1.0
2021-05-03 22:00:29+00:00,1.0
2021-04-15 04:35:38+00:00,2.0
2021-04-25 03:51:44+00:00,1.0
2021-04-24 19:24:17+00:00,1.0
2021-04-07 19:02:46+00:00,1.0
2021-05-01 15:44:18+00:00,0.0
2021-04-21 18:33:08+00:00,2.0
2021-04-26 21:07:40+00:00,0.0
2021-04-05 10:19:51+00:00,1.0
2021-04-22 12:31:40+00:00,0.0
2021-04-11 12:48:59+00:00,2.0
2021-04-11 02:04:05+00:00,1.0
2021-04-08 23:30:35+00:00,2.0
2021-04-05 14:05:05+00:00,1.0
2021-04-19 01:20:06+00:00,1.0
2021-04-09 21:48:16+00:00,1.95
2021-04-22 05:11:49+00:00,0.0
2021-04-18 16:22:34+00:00,1.0
2021-04-26 09:12:06+00:00,0.0
2021-04-15 17:17:00+00:00,2.0
2021-04-16 13:43:52+00:00,1.0
2021-04-14 04:52:44+00:00,2.0
2021-04-17 06:09:00+00:00,0.0
2021-04-07 11:00:48+00:00,1.0
2021-04-13 03:54:01+00:00,1.0
2021-04-25 12:55:11+00:00,1.0
2021-04-24 12:55:31+00:00,1.0
2021-04-10 15:59:46+00:00,132.0
2021-04-18 19:49:59+00:00,1.0
2021-04-15 13:50:41+00:00,2.0
2021-04-12 23:17:46+00:00,1.0
2021-04-19 20:03:10+00:00,1.0
2021-04-18 17:29:15+00:00,1.0
2021-04-12 11:34:37+00:00,1.0
2021-05-03 12:12:56+00:00,1.0
2021-05-01 11:31:33+00:00,0.0
2021-04-12 03:38:14+00:00,2.0
2021-04-11 00:24:17+00:00,2.0
2021-04-05 14:00:56+00:00,1.0
2021-04-04 23:48:14+00:00,1.0
2021-04-05 13:48:46+00:00,1.0
2021-04-14 18:45:28+00:00,1.0
2021-04-05 19:52:46+00:00,1.0
2021-04-13 18:44:50+00:00,1.0
2021-04-18 16:51:16+00:00,1.0
2021-04-12 22:08:18+00:00,1.0
2021-04-17 23:47:04+00:00,1.0
2021-04-29 08:29:31+00:00,0.0
2021-04-29 21:03:16+00:00,0.0
2021-04-21 20:59:53+00:00,1.0
2021-04-29 14:29:03+00:00,0.0
2021-04-09 10:51:10+00:00,1.0
2021-04-30 01:12:49+00:00,0.0
2021-04-08 20:23:27+00:00,2.0
2021-04-06 09:28:31+00:00,1.0
2021-04-13 16:05:56+00:00,2.0
2021-04-10 06:17:02+00:00,1.95
2021-04-24 08:14:07+00:00,1.0
2021-04-11 19:14:55+00:00,2.0
2021-04-07 04:23:20+00:00,1.0
2021-04-15 13:02:54+00:00,1.0
2021-04-24 20:15:09+00:00,1.0
2021-04-11 10:05:45+00:00,1.0
2021-04-09 12:53:59+00:00,2.0
2021-04-15 09:25:41+00:00,10.0
2021-04-11 08:53:14+00:00,2.0
2021-04-26 22:49:40+00:00,0.0
2021-05-02 16:33:40+00:00,1.0
2021-04-16 19:31:09+00:00,0.0
2021-04-13 22:28:28+00:00,1.0
2021-04-20 12:06:31+00:00,1.0
2021-04-17 07:31:34+00:00,0.0
2021-04-14 08:33:59+00:00,2.0
2021-04-18 21:55:13+00:00,1.0
2021-04-21 06:12:12+00:00,0.0
2021-04-20 06:49:23+00:00,1.0
2021-04-09 12:25:21+00:00,1.0
2021-04-28 11:15:51+00:00,1.0
2021-04-16 13:47:48+00:00,2.0
2021-05-03 16:10:26+00:00,1.0
2021-04-12 03:03:38+00:00,1.0
2021-04-27 20:27:16+00:00,0.0
2021-04-17 04:23:34+00:00,0.0
2021-04-20 08:52:44+00:00,1.0
2021-04-05 19:01:58+00:00,1.0
2021-04-11 18:44:39+00:00,1.0
2021-04-19 01:47:06+00:00,1.0
2021-04-08 22:10:47+00:00,2.0
2021-04-30 20:34:35+00:00,0.0
2021-05-01 02:19:30+00:00,0.0
2021-04-25 13:58:16+00:00,1.0
2021-04-11 14:01:32+00:00,1.0
2021-04-30 17:46:27+00:00,0.0
2021-04-24 19:45:33+00:00,1.0
2021-04-21 12:28:31+00:00,0.0
2021-04-28 09:20:45+00:00,234.0
2021-04-21 03:38:12+00:00,0.0
2021-04-08 09:05:25+00:00,1.0
2021-04-22 06:29:54+00:00,0.0
2021-04-05 20:12:24+00:00,1.0
2021-04-18 14:19:56+00:00,1.0
2021-04-13 13:47:32+00:00,1.0
2021-04-06 12:13:01+00:00,1.0
2021-04-24 18:44:29+00:00,1.0
2021-04-08 09:43:44+00:00,24.0
2021-04-21 22:11:10+00:00,0.0
2021-04-12 19:10:00+00:00,2.0
2021-04-28 04:10:18+00:00,0.0
2021-04-29 21:59:41+00:00,0.0
2021-04-20 15:38:52+00:00,2.0
2021-04-19 06:50:33+00:00,1.0
2021-04-24 00:48:35+00:00,1.0
2021-04-18 05:26:33+00:00,1.0
2021-04-08 00:33:05+00:00,1.0
2021-04-25 12:24:39+00:00,1.0
2021-04-27 07:42:22+00:00,0.0
2021-05-02 02:28:31+00:00,0.0
2021-04-24 16:35:28+00:00,1.0
2021-04-10 05:13:18+00:00,1.95
2021-05-01 22:59:29+00:00,0.0
2021-04-08 04:04:03+00:00,1.0
2021-04-29 17:12:14+00:00,0.0
2021-04-25 23:15:55+00:00,0.0
2021-04-21 07:44:49+00:00,0.0
2021-04-24 06:43:17+00:00,1.0
2021-04-15 08:08:26+00:00,1.0
2021-05-03 00:09:19+00:00,1.0
2021-04-26 15:25:13+00:00,0.0
2021-04-22 09:57:29+00:00,0.0
2021-04-16 20:45:57+00:00,0.0
2021-04-19 03:14:32+00:00,1.0
2021-04-21 20:05:19+00:00,1.0
2021-04-15 14:20:19+00:00,1.0
2021-04-16 03:33:08+00:00,2.0
2021-04-26 01:20:42+00:00,0.0
2021-05-03 08:07:54+00:00,1.0
2021-04-21 11:55:59+00:00,0.0
2021-04-09 15:58:46+00:00,1.0
2021-04-26 23:37:26+00:00,0.0
2021-04-11 20:35:36+00:00,1.0
2021-04-15 12:30:39+00:00,1.0
2021-05-03 22:44:33+00:00,1.0
2021-04-26 12:04:29+00:00,0.0
2021-04-20 01:46:13+00:00,1.0
2021-04-28 21:35:10+00:00,1.0
2021-04-05 08:08:37+00:00,1.0
2021-04-09 08:59:16+00:00,1.0
2021-04-05 07:43:36+00:00,1.0
2021-04-07 14:13:33+00:00,1.0
2021-04-25 21:46:35+00:00,0.0
2021-04-09 22:14:33+00:00,1.95
2021-04-06 18:29:53+00:00,1.0
2021-04-07 07:52:06+00:00,1.0
2021-04-10 14:52:48+00:00,1.95
2021-04-26 22:41:34+00:00,0.0
2021-04-24 00:36:47+00:00,1.0
2021-04-21 02:18:20+00:00,0.0
2021-04-09 02:20:16+00:00,1.0
2021-04-26 23:58:07+00:00,0.0
2021-04-19 06:33:08+00:00,1.0
2021-04-29 14:02:12+00:00,0.0
2021-04-23 13:56:48+00:00,5.0
2021-04-14 04:32:28+00:00,1.0
2021-04-22 17:08:29+00:00,0.0
2021-04-12 07:22:03+00:00,2.0
2021-04-13 01:47:47+00:00,1.0
2021-04-16 18:37:21+00:00,0.0
2021-04-05 17:32:29+00:00,1.0
2021-04-14 14:10:36+00:00,1.0
2021-04-10 08:21:19+00:00,1.95
2021-04-11 06:45:12+00:00,1.0
2021-04-23 04:31:01+00:00,3.0
2021-04-19 08:00:19+00:00,1.0
2021-04-10 16:09:28+00:00,133.0
2021-04-17 21:48:51+00:00,1.0
2021-05-03 15:57:29+00:00,1.0
2021-04-28 19:36:52+00:00,1.0
2021-05-02 23:25:33+00:00,1.0
2021-05-01 03:04:26+00:00,0.0
2021-04-19 16:25:58+00:00,1.0
2021-04-19 15:26:28+00:00,1.0
2021-04-25 08:45:20+00:00,1.0
2021-04-30 09:40:42+00:00,0.0
2021-04-27 08:30:58+00:00,0.0
2021-05-01 00:19:37+00:00,0.0
2021-05-02 16:01:54+00:00,1.0
2021-05-03 02:39:37+00:00,1.0
2021-05-03 01:15:01+00:00,1.0
2021-04-13 16:18:41+00:00,1.0
2021-04-29 02:44:56+00:00,0.0
2021-04-20 14:15:08+00:00,1.0
2021-04-08 07:11:45+00:00,1.0
2021-04-12 02:58:43+00:00,1.0
2021-04-26 21:27:48+00:00,0.0
2021-04-19 07:15:52+00:00,1.0
2021-04-28 05:20:42+00:00,0.0
2021-05-02 15:47:29+00:00,1.0
2021-04-20 21:01:28+00:00,1.0
2021-04-17 02:55:31+00:00,0.0
2021-04-26 07:40:05+00:00,0.0
2021-04-20 00:22:11+00:00,1.0
2021-04-14 03:10:54+00:00,1.0
2021-04-10 11:45:56+00:00,1.95
2021-04-17 05:44:24+00:00,0.0
2021-04-26 09:19:00+00:00,0.0
2021-04-08 23:02:47+00:00,2.0
2021-04-29 07:34:45+00:00,0.0
2021-04-19 17:49:19+00:00,2.0
2021-04-14 13:31:04+00:00,1.0
2021-04-08 23:25:59+00:00,2.0
2021-04-18 06:10:07+00:00,1.0
2021-04-23 12:21:48+00:00,96.0
2021-04-11 17:24:46+00:00,1.0
2021-04-14 00:18:14+00:00,2.0
2021-04-12 16:14:07+00:00,1.0
2021-04-29 23:41:09+00:00,0.0
2021-04-19 18:22:38+00:00,2.0
2021-04-20 22:52:14+00:00,0.0
2021-05-01 17:57:54+00:00,0.0
2021-04-06 22:25:48+00:00,1.0
2021-04-09 23:57:59+00:00,1.95
2021-05-01 03:47:25+00:00,0.0
2021-04-27 19:13:35+00:00,0.0
2021-04-17 06:44:01+00:00,0.0
2021-04-14 12:08:01+00:00,1.0
2021-04-08 19:03:51+00:00,2.0
2021-05-03 06:44:24+00:00,1.0
2021-04-29 10:16:44+00:00,0.0
2021-04-11 15:33:25+00:00,1.0
2021-05-02 04:41:25+00:00,0.0
2021-05-02 03:51:41+00:00,0.0
2021-04-22 19:43:59+00:00,0.0
2021-04-09 15:08:48+00:00,1.0
2021-04-20 17:05:13+00:00,1.0
2021-04-19 19:28:55+00:00,2.0
2021-05-01 05:13:21+00:00,0.0
2021-04-14 07:56:39+00:00,1.0
2021-04-23 11:17:08+00:00,106.0
2021-05-01 06:01:09+00:00,0.0
2021-04-30 12:40:04+00:00,0.0
2021-04-27 17:01:40+00:00,0.0
2021-04-05 08:13:52+00:00,1.0
2021-04-19 18:57:02+00:00,1.0
2021-04-25 00:47:21+00:00,1.0
2021-04-28 16:20:25+00:00,1.0
2021-04-19 18:49:27+00:00,2.0
2021-05-03 18:18:28+00:00,1.0
2021-04-22 23:33:59+00:00,3.0
2021-04-30 21:43:07+00:00,0.0
2021-04-15 17:02:29+00:00,1.0
2021-04-07 19:19:50+00:00,1.0
2021-04-28 13:11:08+00:00,1.0
2021-04-14 12:23:37+00:00,1.0
2021-04-20 23:47:07+00:00,0.0
2021-04-15 19:44:29+00:00,1.0
2021-04-20 05:15:53+00:00,1.0
2021-04-17 20:18:55+00:00,1.0
2021-04-19 17:05:51+00:00,1.0
2021-04-27 03:45:50+00:00,0.0
2021-05-02 11:21:48+00:00,0.0
2021-04-25 10:20:51+00:00,1.0
2021-04-17 03:07:04+00:00,0.0
2021-04-25 13:15:41+00:00,1.0
2021-04-22 21:22:57+00:00,0.0
2021-04-29 12:33:17+00:00,0.0
2021-05-03 03:07:04+00:00,1.0
2021-04-12 03:47:17+00:00,1.0
2021-04-18 08:35:07+00:00,2.0
2021-04-11 16:08:06+00:00,1.0
2021-04-27 04:34:15+00:00,0.0
2021-05-02 17:47:30+00:00,1.0
2021-04-09 03:37:24+00:00,1.0
2021-04-08 04:30:03+00:00,1.0
2021-04-13 05:33:17+00:00,1.0
2021-04-20 18:07:35+00:00,2.0
2021-04-20 16:57:43+00:00,1.0
2021-04-16 18:33:10+00:00,0.0
2021-04-29 07:05:47+00:00,0.0
2021-04-16 00:30:27+00:00,1.0
2021-04-29 00:41:25+00:00,0.0
2021-04-13 20:50:49+00:00,2.0
2021-04-19 12:37:28+00:00,2.0
2021-04-19 17:07:42+00:00,1.0
2021-04-28 13:25:02+00:00,1.0
2021-04-13 17:54:27+00:00,1.0
2021-04-26 16:45:17+00:00,0.0
2021-04-11 05:02:06+00:00,2.0
2021-04-29 02:34:23+00:00,0.0
2021-04-25 04:54:30+00:00,1.0
2021-04-04 23:28:53+00:00,1.0
2021-04-09 02:36:30+00:00,1.0
2021-04-30 16:46:50+00:00,0.0
2021-04-15 14:55:37+00:00,2.0
2021-04-28 18:12:55+00:00,1.0
2021-05-02 20:27:00+00:00,1.0
2021-04-09 22:50:16+00:00,1.95
2021-04-23 16:22:22+00:00,1.0
2021-04-18 21:36:06+00:00,1.0
2021-04-16 22:45:12+00:00,0.0
2021-04-14 01:21:37+00:00,1.0
2021-04-26 01:12:39+00:00,0.0
2021-04-07 00:16:14+00:00,1.0
2021-04-15 20:21:06+00:00,1.0
2021-04-27 21:59:05+00:00,0.0
2021-04-29 17:01:39+00:00,0.0
2021-05-02 18:59:59+00:00,1.0
2021-04-05 03:43:48+00:00,1.0
2021-04-21 14:46:05+00:00,0.0
2021-05-03 23:34:49+00:00,1.0
2021-04-11 05:17:59+00:00,1.0
2021-04-23 04:55:20+00:00,3.0
2021-04-25 17:03:55+00:00,1.0
2021-04-28 07:55:33+00:00,0.0
2021-04-18 14:46:49+00:00,1.0
2021-04-12 18:11:06+00:00,1.0
2021-04-24 06:43:05+00:00,1.0
2021-04-05 17:35:20+00:00,1.0
2021-04-27 17:06:49+00:00,0.0
2021-04-08 12:34:42+00:00,1.0
2021-04-10 13:15:18+00:00,1.95
2021-04-20 06:06:45+00:00,1.0
2021-04-06 11:00:09+00:00,1.0
2021-04-08 04:08:04+00:00,1.0
2021-04-30 01:57:28+00:00,0.0
2021-04-28 03:56:25+00:00,0.0
2021-04-18 09:27:01+00:00,2.0
2021-04-18 13:42:29+00:00,1.0
2021-04-26 16:20:13+00:00,0.0
2021-04-15 16:01:57+00:00,1.0
2021-04-16 06:47:09+00:00,1.0
2021-04-29 07:10:36+00:00,0.0
2021-04-21 12:58:57+00:00,0.0
2021-04-24 06:00:14+00:00,1.0
2021-04-26 19:08:38+00:00,0.0
2021-04-15 11:14:32+00:00,1.0
2021-05-01 02:08:31+00:00,0.0
2021-04-10 02:47:18+00:00,1.95
2021-05-02 11:25:51+00:00,0.0
2021-04-06 20:14:18+00:00,1.0
2021-04-06 15:27:48+00:00,1.0
2021-04-23 17:47:20+00:00,1.0
2021-04-18 07:29:48+00:00,2.0
2021-04-20 16:29:43+00:00,1.0
2021-04-10 08:38:17+00:00,1.95
2021-05-02 07:22:00+00:00,0.0
2021-05-01 10:55:16+00:00,0.0
2021-04-13 13:27:17+00:00,2.0
2021-04-09 21:12:44+00:00,1.0
2021-04-14 22:52:45+00:00,2.0
2021-04-30 10:57:48+00:00,0.0
2021-04-17 07:24:42+00:00,0.0
2021-04-12 03:43:13+00:00,2.0
2021-04-11 09:45:57+00:00,1.0
2021-04-19 23:12:16+00:00,1.0
2021-04-17 20:42:56+00:00,1.0
2021-04-30 03:28:00+00:00,0.0
2021-04-28 16:27:20+00:00,1.0
2021-04-25 15:43:59+00:00,1.0
2021-04-08 23:11:11+00:00,1.0
2021-05-01 10:03:35+00:00,0.0
2021-04-14 17:50:52+00:00,2.0
2021-04-10 16:02:30+00:00,132.0
2021-04-11 07:55:55+00:00,1.0
2021-04-19 16:26:54+00:00,1.0
2021-05-02 21:57:33+00:00,2.0
2021-04-09 10:28:56+00:00,1.0
2021-04-18 18:44:06+00:00,1.0
2021-04-17 18:07:09+00:00,1.0
2021-04-26 12:23:37+00:00,0.0
2021-04-14 10:00:44+00:00,1.0
2021-04-18 21:14:27+00:00,1.0
2021-04-07 05:59:34+00:00,1.0
2021-04-14 14:16:37+00:00,1.0
2021-04-10 20:50:16+00:00,1.0
2021-04-18 19:20:31+00:00,2.0
2021-04-23 03:11:51+00:00,3.0
2021-04-05 04:40:01+00:00,1.0
2021-04-26 21:39:54+00:00,0.0
2021-04-18 16:33:24+00:00,1.0
2021-04-16 05:36:27+00:00,2.0
2021-04-30 13:59:49+00:00,0.0
2021-04-25 22:34:54+00:00,0.0
2021-04-28 20:05:30+00:00,1.0
2021-04-27 20:04:53+00:00,0.0
2021-04-13 21:35:31+00:00,2.0
2021-04-14 06:04:46+00:00,1.0
2021-04-22 19:44:25+00:00,0.0
2021-04-11 13:18:52+00:00,1.0
2021-04-22 23:09:46+00:00,3.0
2021-04-27 19:46:50+00:00,0.0
2021-04-12 07:56:35+00:00,1.0
2021-05-03 00:25:36+00:00,1.0
2021-05-03 01:01:12+00:00,1.0
2021-04-10 17:35:35+00:00,1.0
2021-04-12 04:45:42+00:00,2.0
2021-04-13 11:36:01+00:00,2.0
2021-04-10 04:28:32+00:00,1.95
2021-04-27 13:51:07+00:00,0.0
2021-04-21 22:05:34+00:00,0.0
2021-05-02 21:15:49+00:00,1.0
2021-04-06 00:32:26+00:00,1.0
2021-04-10 02:35:56+00:00,1.95
2021-05-02 09:15:31+00:00,0.0
2021-04-27 10:00:39+00:00,0.0
2021-04-14 14:59:43+00:00,1.0
2021-04-18 00:24:08+00:00,1.0
2021-05-03 22:34:42+00:00,1.0
2021-05-03 06:30:42+00:00,1.0
2021-04-12 16:34:58+00:00,1.0
2021-04-16 21:14:19+00:00,0.0
2021-05-01 17:36:11+00:00,0.0
2021-04-07 10:07:10+00:00,1.0
2021-04-16 08:07:22+00:00,2.0
2021-05-01 11:00:20+00:00,0.0
2021-04-22 10:14:39+00:00,0.0
2021-04-11 06:05:51+00:00,1.0
2021-04-17 02:25:21+00:00,0.0
2021-04-22 20:44:17+00:00,0.0
2021-04-12 04:02:34+00:00,1.0
2021-04-07 10:47:15+00:00,1.0
2021-04-28 08:53:40+00:00,137.0
2021-04-05 14:33:48+00:00,1.0
2021-04-16 15:52:09+00:00,1.0
2021-04-25 12:09:52+00:00,1.0
2021-04-25 12:33:34+00:00,1.0
2021-04-09 02:18:54+00:00,1.0
2021-04-22 18:27:28+00:00,0.0
2021-04-27 10:46:27+00:00,0.0
2021-04-20 13:41:26+00:00,1.0
2021-04-05 02:17:23+00:00,1.0
2021-04-10 21:34:32+00:00,1.0
2021-04-12 02:50:14+00:00,1.0
2021-04-09 23:10:49+00:00,1.95
2021-04-21 19:42:45+00:00,2.0
2021-04-22 00:52:33+00:00,0.0
2021-05-01 12:24:07+00:00,0.0
2021-04-11 00:04:14+00:00,1.0
2021-04-27 11:33:09+00:00,0.0
2021-05-01 19:36:34+00:00,0.0
2021-04-19 15:40:40+00:00,1.0
2021-04-07 00:52:35+00:00,1.0
2021-04-08 23:46:28+00:00,2.0
2021-04-19 06:17:15+00:00,2.0
2021-04-12 04:29:38+00:00,1.0
2021-04-08 21:53:44+00:00,1.0
2021-04-14 10:27:24+00:00,1.0
2021-04-22 06:18:48+00:00,0.0
2021-04-11 09:28:52+00:00,2.0
2021-04-19 05:18:09+00:00,2.0
2021-05-03 10:00:08+00:00,1.0
2021-04-15 00:25:31+00:00,2.0
2021-04-27 19:31:29+00:00,0.0
2021-04-09 03:36:45+00:00,2.0
2021-04-15 00:24:09+00:00,2.0
2021-04-28 20:41:47+00:00,1.0
2021-04-16 04:23:30+00:00,2.0
2021-04-24 04:13:22+00:00,1.0
2021-04-17 22:36:40+00:00,1.0
2021-04-09 00:52:41+00:00,1.0
2021-04-12 16:25:33+00:00,1.0
2021-04-19 12:02:31+00:00,1.0
2021-04-26 10:28:04+00:00,0.0
2021-04-17 00:18:56+00:00,0.0
2021-04-26 22:36:32+00:00,0.0
2021-04-21 14:01:02+00:00,0.0
2021-04-14 17:41:27+00:00,1.0
2021-04-14 22:12:16+00:00,1.0
2021-04-21 02:32:24+00:00,0.0
2021-04-24 18:53:52+00:00,1.0
2021-04-22 00:53:28+00:00,0.0
2021-05-02 20:31:02+00:00,1.0
2021-04-30 20:59:40+00:00,0.0
2021-04-05 21:50:27+00:00,1.0
2021-04-10 21:34:25+00:00,1.0
2021-04-30 10:52:43+00:00,0.0
2021-04-12 05:26:20+00:00,1.0
2021-04-29 10:47:18+00:00,0.0
2021-04-25 21:03:59+00:00,0.0
2021-04-16 16:44:41+00:00,1.0
2021-04-13 14:46:16+00:00,2.0
2021-04-27 16:52:24+00:00,0.0
2021-04-17 17:50:43+00:00,1.0
2021-04-23 09:50:46+00:00,42.0
2021-04-16 19:31:48+00:00,0.0
2021-04-12 00:44:53+00:00,1.0
2021-04-17 04:12:20+00:00,0.0
2021-04-22 06:04:33+00:00,0.0
2021-04-12 17:15:29+00:00,1.0
2021-05-01 12:17:25+00:00,0.0
2021-04-26 22:05:55+00:00,0.0
2021-04-21 05:48:11+00:00,0.0
2021-04-23 01:27:35+00:00,2.0
2021-04-16 20:46:25+00:00,0.0
2021-04-25 12:26:37+00:00,1.0
2021-04-22 17:02:29+00:00,0.0
2021-04-19 06:44:02+00:00,1.0
2021-05-03 17:00:42+00:00,1.0
2021-04-23 09:39:05+00:00,8.5
2021-04-11 22:50:22+00:00,1.0
2021-04-28 20:26:52+00:00,1.0
2021-04-05 01:50:09+00:00,1.0
2021-04-09 14:44:58+00:00,1.0
2021-04-09 20:41:20+00:00,1.0
2021-04-06 16:00:12+00:00,1.0
2021-04-27 11:05:37+00:00,0.0
2021-04-14 04:33:52+00:00,2.0
2021-04-20 23:16:59+00:00,0.0
2021-05-02 12:07:26+00:00,0.0
2021-04-23 00:18:58+00:00,3.0
2021-04-18 13:23:32+00:00,1.0
2021-04-19 03:52:22+00:00,2.0
2021-04-10 01:50:58+00:00,1.95
2021-04-21 07:30:43+00:00,0.0
2021-04-14 23:02:20+00:00,1.0
2021-04-15 13:34:24+00:00,2.0
2021-04-26 21:52:19+00:00,0.0
2021-04-13 02:10:48+00:00,1.0
2021-04-07 03:48:26+00:00,1.0
2021-04-29 02:18:30+00:00,0.0
2021-04-05 15:39:19+00:00,1.0
2021-04-27 07:14:51+00:00,0.0
2021-04-22 08:02:32+00:00,0.0
2021-04-23 07:43:36+00:00,3.0
2021-05-03 06:35:51+00:00,1.0
2021-05-02 00:21:52+00:00,0.0
2021-04-13 00:40:36+00:00,1.0
2021-04-07 10:47:55+00:00,1.0
2021-04-30 13:19:53+00:00,0.0
2021-04-09 10:08:13+00:00,1.0
2021-04-08 20:11:14+00:00,1.0
2021-05-01 12:39:59+00:00,0.0
2021-04-10 08:47:21+00:00,1.95
2021-04-26 18:43:39+00:00,0.0
2021-04-07 15:00:48+00:00,1.0
2021-04-14 13:28:42+00:00,1.0
2021-04-12 12:26:38+00:00,1.0
2021-04-25 10:38:00+00:00,1.0
2021-04-30 04:12:41+00:00,0.0
2021-04-13 19:41:43+00:00,2.0
2021-04-19 21:05:45+00:00,1.0
2021-04-07 13:46:44+00:00,1.0
2021-04-21 03:58:56+00:00,0.0
2021-04-16 16:34:42+00:00,1.0
2021-04-19 05:08:25+00:00,1.0
2021-04-12 13:22:36+00:00,2.0
2021-04-08 01:31:32+00:00,1.0
2021-04-24 13:24:18+00:00,1.0
2021-04-14 21:37:29+00:00,1.0
2021-04-24 05:10:13+00:00,1.0
2021-04-11 20:27:52+00:00,1.0
2021-04-24 19:42:07+00:00,1.0
2021-04-09 12:52:11+00:00,1.0
2021-04-30 03:39:42+00:00,0.0
2021-05-02 16:55:17+00:00,1.0
2021-04-28 05:10:30+00:00,0.0
2021-05-03 16:37:12+00:00,1.0
2021-04-11 06:08:08+00:00,1.0
2021-04-11 02:22:27+00:00,2.0
2021-04-15 02:50:53+00:00,2.0
2021-04-07 22:59:37+00:00,1.0
2021-04-18 11:50:35+00:00,1.0
2021-04-06 22:52:18+00:00,1.0
2021-04-10 20:52:54+00:00,2.0
2021-04-11 15:20:09+00:00,2.0
2021-04-28 01:02:09+00:00,0.0
2021-04-05 16:53:32+00:00,1.0
2021-05-01 17:13:28+00:00,0.0
2021-05-03 14:57:47+00:00,1.0
2021-04-23 07:28:34+00:00,2.0
2021-04-14 04:29:55+00:00,2.0
2021-04-05 05:05:08+00:00,1.0
2021-05-01 09:55:36+00:00,0.0
2021-04-22 06:57:17+00:00,0.0
2021-04-07 01:35:54+00:00,1.0
2021-04-14 18:17:55+00:00,1.0
2021-04-19 01:36:53+00:00,2.0
2021-05-03 12:42:49+00:00,1.0
2021-04-14 16:33:39+00:00,1.0
2021-04-09 23:18:49+00:00,1.95
2021-04-06 04:17:15+00:00,1.0
2021-04-05 13:15:21+00:00,1.0
2021-04-26 09:26:33+00:00,0.0
2021-04-06 03:53:18+00:00,1.0
2021-05-02 12:41:15+00:00,0.0
2021-04-14 18:00:21+00:00,1.0
2021-05-03 01:35:10+00:00,1.0
2021-04-22 13:10:29+00:00,0.0
2021-04-29 00:44:12+00:00,0.0
2021-04-19 14:57:44+00:00,1.0
2021-04-22 19:59:06+00:00,0.0
2021-04-12 20:01:39+00:00,1.0
2021-05-03 05:43:47+00:00,1.0
2021-04-16 23:30:19+00:00,0.0
2021-04-09 05:38:42+00:00,1.0
2021-04-21 14:21:40+00:00,0.0
2021-04-26 00:39:20+00:00,0.0
2021-04-05 19:12:32+00:00,1.0
2021-04-21 06:48:57+00:00,0.0
2021-04-14 21:13:21+00:00,1.0
2021-04-26 11:46:05+00:00,0.0
2021-04-16 23:56:07+00:00,0.0
2021-04-23 01:19:26+00:00,3.0
2021-04-07 12:25:23+00:00,1.0
2021-04-21 13:10:52+00:00,0.0
2021-04-29 05:15:40+00:00,0.0
2021-04-16 06:17:34+00:00,1.0
2021-04-08 07:41:22+00:00,1.0
2021-04-20 13:18:37+00:00,1.0
2021-04-08 02:38:06+00:00,1.0
2021-04-10 18:06:57+00:00,1.0
2021-04-28 19:12:24+00:00,1.0
2021-04-10 11:54:10+00:00,1.95
2021-04-10 12:17:17+00:00,1.95
2021-04-16 19:07:56+00:00,0.0
2021-05-03 06:50:55+00:00,1.0
2021-04-06 00:16:59+00:00,1.0
2021-04-28 08:40:54+00:00,2529.0
2021-04-26 11:20:19+00:00,0.0
2021-04-17 04:44:01+00:00,0.0
2021-04-15 16:27:32+00:00,2.0
2021-04-18 08:59:54+00:00,2.0
2021-04-20 23:26:46+00:00,0.0
2021-04-09 06:39:06+00:00,2.0
2021-04-11 21:55:28+00:00,2.0
2021-05-02 13:33:34+00:00,2485.0
2021-05-02 07:21:00+00:00,0.0
2021-04-12 02:54:56+00:00,2.0
2021-04-10 05:27:50+00:00,1.95
2021-04-13 02:26:04+00:00,1.0
2021-05-03 01:16:59+00:00,1.0
2021-04-24 04:20:37+00:00,1.0
2021-04-13 00:12:39+00:00,1.0
2021-04-13 06:21:35+00:00,1.0
2021-04-15 06:25:17+00:00,2.0
2021-04-07 15:59:33+00:00,1.0
2021-05-02 22:44:34+00:00,1.0
2021-04-13 17:15:04+00:00,1.0
2021-04-06 23:49:19+00:00,1.0
2021-04-22 01:44:43+00:00,0.0
2021-04-18 00:29:34+00:00,2.0
2021-04-24 10:09:03+00:00,1.0
2021-04-21 07:35:59+00:00,0.0
2021-05-03 07:28:22+00:00,1.0
2021-04-06 18:30:51+00:00,1.0
2021-05-01 09:59:18+00:00,0.0
2021-04-07 07:08:53+00:00,1.0
2021-04-25 05:45:52+00:00,1.0
2021-04-13 05:58:22+00:00,1.0
2021-04-13 17:48:39+00:00,1.0
2021-04-08 18:38:05+00:00,1.0
2021-04-20 06:35:19+00:00,2.0
2021-04-21 07:56:32+00:00,0.0
2021-04-23 00:42:15+00:00,3.0
2021-04-05 17:53:04+00:00,1.0
2021-04-26 06:47:01+00:00,0.0
2021-04-29 13:55:09+00:00,0.0
2021-04-07 09:43:09+00:00,1.0
2021-04-13 21:34:03+00:00,1.0
2021-04-07 16:00:40+00:00,1.0
2021-04-21 12:16:57+00:00,0.0
2021-05-03 14:54:38+00:00,1.0
2021-04-26 17:49:50+00:00,0.0
2021-04-25 11:19:13+00:00,1.0
2021-04-28 00:33:07+00:00,0.0
2021-04-19 19:26:48+00:00,2.0
2021-04-13 16:22:44+00:00,1.0
2021-04-18 19:42:16+00:00,1.0
2021-05-03 04:41:50+00:00,2.0
2021-05-02 06:12:38+00:00,0.0
2021-04-27 03:43:01+00:00,0.0
2021-04-16 05:04:28+00:00,1.0
2021-04-18 21:56:34+00:00,1.0
2021-04-08 15:15:20+00:00,1.0
2021-04-23 15:13:16+00:00,5.0
2021-04-07 23:53:01+00:00,1.0
2021-04-28 09:46:26+00:00,1.0
2021-04-21 00:35:28+00:00,0.0
2021-04-15 15:56:51+00:00,2.0
2021-04-28 11:03:08+00:00,1.0
2021-04-06 09:06:53+00:00,1.0
2021-04-25 17:34:38+00:00,1.0
2021-04-20 01:10:05+00:00,2.0
2021-04-06 21:43:38+00:00,1.0
2021-04-23 07:25:34+00:00,7.0
2021-04-06 16:30:04+00:00,1.0
2021-05-02 16:37:11+00:00,1.0
2021-04-10 03:42:04+00:00,1.95
2021-04-11 02:02:45+00:00,2.0
2021-04-11 02:19:47+00:00,2.0
2021-04-17 20:33:16+00:00,2.0
2021-05-02 03:38:58+00:00,0.0
2021-04-22 00:58:51+00:00,0.0
2021-04-30 11:13:40+00:00,0.0
2021-04-30 06:05:40+00:00,0.0
2021-04-21 14:39:11+00:00,0.0
2021-04-05 15:02:38+00:00,1.0
2021-04-26 08:11:54+00:00,0.0
2021-04-14 19:42:21+00:00,2.0
2021-04-17 12:14:17+00:00,0.0
2021-04-14 08:30:18+00:00,1.0
2021-04-09 00:13:52+00:00,1.0
2021-05-02 17:06:05+00:00,1.0
2021-05-03 04:58:10+00:00,1.0
2021-04-29 16:47:18+00:00,0.0
2021-04-19 12:02:42+00:00,1.0
2021-04-23 17:00:13+00:00,1.0
2021-04-26 05:23:18+00:00,0.0
2021-04-22 07:21:40+00:00,0.0
2021-04-04 23:24:28+00:00,1.0
2021-04-12 19:15:26+00:00,1.0
2021-04-20 16:12:37+00:00,1.0
2021-04-06 09:18:25+00:00,1.0
2021-04-22 18:19:57+00:00,0.0
2021-04-14 16:30:54+00:00,1.0
2021-04-29 19:19:48+00:00,0.0
2021-04-23 14:58:52+00:00,335.0
2021-04-05 13:53:00+00:00,1.0
2021-04-13 16:37:54+00:00,1.0
2021-04-05 16:13:51+00:00,1.0
2021-04-13 19:38:37+00:00,1.0
2021-04-14 15:54:02+00:00,2.0
2021-04-26 20:54:46+00:00,0.0
2021-04-06 13:57:15+00:00,1.0
2021-04-06 12:39:46+00:00,1.0
2021-04-06 06:03:35+00:00,1.0
2021-04-16 15:12:29+00:00,1.0
2021-04-30 05:00:04+00:00,0.0
2021-04-21 10:11:45+00:00,0.0
2021-04-11 05:14:19+00:00,2.0
2021-04-17 18:03:51+00:00,1.0
2021-04-07 09:46:48+00:00,1.0
2021-04-21 13:04:01+00:00,0.0
2021-04-19 06:50:27+00:00,2.0
2021-04-18 07:50:53+00:00,1.0
2021-04-28 16:09:09+00:00,1.0
2021-04-12 11:44:14+00:00,2.0
2021-04-23 17:32:23+00:00,1.0
2021-04-10 15:37:13+00:00,133.0
2021-05-01 04:07:41+00:00,0.0
2021-04-25 23:57:26+00:00,0.0
2021-04-16 19:07:03+00:00,0.0
2021-04-10 23:04:56+00:00,1.0
2021-04-28 15:00:28+00:00,1.0
2021-04-20 12:56:16+00:00,1.0
2021-04-10 13:44:01+00:00,1.95
2021-04-16 08:37:26+00:00,2.0
2021-04-06 22:26:45+00:00,1.0
2021-04-28 13:15:44+00:00,1.0
2021-04-19 13:09:50+00:00,2.0
2021-04-13 11:56:10+00:00,1.0
2021-04-18 17:50:09+00:00,1.0
2021-04-24 02:07:01+00:00,1.0
2021-04-27 06:02:33+00:00,0.0
2021-04-14 23:29:16+00:00,2.0
2021-05-01 02:21:36+00:00,0.0
2021-04-17 11:56:40+00:00,0.0
2021-04-06 11:26:49+00:00,1.0
2021-04-23 23:01:04+00:00,1.0
2021-04-11 21:40:42+00:00,1.0
2021-04-28 16:55:20+00:00,1.0
2021-04-14 11:54:49+00:00,1.0
2021-04-15 23:16:13+00:00,2.0
2021-04-26 22:11:22+00:00,0.0
2021-04-08 03:03:08+00:00,1.0
2021-04-16 00:03:40+00:00,1.0
2021-04-06 00:05:44+00:00,1.0
2021-04-26 06:36:43+00:00,0.0
2021-04-30 18:03:24+00:00,0.0
2021-05-03 21:41:18+00:00,1.0
2021-04-20 03:39:22+00:00,2.0
2021-04-05 20:00:34+00:00,1.0
2021-04-11 07:26:56+00:00,1.0
2021-05-01 11:40:36+00:00,0.0
2021-04-05 19:16:55+00:00,1.0
2021-04-23 18:55:42+00:00,1.0
2021-04-07 04:10:50+00:00,1.0
2021-05-01 08:06:38+00:00,0.0
2021-04-26 04:57:42+00:00,0.0
2021-04-27 10:03:23+00:00,0.0
2021-04-10 06:45:34+00:00,1.95
2021-04-25 04:22:40+00:00,1.0
2021-04-16 13:05:20+00:00,1.0
2021-04-09 09:18:17+00:00,1.0
2021-04-13 17:34:42+00:00,1.0
2021-04-26 22:15:44+00:00,0.0
2021-04-14 14:23:16+00:00,1.0
2021-04-27 15:22:17+00:00,0.0
2021-04-08 01:44:42+00:00,1.0
2021-04-10 16:01:57+00:00,9.0
2021-04-27 02:00:56+00:00,0.0
2021-04-24 05:53:27+00:00,1.0
2021-04-08 15:41:43+00:00,1.0
2021-04-07 20:17:54+00:00,1.0
2021-04-05 20:37:46+00:00,1.0
2021-05-02 16:39:32+00:00,1.0
2021-04-14 01:03:28+00:00,1.0
2021-04-14 03:49:39+00:00,1.0
2021-04-20 07:56:31+00:00,1.0
2021-05-01 23:35:33+00:00,0.0
2021-04-23 06:35:59+00:00,6.0
2021-05-02 14:27:10+00:00,1.0
2021-04-10 19:40:14+00:00,1.0
2021-04-23 10:35:28+00:00,2451.0
2021-04-28 22:33:09+00:00,0.0
2021-04-26 17:23:23+00:00,0.0
2021-05-02 13:41:28+00:00,89.0
2021-04-13 21:05:40+00:00,2.0
2021-04-26 03:25:29+00:00,0.0
2021-04-26 06:59:13+00:00,0.0
2021-04-13 05:42:05+00:00,1.0
2021-05-02 06:17:42+00:00,0.0
2021-04-12 02:27:21+00:00,2.0
2021-04-16 22:26:43+00:00,0.0
2021-04-27 06:37:53+00:00,0.0
2021-04-26 11:41:52+00:00,0.0
2021-04-17 02:44:29+00:00,0.0
2021-04-07 01:20:25+00:00,1.0
2021-04-22 17:58:31+00:00,0.0
2021-04-27 01:56:03+00:00,0.0
2021-04-08 19:49:12+00:00,1.0
2021-05-03 08:34:20+00:00,1.0
2021-04-15 14:39:32+00:00,1.0
2021-04-09 22:37:35+00:00,1.95
2021-04-21 12:52:40+00:00,0.0
2021-04-15 18:52:58+00:00,1.0
2021-04-10 06:58:04+00:00,1.95
2021-04-19 16:52:32+00:00,1.0
2021-04-22 16:52:57+00:00,0.0
2021-04-17 12:20:54+00:00,0.0
2021-04-11 09:17:23+00:00,1.0
2021-04-07 08:04:36+00:00,1.0
2021-04-08 09:40:25+00:00,37.0
2021-04-13 07:49:04+00:00,1.0
2021-04-25 16:03:14+00:00,1.0
2021-04-22 00:47:02+00:00,0.0
2021-04-09 00:14:29+00:00,2.0
2021-04-13 20:58:33+00:00,2.0
2021-04-19 04:43:13+00:00,2.0
2021-04-21 19:59:51+00:00,2.0
2021-05-02 20:14:40+00:00,1.0
2021-04-24 11:38:20+00:00,1.0
2021-04-12 14:01:38+00:00,1.0
2021-04-13 06:49:27+00:00,1.0
2021-04-25 23:48:01+00:00,0.0
2021-04-24 15:42:56+00:00,1.0
2021-04-17 15:31:32+00:00,0.0
2021-05-02 18:47:33+00:00,1.0
2021-04-28 19:17:31+00:00,1.0
2021-04-20 18:41:04+00:00,1.0
2021-04-29 14:21:33+00:00,0.0
2021-04-25 20:01:03+00:00,0.0
2021-04-27 21:34:25+00:00,0.0
2021-04-12 03:41:26+00:00,2.0
2021-04-30 18:31:36+00:00,0.0
2021-04-05 12:35:28+00:00,1.0
2021-04-29 08:32:31+00:00,0.0
2021-04-17 01:12:43+00:00,0.0
2021-04-05 04:35:29+00:00,1.0
2021-04-13 17:17:06+00:00,1.0
2021-04-12 20:25:36+00:00,1.0
2021-04-16 10:11:22+00:00,1.0
2021-04-27 00:15:37+00:00,0.0
2021-04-18 15:29:18+00:00,1.0
2021-04-16 05:09:04+00:00,2.0
2021-04-24 05:30:46+00:00,1.0
2021-04-21 17:25:20+00:00,5.0
2021-05-03 18:42:48+00:00,1.0
2021-04-08 07:45:48+00:00,1.0
2021-04-20 05:35:16+00:00,1.0
2021-04-29 08:03:31+00:00,0.0
2021-04-21 07:11:04+00:00,0.0
2021-04-18 12:16:31+00:00,2.0
2021-04-12 21:29:08+00:00,1.0
2021-04-08 23:54:18+00:00,1.0
2021-04-29 03:43:46+00:00,0.0
2021-04-09 02:40:43+00:00,1.0
2021-04-21 12:19:27+00:00,0.0
2021-04-08 13:30:52+00:00,1.0
2021-04-06 23:46:04+00:00,1.0
2021-04-09 19:07:39+00:00,1.0
2021-04-26 07:21:15+00:00,0.0
2021-04-26 06:20:43+00:00,0.0
2021-05-02 17:03:46+00:00,1.0
2021-04-05 04:21:12+00:00,1.0
2021-04-08 03:14:05+00:00,1.0
2021-04-16 01:35:02+00:00,1.0
2021-04-26 20:05:50+00:00,0.0
2021-05-01 21:45:18+00:00,0.0
2021-04-27 03:31:26+00:00,0.0
2021-04-16 21:20:21+00:00,0.0
2021-04-06 20:17:45+00:00,1.0
2021-04-08 13:49:36+00:00,1.0
2021-04-18 10:55:56+00:00,1.0
2021-04-05 16:03:29+00:00,1.0
2021-05-01 20:42:59+00:00,0.0
2021-04-11 22:22:52+00:00,1.0
2021-04-29 06:09:52+00:00,0.0
2021-04-28 02:06:54+00:00,0.0
2021-04-29 11:18:06+00:00,0.0
2021-04-16 19:44:13+00:00,0.0
2021-04-15 05:10:02+00:00,2.0
2021-04-14 11:56:37+00:00,1.0
2021-04-23 11:23:27+00:00,91.0
2021-04-22 10:06:29+00:00,0.0
2021-04-19 06:46:26+00:00,1.0
2021-04-21 18:27:18+00:00,1.0
2021-04-26 07:06:26+00:00,0.0
2021-04-06 07:32:51+00:00,1.0
2021-05-02 13:53:16+00:00,136.0
2021-04-27 05:20:24+00:00,0.0
2021-04-14 09:25:38+00:00,1.0
2021-04-13 21:00:37+00:00,2.0
2021-04-17 21:24:43+00:00,1.0
2021-05-01 15:57:42+00:00,0.0
2021-04-25 11:03:57+00:00,1.0
2021-04-13 22:55:45+00:00,1.0
2021-05-03 20:02:39+00:00,1.0
2021-04-25 12:01:57+00:00,1.0
2021-04-23 14:31:24+00:00,152.0
2021-04-23 20:03:26+00:00,1.0
2021-04-27 12:21:10+00:00,0.0
2021-04-19 00:37:27+00:00,1.0
2021-04-17 00:32:13+00:00,0.0
2021-05-03 04:45:53+00:00,1.0
2021-04-19 03:35:46+00:00,2.0
2021-04-21 20:27:08+00:00,1.0
2021-04-14 01:19:30+00:00,1.0
2021-04-05 16:48:12+00:00,1.0
2021-04-09 05:47:50+00:00,1.0
2021-04-22 00:10:12+00:00,0.0
2021-04-12 21:50:23+00:00,1.0
2021-04-28 17:47:15+00:00,1.0
2021-04-15 21:34:53+00:00,1.0
2021-04-15 10:02:38+00:00,1.0
2021-04-10 12:07:00+00:00,1.95
2021-05-03 18:18:53+00:00,1.0
2021-04-10 10:30:35+00:00,1.95
2021-04-21 20:04:05+00:00,1.0
2021-04-27 05:28:25+00:00,0.0
2021-04-20 04:26:48+00:00,2.0
2021-04-25 18:15:46+00:00,1.0
2021-05-03 06:01:37+00:00,1.0
2021-04-06 13:44:21+00:00,1.0
2021-05-02 12:03:41+00:00,0.0
2021-04-27 18:51:14+00:00,0.0
2021-04-24 18:52:00+00:00,1.0
2021-05-02 03:10:38+00:00,0.0
2021-04-13 03:04:04+00:00,1.0
2021-04-17 12:35:14+00:00,0.0
2021-04-12 08:59:20+00:00,2.0
2021-04-19 12:21:05+00:00,2.0
2021-04-29 17:10:26+00:00,0.0
2021-04-23 17:57:16+00:00,1.0
2021-04-09 23:34:30+00:00,1.95
2021-04-07 07:05:31+00:00,1.0
2021-04-20 09:57:52+00:00,1.0
2021-04-22 10:08:46+00:00,0.0
2021-04-20 12:48:02+00:00,1.0
2021-05-01 22:33:09+00:00,0.0
2021-04-14 04:16:24+00:00,2.0
2021-04-07 18:51:46+00:00,1.0
2021-04-15 13:52:21+00:00,2.0
2021-04-26 03:46:43+00:00,0.0
2021-04-22 10:26:14+00:00,0.0
2021-04-27 23:12:39+00:00,0.0
2021-04-27 11:53:26+00:00,0.0
2021-04-24 11:07:04+00:00,1.0
2021-04-05 10:38:12+00:00,1.0
2021-04-30 11:10:32+00:00,0.0
2021-04-29 13:17:47+00:00,0.0
2021-04-14 23:20:30+00:00,2.0
2021-04-21 14:04:57+00:00,0.0
2021-04-15 00:29:15+00:00,2.0
2021-05-01 03:38:35+00:00,0.0
2021-04-19 22:09:33+00:00,1.0
2021-04-25 14:32:18+00:00,1.0
2021-04-29 02:43:26+00:00,0.0
2021-05-02 01:30:27+00:00,0.0
2021-04-17 12:59:28+00:00,0.0
2021-04-14 06:16:20+00:00,1.0
2021-04-09 11:41:14+00:00,1.0
2021-04-18 00:48:15+00:00,2.0
2021-04-13 01:32:56+00:00,1.0
2021-04-18 19:55:02+00:00,1.0
2021-04-12 16:05:16+00:00,1.0
2021-04-19 06:22:37+00:00,1.0
2021-04-19 01:40:35+00:00,1.0
2021-04-20 07:49:45+00:00,2.0
2021-04-08 17:17:41+00:00,1.0
2021-04-08 11:20:14+00:00,1.0
2021-04-24 02:33:32+00:00,1.0
2021-04-15 23:47:34+00:00,2.0
2021-04-07 01:59:11+00:00,1.0
2021-05-01 12:55:30+00:00,0.0
2021-04-23 06:54:21+00:00,5.0
2021-04-13 05:36:28+00:00,1.0
2021-04-08 16:07:55+00:00,1.0
2021-04-22 08:55:22+00:00,0.0
2021-05-02 21:51:20+00:00,1.0
2021-04-26 11:11:03+00:00,0.0
2021-04-09 04:34:24+00:00,1.0
2021-04-27 07:36:17+00:00,0.0
2021-04-14 05:09:23+00:00,2.0
2021-04-16 06:55:04+00:00,1.0
2021-04-16 21:19:07+00:00,0.0
2021-04-20 08:08:43+00:00,2.0
2021-04-05 00:53:08+00:00,1.0
2021-04-09 17:31:03+00:00,2.0
2021-05-01 04:41:03+00:00,0.0
2021-05-03 18:03:17+00:00,1.0
2021-04-27 03:46:50+00:00,0.0
2021-04-10 08:43:50+00:00,1.95
2021-04-09 07:14:18+00:00,1.0
2021-04-23 06:48:26+00:00,5.0
2021-04-06 11:55:26+00:00,1.0
2021-05-01 01:17:39+00:00,0.0
2021-05-01 10:52:08+00:00,0.0
2021-04-22 03:45:00+00:00,0.0
2021-04-05 05:10:24+00:00,1.0
2021-05-03 21:28:38+00:00,1.0
2021-05-02 10:44:55+00:00,0.0
2021-04-15 08:50:00+00:00,13.0
2021-04-27 00:30:32+00:00,0.0
2021-04-17 20:19:18+00:00,1.0
2021-04-25 19:28:10+00:00,0.0
2021-05-02 12:44:26+00:00,0.0
2021-04-22 06:51:43+00:00,0.0
2021-04-12 08:41:12+00:00,1.0
2021-04-11 00:53:57+00:00,1.0
2021-04-18 18:43:53+00:00,2.0
2021-04-17 01:29:40+00:00,0.0
2021-04-26 06:38:02+00:00,0.0
2021-05-02 18:55:40+00:00,1.0
2021-05-01 01:36:49+00:00,0.0
2021-04-05 05:52:19+00:00,1.0
2021-04-26 14:18:17+00:00,0.0
2021-04-30 11:19:04+00:00,0.0
2021-04-20 02:59:01+00:00,2.0
2021-04-19 01:07:02+00:00,1.0
2021-04-24 18:40:52+00:00,1.0
2021-04-10 03:07:10+00:00,1.95
2021-05-01 14:48:41+00:00,0.0
2021-04-11 12:34:59+00:00,2.0
2021-04-21 20:45:25+00:00,2.0
2021-04-22 10:22:44+00:00,0.0
2021-04-09 08:42:13+00:00,1.0
2021-04-15 13:46:43+00:00,1.0
2021-04-06 21:54:35+00:00,1.0
2021-04-16 05:03:39+00:00,2.0
2021-04-11 17:46:07+00:00,2.0
2021-04-10 00:24:01+00:00,1.95
2021-04-30 17:19:44+00:00,0.0
2021-04-29 05:58:48+00:00,0.0
2021-04-16 04:33:32+00:00,2.0
2021-04-26 01:28:37+00:00,0.0
2021-05-01 17:17:20+00:00,0.0
2021-04-08 11:47:52+00:00,1.0
2021-04-05 11:52:50+00:00,1.0
2021-04-13 21:15:34+00:00,1.0
2021-04-21 21:14:23+00:00,1.0
2021-04-15 09:07:57+00:00,2351.0
2021-04-09 19:26:51+00:00,1.0
2021-04-23 05:51:13+00:00,3.0
2021-04-13 23:31:55+00:00,2.0
2021-04-16 14:18:45+00:00,1.0
2021-04-15 16:45:54+00:00,1.0
2021-05-01 21:19:54+00:00,0.0
2021-04-30 16:29:37+00:00,0.0
2021-04-19 11:14:57+00:00,1.0
2021-04-15 05:23:16+00:00,1.0
2021-05-01 22:30:33+00:00,0.0
2021-04-12 12:29:09+00:00,1.0
2021-04-25 09:41:27+00:00,7.0
2021-04-06 11:30:09+00:00,1.0
2021-04-08 17:23:36+00:00,1.0
2021-04-13 20:31:37+00:00,1.0
2021-04-23 16:02:11+00:00,1.0
2021-04-19 03:39:32+00:00,2.0
2021-04-21 04:27:08+00:00,0.0
2021-04-13 10:34:52+00:00,1.0
2021-04-30 09:46:45+00:00,0.0
2021-04-14 00:58:27+00:00,2.0
2021-04-26 16:09:47+00:00,0.0
2021-04-24 23:45:02+00:00,1.0
2021-04-14 06:27:08+00:00,2.0
2021-04-10 07:54:10+00:00,1.95
2021-04-05 10:15:41+00:00,1.0
2021-05-03 04:18:57+00:00,1.0
2021-04-27 15:28:13+00:00,0.0
2021-04-11 11:27:40+00:00,2.0
2021-04-16 10:55:51+00:00,1.0
2021-04-09 06:58:32+00:00,1.0
2021-04-15 21:09:30+00:00,2.0
2021-04-06 01:33:50+00:00,1.0
2021-04-28 05:15:16+00:00,0.0
2021-04-11 05:13:41+00:00,1.0
2021-04-16 07:49:03+00:00,2.0
2021-04-11 12:02:53+00:00,1.0
2021-05-02 14:29:04+00:00,1.0
2021-04-16 08:32:46+00:00,1.0
2021-04-23 10:18:10+00:00,1.0
2021-04-11 02:32:00+00:00,2.0
2021-05-01 12:48:12+00:00,0.0
2021-04-15 14:26:04+00:00,1.0
2021-05-01 06:02:11+00:00,0.0
2021-04-19 18:56:07+00:00,1.0
2021-04-30 06:55:54+00:00,0.0
2021-04-16 16:55:30+00:00,1.0
2021-04-09 20:26:02+00:00,1.0
2021-04-26 21:00:15+00:00,0.0
2021-05-01 00:04:53+00:00,0.0
2021-05-03 03:41:00+00:00,1.0
2021-04-21 13:44:24+00:00,0.0
2021-04-25 17:49:10+00:00,1.0
2021-04-23 20:08:29+00:00,1.0
2021-04-12 05:52:21+00:00,1.0
2021-04-25 11:07:52+00:00,1.0
2021-04-09 10:26:06+00:00,1.0
2021-04-07 09:06:03+00:00,1.0
2021-04-20 17:29:05+00:00,1.0
2021-04-17 03:02:34+00:00,0.0
2021-04-11 07:02:05+00:00,1.0
2021-04-08 20:36:29+00:00,1.0
2021-04-08 23:57:19+00:00,2.0
2021-04-08 04:38:58+00:00,1.0
2021-04-26 02:11:07+00:00,0.0
2021-04-29 01:41:46+00:00,0.0
2021-04-12 20:16:48+00:00,1.0
2021-05-02 17:30:20+00:00,1.0
2021-05-01 18:45:08+00:00,0.0
2021-04-04 23:40:57+00:00,1.0
2021-04-29 01:09:40+00:00,0.0
2021-04-12 06:23:45+00:00,2.0
2021-05-02 05:14:49+00:00,0.0
2021-04-05 22:37:30+00:00,1.0
2021-04-15 19:54:34+00:00,1.0
2021-04-18 02:19:28+00:00,2.0
2021-04-28 00:31:41+00:00,0.0
2021-04-21 07:50:53+00:00,0.0
2021-04-07 11:38:32+00:00,1.0
2021-04-06 13:53:18+00:00,1.0
2021-04-28 21:41:32+00:00,1.0
2021-04-17 16:22:42+00:00,0.0
2021-05-03 07:45:38+00:00,1.0
2021-04-25 10:22:37+00:00,1.0
2021-04-10 13:36:15+00:00,1.95
2021-04-19 20:34:59+00:00,1.0
2021-04-09 15:29:28+00:00,1.0
2021-04-08 05:47:29+00:00,1.0
2021-04-06 08:52:02+00:00,1.0
2021-04-08 10:08:26+00:00,31.0
2021-04-08 08:05:27+00:00,1.0
2021-04-05 20:29:02+00:00,1.0
2021-04-21 01:41:49+00:00,0.0
2021-04-28 17:15:04+00:00,1.0
2021-04-06 16:46:52+00:00,1.0
2021-04-23 00:18:57+00:00,3.0
2021-04-28 16:19:48+00:00,1.0
2021-05-03 20:41:30+00:00,1.0
2021-04-11 00:27:54+00:00,2.0
2021-04-13 12:09:49+00:00,1.0
2021-04-24 09:43:10+00:00,1.0
2021-04-09 06:49:48+00:00,1.0
2021-04-12 13:54:13+00:00,1.0
2021-04-15 18:59:01+00:00,2.0
2021-04-07 18:31:41+00:00,1.0
2021-04-27 13:30:20+00:00,0.0
2021-04-29 08:48:12+00:00,0.0
2021-04-20 14:43:41+00:00,2.0
2021-05-02 03:54:36+00:00,0.0
2021-04-27 16:37:17+00:00,0.0
2021-04-29 09:47:45+00:00,0.0
2021-04-11 06:10:33+00:00,1.0
2021-04-23 07:08:44+00:00,3.0
2021-04-17 04:19:33+00:00,0.0
2021-04-23 15:23:16+00:00,1.0
2021-04-10 01:38:58+00:00,1.95
2021-04-08 19:38:47+00:00,1.0
2021-05-03 20:36:49+00:00,1.0
2021-05-02 16:21:16+00:00,1.0
2021-04-05 12:36:31+00:00,1.0
2021-04-14 13:31:08+00:00,1.0
2021-04-29 04:25:49+00:00,0.0
2021-04-22 12:57:59+00:00,0.0
2021-04-12 09:11:25+00:00,1.0
2021-04-19 13:28:58+00:00,1.5
2021-04-13 17:12:05+00:00,2.0
2021-04-19 11:48:32+00:00,1.0
2021-04-17 08:48:10+00:00,0.0
2021-04-16 19:06:41+00:00,0.0
2021-04-08 05:26:02+00:00,1.0
2021-04-27 07:56:29+00:00,0.0
2021-04-28 14:41:32+00:00,1.0
2021-04-08 16:20:40+00:00,1.0
2021-04-21 00:17:21+00:00,0.0
2021-04-22 11:15:51+00:00,0.0
2021-04-17 23:50:30+00:00,1.0
2021-05-03 05:43:22+00:00,1.0
2021-04-27 02:03:31+00:00,0.0
2021-04-06 04:48:35+00:00,1.0
2021-04-11 11:11:42+00:00,2.0
2021-04-21 00:57:37+00:00,0.0
2021-04-25 06:13:23+00:00,1.0
2021-04-16 02:51:49+00:00,1.0
2021-04-23 19:29:31+00:00,1.0
2021-04-18 19:38:42+00:00,2.0
2021-04-21 15:39:09+00:00,75.0
2021-04-18 12:19:47+00:00,2.0
2021-04-29 14:34:19+00:00,0.0
2021-04-27 16:38:08+00:00,0.0
2021-04-16 02:12:05+00:00,2.0
2021-04-10 05:12:33+00:00,1.95
2021-04-07 00:43:01+00:00,1.0
2021-04-07 16:19:28+00:00,1.0
2021-04-23 10:00:36+00:00,34.0
2021-04-05 18:19:34+00:00,1.0
2021-04-08 14:02:48+00:00,1.0
2021-04-11 17:01:17+00:00,2.0
2021-04-10 15:39:44+00:00,131.0
2021-04-26 09:59:28+00:00,0.0
2021-04-10 05:52:56+00:00,1.95
2021-04-09 07:33:18+00:00,2.0
2021-04-09 01:37:50+00:00,2.0
2021-04-23 17:40:34+00:00,1.0
2021-04-16 17:07:07+00:00,1.0
2021-04-22 08:34:23+00:00,0.0
2021-04-14 16:31:52+00:00,1.0
2021-04-17 03:33:09+00:00,0.0
2021-04-14 07:18:57+00:00,1.0
2021-04-22 15:43:46+00:00,0.0
2021-04-20 12:15:01+00:00,1.0
2021-04-29 00:24:22+00:00,0.0
2021-04-26 22:47:32+00:00,0.0
2021-04-30 04:29:52+00:00,0.0
2021-04-30 12:05:13+00:00,0.0
2021-04-08 01:48:36+00:00,1.0
2021-04-24 23:54:43+00:00,1.0
2021-04-06 08:53:13+00:00,1.0
2021-04-24 15:21:02+00:00,1.0
2021-04-26 15:25:50+00:00,0.0
2021-04-14 15:03:36+00:00,2.0
2021-04-14 12:18:45+00:00,2.0
2021-04-25 04:52:27+00:00,1.0
2021-05-01 11:06:05+00:00,0.0
2021-04-26 05:17:49+00:00,0.0
2021-04-10 14:51:19+00:00,1.95
2021-05-03 02:55:08+00:00,1.0
2021-04-29 12:43:43+00:00,0.0
2021-04-12 04:14:07+00:00,2.0
2021-04-20 21:24:05+00:00,1.0
2021-04-06 16:09:18+00:00,1.0
2021-04-12 06:17:18+00:00,1.0
2021-04-07 11:07:13+00:00,1.0
2021-04-12 20:39:45+00:00,1.0
2021-04-10 23:58:54+00:00,1.0
2021-04-23 19:57:46+00:00,1.0
2021-04-09 14:56:41+00:00,1.0
2021-04-14 07:42:42+00:00,1.0
2021-05-03 03:54:31+00:00,1.0
2021-04-07 10:14:08+00:00,1.0
2021-04-10 03:44:07+00:00,1.95
2021-04-11 19:53:49+00:00,1.0
2021-04-10 04:14:04+00:00,1.95
2021-04-07 09:20:08+00:00,1.0
2021-04-13 02:55:17+00:00,1.0
2021-04-10 15:04:30+00:00,2395.0
2021-04-07 03:51:30+00:00,1.0
2021-04-12 23:28:51+00:00,1.0
2021-04-14 13:18:45+00:00,1.0
2021-04-30 11:45:18+00:00,0.0
2021-04-24 10:33:08+00:00,1.0
2021-04-07 03:14:43+00:00,1.0
2021-04-09 21:23:40+00:00,1.0
2021-04-23 16:14:57+00:00,1.0
2021-04-23 11:57:40+00:00,189.0
2021-04-23 07:03:16+00:00,3.0
2021-04-30 12:28:51+00:00,0.0
2021-04-12 22:45:29+00:00,1.0
2021-04-14 09:46:46+00:00,1.0
2021-04-23 18:36:44+00:00,1.0
2021-04-06 23:51:22+00:00,1.0
2021-04-22 00:29:50+00:00,0.0
2021-04-06 04:34:45+00:00,1.0
2021-04-11 21:14:02+00:00,1.0
2021-04-14 11:23:37+00:00,1.0
2021-04-07 22:15:48+00:00,1.0
2021-04-24 02:11:57+00:00,1.0
2021-04-12 05:03:02+00:00,1.0
2021-04-11 07:24:50+00:00,1.5
2021-04-29 00:00:48+00:00,0.0
2021-05-03 17:43:31+00:00,1.0
2021-04-19 07:12:09+00:00,2.0
2021-04-18 19:04:19+00:00,1.0
2021-05-02 02:29:44+00:00,0.0
2021-04-13 19:55:33+00:00,1.0
2021-04-24 18:12:09+00:00,1.0
2021-04-22 12:00:23+00:00,0.0
2021-04-19 03:35:58+00:00,2.0
2021-04-14 01:51:06+00:00,1.0
2021-04-26 23:12:39+00:00,0.0
2021-05-02 11:12:17+00:00,0.0
2021-04-21 02:45:53+00:00,0.0
2021-04-12 11:02:22+00:00,1.0
2021-04-20 10:34:21+00:00,1.0
2021-04-12 13:53:27+00:00,1.0
2021-04-10 15:31:24+00:00,17.0
2021-04-29 01:38:25+00:00,0.0
2021-04-21 19:22:34+00:00,2.0
2021-04-24 00:46:49+00:00,1.0
2021-05-01 03:10:47+00:00,0.0
2021-05-03 17:44:27+00:00,1.0
2021-04-09 18:02:48+00:00,1.0
2021-04-26 15:51:14+00:00,0.0
2021-04-28 11:00:29+00:00,1.0
2021-04-21 17:59:38+00:00,1.0
2021-04-17 13:46:58+00:00,0.0
2021-04-07 15:55:46+00:00,1.0
2021-04-21 14:14:19+00:00,0.0
2021-04-08 11:48:25+00:00,1.0
2021-04-14 02:03:05+00:00,2.0
2021-04-05 14:10:05+00:00,1.0
2021-04-19 01:15:08+00:00,1.0
2021-04-29 01:27:24+00:00,0.0
2021-04-24 21:56:05+00:00,1.0
2021-04-27 12:22:28+00:00,0.0
2021-05-02 18:42:51+00:00,1.0
2021-05-01 21:33:24+00:00,0.0
2021-04-04 22:25:42+00:00,1.0
2021-04-22 05:42:31+00:00,0.0
2021-05-01 01:28:19+00:00,0.0
2021-05-02 23:18:40+00:00,1.0
2021-04-10 12:59:05+00:00,1.95
2021-04-28 20:03:42+00:00,1.0
2021-04-29 19:23:24+00:00,0.0
2021-04-13 14:11:16+00:00,1.0
2021-04-28 09:32:26+00:00,5.0
2021-04-14 17:03:37+00:00,1.0
2021-04-08 18:50:33+00:00,2.0
2021-04-08 17:51:18+00:00,1.0
2021-04-30 11:50:08+00:00,0.0
2021-04-22 12:09:33+00:00,0.0
2021-04-19 19:27:29+00:00,1.0
2021-04-06 16:52:41+00:00,1.0
2021-04-05 07:41:43+00:00,1.0
2021-04-15 01:32:19+00:00,2.0
2021-05-02 17:31:36+00:00,1.0
2021-04-19 07:40:31+00:00,2.0
2021-04-17 07:44:39+00:00,0.0
2021-04-29 18:38:31+00:00,0.0
2021-04-27 01:31:16+00:00,0.0
2021-04-25 22:44:27+00:00,0.0
2021-05-03 04:12:57+00:00,1.0
2021-04-19 04:58:01+00:00,2.0
2021-04-17 11:38:57+00:00,0.0
2021-04-10 23:31:03+00:00,2.0
2021-04-19 23:37:51+00:00,2.0
2021-04-08 01:10:55+00:00,1.0
2021-04-15 18:56:54+00:00,2.0
2021-04-28 15:12:25+00:00,1.0
2021-04-09 16:39:36+00:00,1.0
2021-04-27 10:57:23+00:00,0.0
2021-04-28 02:32:26+00:00,0.0
2021-05-02 14:46:52+00:00,1.0
2021-05-01 19:10:41+00:00,0.0
2021-05-02 14:09:10+00:00,127.0
2021-04-11 03:19:22+00:00,1.0
2021-04-11 16:06:52+00:00,2.0
2021-04-29 04:21:33+00:00,0.0
2021-04-19 04:54:20+00:00,1.0
2021-04-11 13:03:57+00:00,1.0
2021-04-19 07:55:50+00:00,2.0
2021-04-24 06:53:52+00:00,1.0
2021-04-14 23:52:18+00:00,1.0
2021-05-03 10:42:17+00:00,1.0
2021-04-11 20:01:53+00:00,1.0
2021-04-11 12:09:30+00:00,1.0
2021-04-05 03:06:33+00:00,1.0
2021-05-01 05:18:21+00:00,0.0
2021-04-28 23:08:00+00:00,0.0
2021-04-19 21:45:21+00:00,1.0
2021-04-25 08:27:07+00:00,1.0
2021-04-29 22:30:36+00:00,0.0
2021-04-12 22:50:36+00:00,1.0
2021-04-07 15:21:31+00:00,1.0
2021-05-03 18:09:27+00:00,1.0
2021-05-02 09:41:17+00:00,0.0
2021-04-29 11:33:31+00:00,0.0
2021-05-03 18:11:00+00:00,1.0
2021-04-05 14:25:45+00:00,1.0
2021-04-12 14:36:59+00:00,1.0
2021-04-14 19:59:00+00:00,1.0
2021-04-05 10:06:45+00:00,1.0
2021-04-16 08:11:29+00:00,1.0
2021-04-21 12:06:19+00:00,0.0
2021-04-25 02:12:46+00:00,1.0
2021-04-21 18:17:21+00:00,2.0
2021-04-24 07:55:30+00:00,1.0
2021-04-14 23:00:08+00:00,2.0
2021-04-25 02:39:23+00:00,1.0
2021-05-03 12:08:32+00:00,1.0
2021-04-17 15:32:25+00:00,0.0
2021-05-02 10:04:24+00:00,0.0
2021-04-11 15:31:58+00:00,1.0
2021-04-17 20:33:39+00:00,1.0
2021-05-02 22:10:10+00:00,2.0
2021-04-25 01:59:45+00:00,1.0
2021-04-22 19:49:51+00:00,0.0
2021-04-21 19:29:23+00:00,1.0
2021-04-19 03:33:09+00:00,2.0
2021-04-13 05:13:49+00:00,1.0
2021-04-27 04:52:43+00:00,0.0
2021-04-29 09:34:16+00:00,0.0
2021-04-24 08:11:45+00:00,1.0
2021-04-11 00:09:16+00:00,1.0
2021-05-02 16:51:50+00:00,1.0
2021-04-12 22:11:02+00:00,1.0
2021-04-17 00:21:48+00:00,0.0
2021-04-13 23:10:36+00:00,1.0
2021-04-18 17:29:07+00:00,2.0
2021-04-06 08:08:12+00:00,1.0
2021-04-28 17:53:17+00:00,1.0
2021-04-13 03:19:55+00:00,1.0
2021-04-16 22:58:19+00:00,0.0
2021-04-11 16:34:21+00:00,1.0
2021-04-19 15:47:52+00:00,1.0
2021-04-12 03:22:47+00:00,1.0
2021-04-16 22:29:04+00:00,0.0
2021-04-20 10:31:55+00:00,2.0
2021-04-10 16:31:31+00:00,144.0
2021-04-05 00:02:57+00:00,1.0
2021-05-01 01:41:58+00:00,0.0
2021-04-24 04:49:41+00:00,1.0
2021-04-14 08:20:06+00:00,2.0
2021-04-10 11:52:35+00:00,1.95
2021-04-29 21:55:35+00:00,0.0
2021-04-28 17:49:35+00:00,1.0
2021-04-05 06:12:17+00:00,1.0
2021-04-29 12:04:42+00:00,0.0
2021-05-01 04:50:53+00:00,0.0
2021-04-15 10:50:18+00:00,1.0
2021-05-01 16:44:31+00:00,0.0
2021-04-30 11:28:26+00:00,0.0
2021-04-30 22:44:34+00:00,0.0
2021-04-30 20:44:09+00:00,0.0
2021-05-02 10:53:02+00:00,0.0
2021-04-12 03:54:01+00:00,2.0
2021-04-18 09:51:49+00:00,1.0
2021-04-25 21:16:43+00:00,0.0
2021-04-13 02:32:52+00:00,1.0
2021-04-11 15:17:05+00:00,1.0
2021-04-05 20:09:52+00:00,1.0
2021-04-24 13:47:45+00:00,1.0
2021-04-16 04:56:43+00:00,2.0
2021-04-27 14:34:28+00:00,0.0
2021-04-27 01:46:28+00:00,0.0
2021-04-12 21:44:59+00:00,1.0
2021-04-16 22:00:52+00:00,0.0
2021-04-14 03:43:31+00:00,1.0
2021-04-19 15:12:55+00:00,1.0
2021-04-27 18:32:05+00:00,0.0
2021-04-23 23:44:54+00:00,1.0
2021-04-20 19:33:16+00:00,2.0
2021-04-09 21:32:17+00:00,1.0
2021-04-21 07:29:39+00:00,0.0
2021-04-12 14:50:56+00:00,1.0
2021-04-11 13:15:34+00:00,1.0
2021-04-14 15:04:42+00:00,2.0
2021-05-02 09:46:47+00:00,0.0
2021-04-14 11:53:25+00:00,1.0
2021-04-06 12:21:45+00:00,1.0
2021-04-26 11:00:54+00:00,0.0
2021-04-26 07:10:23+00:00,0.0
2021-04-28 05:05:15+00:00,0.0
2021-05-02 00:10:00+00:00,0.0
2021-04-11 20:28:03+00:00,1.0
2021-05-02 19:08:09+00:00,1.0
2021-05-01 10:40:18+00:00,0.0
2021-04-17 16:37:51+00:00,0.0
2021-04-17 02:05:39+00:00,0.0
2021-04-26 10:08:15+00:00,0.0
2021-04-07 04:36:26+00:00,1.0
2021-04-23 08:18:58+00:00,8.5
2021-04-15 06:49:30+00:00,1.0
2021-04-10 06:43:00+00:00,1.95
2021-04-22 02:02:55+00:00,0.0
2021-04-23 17:39:26+00:00,1.0
2021-04-12 13:38:52+00:00,1.0
2021-04-17 10:35:46+00:00,0.0
2021-04-26 22:45:39+00:00,0.0
2021-04-05 07:33:37+00:00,1.0
2021-04-10 10:07:40+00:00,1.95
2021-04-27 18:37:48+00:00,0.0
2021-04-28 09:02:27+00:00,102.0
2021-04-13 17:15:35+00:00,1.0
2021-05-01 09:52:44+00:00,0.0
2021-04-25 03:12:37+00:00,1.0
2021-05-02 15:17:41+00:00,1.0
2021-04-18 03:03:06+00:00,1.0
2021-05-03 11:22:15+00:00,1.0
2021-04-27 22:08:26+00:00,0.0
2021-04-13 00:36:32+00:00,1.0
2021-04-12 13:32:56+00:00,2.0
2021-04-17 13:23:28+00:00,0.0
2021-04-25 15:07:33+00:00,1.0
2021-04-16 18:33:21+00:00,0.0
2021-04-30 14:16:52+00:00,0.0
2021-05-01 22:01:36+00:00,0.0
2021-04-21 07:13:42+00:00,0.0
2021-04-18 20:37:34+00:00,1.0
2021-04-29 19:57:08+00:00,0.0
2021-04-22 08:35:18+00:00,0.0
2021-05-02 13:36:54+00:00,126.0
2021-05-02 17:55:38+00:00,1.0
2021-04-09 10:48:27+00:00,1.0
2021-05-01 00:37:32+00:00,0.0
2021-04-11 21:04:42+00:00,2.0
2021-04-24 08:07:00+00:00,1.0
2021-04-20 19:52:48+00:00,1.0
2021-04-06 08:23:12+00:00,1.0
2021-04-16 12:23:05+00:00,1.0
2021-05-03 03:47:05+00:00,1.0
2021-04-13 11:01:02+00:00,1.0
2021-04-07 01:59:56+00:00,1.0
2021-04-17 17:06:42+00:00,0.0
2021-04-24 16:11:01+00:00,1.0
2021-04-14 06:02:43+00:00,2.0
2021-04-22 18:51:50+00:00,0.0
2021-04-13 03:59:00+00:00,1.0
2021-04-07 17:17:59+00:00,1.0
2021-04-10 10:15:34+00:00,1.95
2021-04-10 17:32:30+00:00,5.0
2021-04-27 23:20:41+00:00,0.0
2021-04-15 14:20:13+00:00,1.0
2021-05-03 23:19:08+00:00,1.0
2021-04-19 23:39:30+00:00,2.0
2021-04-25 00:11:32+00:00,1.0
2021-04-05 18:17:25+00:00,1.0
2021-04-08 22:52:18+00:00,1.0
2021-04-16 14:21:01+00:00,1.0
2021-04-21 12:10:35+00:00,0.0
2021-04-16 12:22:44+00:00,2.0
2021-04-14 12:20:07+00:00,2.0
2021-04-05 05:23:14+00:00,1.0
2021-04-13 11:06:17+00:00,1.0
2021-04-09 07:31:13+00:00,1.0
2021-04-27 15:37:22+00:00,0.0
2021-04-16 07:46:33+00:00,1.0
2021-04-27 15:29:29+00:00,0.0
2021-04-14 09:56:53+00:00,1.0
2021-04-14 21:41:56+00:00,2.0
2021-04-27 19:16:46+00:00,0.0
2021-04-16 22:41:23+00:00,0.0
2021-04-27 14:26:48+00:00,0.0
2021-04-28 13:05:19+00:00,1.0
2021-04-06 10:53:38+00:00,1.0
2021-04-29 13:39:34+00:00,0.0
2021-04-11 05:18:57+00:00,2.0
2021-04-13 05:30:36+00:00,1.0
2021-04-12 19:13:56+00:00,1.0
2021-04-29 03:34:03+00:00,0.0
2021-04-10 22:02:35+00:00,2.0
2021-04-16 00:51:04+00:00,1.0
2021-04-30 19:47:15+00:00,0.0
2021-04-13 01:37:48+00:00,1.0
2021-05-01 02:10:51+00:00,0.0
2021-04-06 23:44:23+00:00,1.0
2021-04-05 00:08:35+00:00,1.0
2021-04-26 11:10:16+00:00,0.0
2021-04-07 11:02:31+00:00,1.0
2021-04-20 11:10:24+00:00,1.0
2021-04-11 22:59:53+00:00,1.0
2021-04-20 06:08:40+00:00,2.0
2021-04-19 01:53:42+00:00,1.0
2021-04-24 18:14:06+00:00,1.0
2021-05-01 19:13:03+00:00,0.0
2021-04-06 22:42:10+00:00,1.0
2021-04-18 03:42:23+00:00,2.0
2021-04-15 18:10:55+00:00,1.0
2021-04-23 02:50:33+00:00,3.0
2021-05-02 00:41:43+00:00,0.0
2021-05-02 02:26:29+00:00,0.0
2021-04-08 08:33:54+00:00,1.0
2021-04-06 11:17:54+00:00,1.0
2021-04-20 21:48:25+00:00,2.0
2021-05-03 01:41:58+00:00,1.0
2021-04-30 22:08:14+00:00,0.0
2021-04-30 11:03:28+00:00,0.0
2021-04-14 05:46:03+00:00,2.0
2021-04-28 23:40:01+00:00,0.0
2021-05-03 20:40:32+00:00,1.0
2021-04-21 10:45:19+00:00,0.0
2021-04-29 03:51:09+00:00,0.0
2021-04-29 02:21:26+00:00,0.0
2021-04-09 13:15:53+00:00,1.0
2021-04-09 08:45:20+00:00,2.0
2021-04-09 00:48:43+00:00,1.0
2021-04-29 10:36:35+00:00,0.0
2021-04-20 02:52:40+00:00,1.0
2021-05-02 16:29:14+00:00,1.0
2021-04-29 01:10:14+00:00,0.0
2021-04-06 09:03:48+00:00,1.0
2021-04-05 10:34:32+00:00,1.0
2021-04-10 08:33:30+00:00,1.95
2021-04-24 23:19:15+00:00,1.0
2021-04-17 20:00:02+00:00,1.0
2021-05-02 03:00:58+00:00,0.0
2021-04-28 18:41:22+00:00,1.0
2021-05-01 14:12:31+00:00,0.0
2021-04-24 03:18:59+00:00,1.0
2021-04-14 08:59:58+00:00,1.0
2021-04-22 18:09:53+00:00,0.0
2021-04-13 03:05:26+00:00,1.0
2021-04-13 07:40:53+00:00,1.0
2021-04-28 14:19:10+00:00,1.0
2021-04-20 20:39:52+00:00,1.0
2021-04-12 18:59:40+00:00,1.0
2021-05-01 09:14:34+00:00,0.0
2021-04-28 16:55:58+00:00,1.0
2021-04-10 23:05:31+00:00,1.0
2021-04-22 09:19:23+00:00,0.0
2021-05-02 06:03:55+00:00,0.0
2021-04-08 22:32:35+00:00,2.0
2021-04-09 15:06:45+00:00,2.0
2021-04-30 14:14:51+00:00,0.0
2021-04-23 18:46:23+00:00,1.0
2021-04-17 18:10:15+00:00,1.0
2021-04-09 04:33:58+00:00,1.0
2021-05-02 01:36:04+00:00,0.0
2021-04-16 15:04:43+00:00,1.0
2021-04-10 20:27:54+00:00,1.0
2021-04-18 12:40:24+00:00,1.0
2021-04-15 05:39:29+00:00,1.0
2021-04-25 17:19:04+00:00,1.0
2021-04-28 06:04:46+00:00,0.0
2021-04-22 08:09:29+00:00,0.0
2021-04-09 12:04:31+00:00,1.0
2021-04-20 20:41:48+00:00,1.0
2021-04-20 21:23:59+00:00,1.0
2021-04-07 03:35:37+00:00,1.0
2021-04-23 04:02:57+00:00,2.0
2021-04-09 02:58:22+00:00,1.0
2021-04-28 05:23:59+00:00,0.0
2021-04-12 10:41:10+00:00,1.0
2021-04-08 03:05:03+00:00,1.0
2021-05-01 09:32:57+00:00,0.0
2021-04-23 09:56:08+00:00,256.0
2021-04-20 16:28:20+00:00,2.0
2021-04-26 05:21:01+00:00,0.0
2021-04-23 03:46:00+00:00,3.0
2021-04-23 17:13:46+00:00,1.0
2021-04-16 10:38:02+00:00,1.0
2021-04-25 06:18:52+00:00,1.0
2021-05-03 14:34:47+00:00,1.0
2021-04-13 22:57:31+00:00,2.0
2021-04-12 02:06:40+00:00,1.0
2021-04-18 22:13:28+00:00,1.0
2021-04-17 04:10:09+00:00,0.0
2021-04-19 07:17:45+00:00,1.0
2021-04-25 22:03:52+00:00,0.0
2021-04-17 01:05:36+00:00,0.0
2021-05-02 04:53:36+00:00,0.0
2021-05-02 02:13:22+00:00,0.0
2021-05-03 22:29:14+00:00,1.0
2021-04-17 22:00:39+00:00,2.0
2021-04-12 16:04:18+00:00,1.0
2021-05-03 19:01:48+00:00,1.0
2021-04-10 09:57:44+00:00,1.95
2021-04-14 09:23:54+00:00,1.0
2021-04-13 05:20:55+00:00,1.0
2021-04-20 09:21:36+00:00,2.0
2021-04-10 18:39:47+00:00,2.0
2021-04-21 17:08:45+00:00,5.0
2021-04-29 15:06:21+00:00,0.0
2021-04-27 09:01:52+00:00,0.0
2021-04-17 11:09:51+00:00,0.0
2021-04-19 20:40:05+00:00,1.0
2021-05-03 01:09:50+00:00,1.0
2021-04-26 13:00:10+00:00,0.0
2021-05-03 22:31:41+00:00,1.0
2021-04-17 08:15:20+00:00,0.0
2021-04-28 08:27:49+00:00,2496.0
2021-04-30 23:32:36+00:00,0.0
2021-05-01 13:20:51+00:00,0.0
2021-04-14 17:36:45+00:00,1.0
2021-04-28 14:00:38+00:00,1.0
2021-04-27 20:00:16+00:00,0.0
2021-04-13 10:35:00+00:00,1.0
2021-04-07 12:53:56+00:00,1.0
2021-04-24 00:49:34+00:00,1.0
2021-04-21 18:14:26+00:00,1.0
2021-04-19 21:12:40+00:00,2.0
2021-04-25 15:26:46+00:00,1.0
2021-04-23 03:01:02+00:00,3.0
2021-04-05 14:43:25+00:00,1.0
2021-04-13 00:05:59+00:00,1.0
2021-04-19 19:38:22+00:00,2.0
2021-05-01 02:59:18+00:00,0.0
2021-05-03 07:58:46+00:00,1.0
2021-04-22 17:37:25+00:00,0.0
2021-04-22 08:13:15+00:00,0.0
2021-04-07 21:05:16+00:00,1.0
2021-04-10 03:48:57+00:00,1.95
2021-05-03 23:10:14+00:00,1.0
2021-05-03 05:13:55+00:00,1.0
2021-04-22 03:33:46+00:00,0.0
2021-04-12 19:52:03+00:00,1.0
2021-04-07 08:23:46+00:00,1.0
2021-04-11 15:11:10+00:00,1.0
2021-04-21 03:19:41+00:00,0.0
2021-04-08 00:49:56+00:00,1.0
2021-04-11 21:11:14+00:00,1.0
2021-04-09 22:47:38+00:00,1.95
2021-04-16 07:24:35+00:00,1.0
2021-04-18 13:47:47+00:00,2.0
2021-04-08 11:08:36+00:00,1.0
2021-04-19 11:46:06+00:00,2.0
2021-04-09 18:10:31+00:00,1.0
2021-04-13 23:33:35+00:00,1.0
2021-05-03 18:10:36+00:00,1.0
2021-04-06 01:35:10+00:00,1.0
2021-04-30 13:24:35+00:00,0.0
2021-04-16 17:29:30+00:00,0.0
2021-04-06 03:49:49+00:00,1.0
2021-04-04 23:58:44+00:00,1.0
2021-04-10 21:28:35+00:00,1.0
2021-04-29 02:24:42+00:00,0.0
2021-04-12 07:56:20+00:00,2.0
2021-04-29 05:18:02+00:00,0.0
2021-04-07 13:23:40+00:00,1.0
2021-04-26 07:38:45+00:00,0.0
2021-05-01 07:48:55+00:00,0.0
2021-04-13 14:38:02+00:00,1.0
2021-04-18 06:26:40+00:00,1.0
2021-04-18 05:40:05+00:00,2.0
2021-04-12 21:09:56+00:00,1.0
2021-04-24 23:03:32+00:00,1.0
2021-04-30 15:20:24+00:00,0.0
2021-04-19 21:31:32+00:00,1.0
2021-04-25 00:15:03+00:00,1.0
2021-04-19 21:35:46+00:00,2.0
2021-04-19 01:54:12+00:00,2.0
2021-04-16 05:06:39+00:00,2.0
2021-04-16 08:44:39+00:00,1.0
2021-04-10 12:30:38+00:00,1.95
2021-04-25 19:15:30+00:00,0.0
2021-04-27 07:15:28+00:00,0.0
2021-04-27 18:59:33+00:00,0.0
2021-04-20 15:47:42+00:00,1.0
2021-04-10 20:02:17+00:00,1.0
2021-04-09 00:42:34+00:00,2.0
2021-04-30 05:34:18+00:00,0.0
2021-04-11 16:12:57+00:00,1.0
2021-04-19 08:08:27+00:00,2.0
2021-04-15 03:56:04+00:00,1.0
2021-04-23 05:41:28+00:00,3.0
2021-04-12 10:29:56+00:00,1.0
2021-04-30 04:24:42+00:00,0.0
2021-04-24 11:27:45+00:00,1.0
2021-04-05 06:32:54+00:00,1.0
2021-04-19 22:25:07+00:00,1.25
2021-04-27 10:38:30+00:00,0.0
2021-04-24 01:02:03+00:00,1.0
2021-04-17 16:03:39+00:00,0.0
2021-04-21 17:09:39+00:00,5.0
2021-04-24 23:56:44+00:00,1.0
2021-04-17 19:56:08+00:00,2.0
2021-04-30 02:14:22+00:00,0.0
2021-05-01 08:47:43+00:00,0.0
2021-04-29 09:58:06+00:00,0.0
2021-04-27 10:52:46+00:00,0.0
2021-04-19 15:47:42+00:00,1.0
2021-04-23 02:47:53+00:00,3.0
2021-04-05 04:51:23+00:00,1.0
2021-04-20 11:40:01+00:00,1.0
2021-04-17 04:34:02+00:00,0.0
2021-05-03 22:34:26+00:00,1.0
2021-04-17 17:28:14+00:00,0.0
2021-04-30 01:29:12+00:00,0.0
2021-04-05 19:32:31+00:00,1.0
2021-04-08 19:37:41+00:00,1.0
2021-04-09 01:06:24+00:00,1.0
2021-04-23 16:35:10+00:00,1.0
2021-04-24 03:33:11+00:00,1.0
2021-04-05 10:16:26+00:00,1.0
2021-04-20 04:50:01+00:00,1.0
2021-04-25 01:39:27+00:00,1.0
2021-04-25 00:34:20+00:00,1.0
2021-04-24 11:57:23+00:00,1.0
2021-04-23 05:03:03+00:00,3.0
2021-04-15 10:25:00+00:00,2.0
2021-04-13 12:47:56+00:00,2.0
2021-04-23 21:39:08+00:00,1.0
2021-04-25 13:35:13+00:00,1.0
2021-04-12 05:27:26+00:00,2.0
2021-04-14 13:03:09+00:00,2.0
2021-04-14 10:59:33+00:00,1.0
2021-04-14 17:39:14+00:00,2.0
2021-04-05 19:41:19+00:00,1.0
2021-04-06 16:04:56+00:00,1.0
2021-04-19 22:24:17+00:00,2.0
2021-04-07 04:50:52+00:00,1.0
2021-04-09 03:05:09+00:00,1.0
2021-04-13 17:09:18+00:00,2.0
2021-04-06 20:44:20+00:00,1.0
2021-04-22 16:21:20+00:00,0.0
2021-04-06 18:41:40+00:00,1.0
2021-04-20 04:05:14+00:00,1.0
2021-04-17 07:32:58+00:00,0.0
2021-04-29 17:29:48+00:00,0.0
2021-04-20 23:04:37+00:00,0.0
2021-04-08 04:33:00+00:00,1.0
2021-04-29 01:32:34+00:00,0.0
2021-04-12 18:04:13+00:00,1.0
2021-04-18 09:07:13+00:00,2.0
2021-04-07 23:10:25+00:00,1.0
2021-04-20 16:44:33+00:00,1.0
2021-04-29 11:59:01+00:00,0.0
2021-04-16 19:12:18+00:00,0.0
2021-04-14 11:54:44+00:00,1.0
2021-04-25 04:49:39+00:00,1.0
2021-04-22 16:14:38+00:00,0.0
2021-04-14 07:32:38+00:00,1.0
2021-04-22 17:43:19+00:00,0.0
2021-04-27 00:11:03+00:00,0.0
2021-05-03 16:45:24+00:00,1.0
2021-04-18 01:10:17+00:00,1.0
2021-05-01 12:56:50+00:00,0.0
2021-04-12 11:54:39+00:00,1.0
2021-04-05 07:21:01+00:00,1.0
2021-04-29 12:36:38+00:00,0.0
2021-04-30 08:04:34+00:00,0.0
2021-04-05 17:23:23+00:00,1.0
2021-04-14 03:29:33+00:00,2.0
2021-04-12 15:40:09+00:00,1.0
2021-04-28 04:41:29+00:00,0.0
2021-04-26 01:50:00+00:00,0.0
2021-04-19 10:05:30+00:00,1.0
2021-05-03 08:29:57+00:00,1.0
2021-04-23 00:18:22+00:00,3.0
2021-04-05 17:26:35+00:00,1.0
2021-04-13 22:37:40+00:00,2.0
2021-04-10 19:10:50+00:00,1.0
2021-05-03 07:40:18+00:00,1.0
2021-04-20 05:02:39+00:00,1.0
2021-04-08 05:51:04+00:00,1.0
2021-04-17 09:07:14+00:00,0.0
2021-04-27 23:21:16+00:00,0.0
2021-04-29 08:38:52+00:00,0.0
2021-04-30 06:29:04+00:00,0.0
2021-04-28 13:18:49+00:00,1.0
2021-04-12 21:14:41+00:00,1.0
2021-04-24 00:14:40+00:00,1.0
2021-04-30 08:21:06+00:00,0.0
2021-04-17 09:55:50+00:00,0.0
2021-04-13 13:17:05+00:00,1.0
2021-04-05 11:53:22+00:00,1.0
2021-04-23 14:31:54+00:00,5.0
2021-04-12 17:59:48+00:00,1.0
2021-04-10 18:34:36+00:00,1.0
2021-04-11 12:06:46+00:00,1.0
2021-04-29 18:16:29+00:00,0.0
2021-04-05 02:10:09+00:00,1.0
2021-04-28 14:22:03+00:00,1.0
2021-04-20 05:51:25+00:00,1.0
2021-04-26 12:35:54+00:00,0.0
2021-04-28 19:24:23+00:00,1.0
2021-04-18 15:58:29+00:00,1.0
2021-04-28 02:08:15+00:00,0.0
2021-04-25 21:42:57+00:00,0.0
2021-04-27 16:29:19+00:00,0.0
2021-04-05 05:45:40+00:00,1.0
2021-04-07 19:59:57+00:00,1.0
2021-04-10 08:52:41+00:00,1.95
2021-04-24 06:03:42+00:00,1.0
2021-04-09 11:00:40+00:00,1.0
2021-04-28 10:23:50+00:00,1.0
2021-04-14 15:32:16+00:00,2.0
2021-04-13 16:01:14+00:00,2.0
2021-04-05 13:05:46+00:00,1.0
2021-04-30 10:11:53+00:00,0.0
2021-04-07 18:13:28+00:00,1.0
2021-04-16 16:37:36+00:00,1.0
2021-04-08 05:58:47+00:00,1.0
2021-04-30 11:59:35+00:00,0.0
2021-04-21 02:44:43+00:00,0.0
2021-05-02 16:21:41+00:00,1.0
2021-04-25 09:53:48+00:00,7.0
2021-04-11 18:17:57+00:00,2.0
2021-04-13 05:31:39+00:00,1.0
2021-04-07 13:23:12+00:00,1.0
2021-04-07 15:19:20+00:00,1.0
2021-04-07 23:00:31+00:00,1.0
2021-05-02 03:39:49+00:00,0.0
2021-05-03 10:08:00+00:00,1.0
2021-04-13 03:42:18+00:00,1.0
2021-05-01 04:45:37+00:00,0.0
2021-04-21 07:33:23+00:00,0.0
2021-04-17 10:46:49+00:00,0.0
2021-04-23 19:32:17+00:00,1.0
2021-04-17 10:43:44+00:00,0.0
2021-04-10 15:50:08+00:00,5.0
2021-04-14 13:12:31+00:00,1.0
2021-04-12 16:00:38+00:00,2.0
2021-04-22 00:05:11+00:00,0.0
2021-04-08 21:24:21+00:00,1.0
2021-04-28 10:18:39+00:00,1.0
2021-04-24 00:19:43+00:00,1.0
2021-04-17 23:22:35+00:00,2.0
2021-04-14 10:17:56+00:00,2.0
2021-04-28 19:41:33+00:00,1.0
2021-04-25 03:24:53+00:00,1.0
2021-04-26 04:26:38+00:00,0.0
2021-04-18 00:50:51+00:00,2.0
2021-04-05 21:01:42+00:00,1.0
2021-04-14 06:57:29+00:00,1.0
2021-04-19 07:41:07+00:00,1.0
2021-04-23 03:33:15+00:00,3.0
2021-04-20 07:06:56+00:00,1.0
2021-04-09 04:24:01+00:00,2.0
2021-05-02 01:39:47+00:00,0.0
2021-04-12 17:17:24+00:00,1.0
2021-04-06 00:38:38+00:00,1.0
2021-05-03 21:22:33+00:00,1.0
2021-05-02 15:32:14+00:00,1.0
2021-04-13 20:56:27+00:00,2.0
2021-04-16 10:03:05+00:00,1.0
2021-04-29 14:05:46+00:00,0.0
2021-04-10 17:17:26+00:00,308.0
2021-04-11 18:37:32+00:00,1.0
2021-04-12 21:54:34+00:00,1.0
2021-04-27 15:52:15+00:00,0.0
2021-04-13 20:19:02+00:00,2.0
2021-04-29 15:14:29+00:00,0.0
2021-04-13 19:27:52+00:00,2.0
2021-04-17 19:11:12+00:00,1.0
2021-04-10 23:04:02+00:00,2.0
2021-04-15 16:54:27+00:00,1.0
2021-04-12 01:42:50+00:00,1.0
2021-04-25 15:52:23+00:00,1.0
2021-04-07 01:46:48+00:00,1.0
2021-04-30 18:24:35+00:00,0.0
2021-05-01 00:40:27+00:00,0.0
2021-05-03 05:56:26+00:00,1.0
2021-04-22 14:20:32+00:00,0.0
2021-04-27 16:21:00+00:00,0.0
2021-04-14 03:25:51+00:00,2.0
2021-04-05 18:49:28+00:00,1.0
2021-04-05 11:58:07+00:00,1.0
2021-04-09 03:20:41+00:00,1.0
2021-04-19 02:47:56+00:00,1.0
2021-05-03 22:40:11+00:00,1.0
2021-04-06 23:27:18+00:00,1.0
2021-04-21 05:08:40+00:00,0.0
2021-04-21 16:08:21+00:00,143.0
2021-04-21 09:59:59+00:00,0.0
2021-04-13 14:39:44+00:00,1.0
2021-04-07 14:55:49+00:00,1.0
2021-04-22 18:35:00+00:00,0.0
2021-04-06 01:21:02+00:00,1.0
2021-04-27 03:38:52+00:00,0.0
2021-05-02 10:46:37+00:00,0.0
2021-04-14 13:19:57+00:00,2.0
2021-04-07 08:24:35+00:00,1.0
2021-04-19 22:34:00+00:00,1.0
2021-04-28 21:45:38+00:00,0.0
2021-04-05 17:52:08+00:00,1.0
2021-04-25 14:24:03+00:00,1.0
2021-04-30 01:28:20+00:00,0.0
2021-04-27 08:17:59+00:00,0.0
2021-04-21 06:13:55+00:00,0.0
2021-05-02 05:52:15+00:00,0.0
2021-04-05 22:34:50+00:00,1.0
2021-04-13 06:57:23+00:00,1.0
2021-04-24 11:34:29+00:00,1.0
2021-04-19 01:55:03+00:00,1.0
2021-04-22 02:34:56+00:00,0.0
2021-04-27 00:15:51+00:00,0.0
2021-04-05 06:03:40+00:00,1.0
2021-04-05 05:03:59+00:00,1.0
2021-04-06 12:44:57+00:00,1.0
2021-04-10 05:15:10+00:00,1.95
2021-05-03 03:23:59+00:00,1.0
2021-05-02 13:52:12+00:00,126.0
2021-05-02 20:23:34+00:00,1.0
2021-04-09 00:07:54+00:00,2.0
2021-04-30 04:21:20+00:00,0.0
2021-05-01 06:26:03+00:00,0.0
2021-04-23 19:19:46+00:00,1.0
2021-04-15 20:30:49+00:00,2.0
2021-04-29 10:56:35+00:00,0.0
2021-05-01 13:30:52+00:00,0.0
2021-04-23 23:31:13+00:00,1.0
2021-04-11 17:35:44+00:00,1.0
2021-04-23 06:16:05+00:00,3.0
2021-04-30 22:03:17+00:00,0.0
2021-05-01 03:10:32+00:00,0.0
2021-04-18 21:17:49+00:00,2.0
2021-04-26 03:24:36+00:00,0.0
2021-04-12 02:34:56+00:00,1.0
2021-04-22 21:31:11+00:00,0.0
2021-04-26 05:13:21+00:00,0.0
2021-04-27 02:06:40+00:00,0.0
2021-04-24 04:18:50+00:00,1.0
2021-04-10 23:57:38+00:00,1.0
2021-05-01 05:21:49+00:00,0.0
2021-04-18 16:25:53+00:00,2.0
2021-05-01 21:20:22+00:00,0.0
2021-04-18 23:00:53+00:00,2.0
2021-04-13 17:54:33+00:00,2.0
2021-04-26 04:32:11+00:00,0.0
2021-04-08 05:23:33+00:00,1.0
2021-04-15 23:18:08+00:00,1.0
2021-04-25 11:28:20+00:00,1.0
2021-04-20 09:06:46+00:00,1.0
2021-04-15 17:36:13+00:00,1.0
2021-04-29 01:17:03+00:00,0.0
2021-04-06 05:50:48+00:00,1.0
2021-04-17 23:27:47+00:00,1.0
2021-04-15 08:53:20+00:00,35.0
2021-04-16 01:37:28+00:00,1.0
2021-04-14 22:13:41+00:00,2.0
2021-04-23 20:16:44+00:00,1.0
2021-04-20 20:27:47+00:00,1.0
2021-04-28 07:51:40+00:00,0.0
2021-05-02 05:08:04+00:00,0.0
2021-04-17 22:37:29+00:00,1.0
2021-05-01 16:03:23+00:00,0.0
2021-04-25 04:06:28+00:00,1.0
2021-04-19 09:49:22+00:00,2.0
2021-04-11 19:59:13+00:00,2.0
2021-04-07 18:34:04+00:00,1.0
2021-05-02 23:56:40+00:00,1.0
2021-05-01 01:46:29+00:00,0.0
2021-04-06 20:24:45+00:00,1.0
2021-04-09 06:08:15+00:00,1.0
2021-04-28 14:25:05+00:00,1.0
2021-04-04 22:14:38+00:00,1.0
2021-04-23 08:13:16+00:00,8.5
2021-04-20 09:45:05+00:00,2.0
2021-04-24 03:23:10+00:00,1.0
2021-04-24 06:32:14+00:00,1.0
2021-05-01 11:45:13+00:00,0.0
2021-04-13 16:59:36+00:00,1.0
2021-04-20 15:14:43+00:00,2.0
2021-04-18 13:30:50+00:00,2.0
2021-04-24 00:29:37+00:00,1.0
2021-04-26 11:41:19+00:00,0.0
2021-04-10 07:03:41+00:00,1.95
2021-05-01 21:02:11+00:00,0.0
2021-04-30 04:50:01+00:00,0.0
2021-04-13 13:54:47+00:00,2.0
2021-04-19 03:24:30+00:00,1.0
2021-04-09 06:17:36+00:00,2.0
2021-04-07 17:03:05+00:00,1.0
2021-04-17 10:42:41+00:00,0.0
2021-04-29 15:06:13+00:00,0.0
2021-04-05 13:11:50+00:00,1.0
2021-04-12 10:12:22+00:00,1.0
2021-04-20 12:20:49+00:00,1.0
2021-04-18 12:03:16+00:00,1.0
2021-04-06 12:30:05+00:00,1.0
2021-04-04 22:44:16+00:00,1.0
2021-04-24 02:21:03+00:00,1.0
2021-04-30 20:26:41+00:00,0.0
2021-05-03 05:24:17+00:00,1.0
2021-04-11 16:19:46+00:00,1.0
2021-04-12 12:06:23+00:00,1.0
2021-04-25 02:51:20+00:00,1.0
2021-04-27 20:45:40+00:00,0.0
2021-04-14 10:26:36+00:00,1.0
2021-04-26 11:45:15+00:00,0.0
2021-04-22 00:30:08+00:00,0.0
2021-04-19 16:49:39+00:00,1.0
2021-04-20 03:23:35+00:00,2.0
2021-04-22 04:57:25+00:00,0.0
2021-04-19 08:48:59+00:00,1.0
2021-04-23 11:51:02+00:00,86.0
2021-04-16 02:05:13+00:00,1.0
2021-04-20 13:51:14+00:00,1.0
2021-05-02 01:57:15+00:00,0.0
2021-05-01 11:43:03+00:00,0.0
2021-04-15 12:01:26+00:00,1.0
2021-04-11 03:41:43+00:00,2.0
2021-04-10 12:44:42+00:00,1.95
2021-04-22 02:10:49+00:00,0.0
2021-04-12 01:41:58+00:00,2.0
2021-04-14 14:39:54+00:00,1.0
2021-04-21 22:28:14+00:00,0.0
2021-05-03 01:23:45+00:00,1.0
2021-05-03 23:03:42+00:00,1.0
2021-04-12 15:06:44+00:00,1.0
2021-04-17 05:44:48+00:00,0.0
2021-04-09 06:42:50+00:00,2.0
2021-04-06 17:07:51+00:00,1.0
2021-04-24 10:48:51+00:00,1.0
2021-05-03 08:41:08+00:00,1.0
2021-04-30 03:34:07+00:00,0.0
2021-05-03 16:46:34+00:00,1.0
2021-04-12 20:10:27+00:00,1.0
2021-04-15 16:47:54+00:00,2.0
2021-05-02 03:02:13+00:00,0.0
2021-04-10 23:23:33+00:00,1.0
2021-04-20 00:47:44+00:00,1.0
2021-04-30 08:43:29+00:00,0.0
2021-04-07 04:58:12+00:00,1.0
2021-04-20 07:53:58+00:00,1.0
2021-04-06 12:08:10+00:00,1.0
2021-04-12 02:36:32+00:00,1.0
2021-04-23 19:49:11+00:00,1.0
2021-04-06 09:56:14+00:00,1.0
2021-05-03 05:18:05+00:00,1.0
2021-04-20 09:23:15+00:00,1.0
2021-04-20 17:34:35+00:00,1.0
2021-05-02 16:26:59+00:00,1.0
2021-04-06 05:54:02+00:00,1.0
2021-04-20 05:09:56+00:00,2.0
2021-04-10 08:11:10+00:00,1.95
2021-04-26 09:38:05+00:00,0.0
2021-04-24 05:25:03+00:00,1.0
2021-04-21 02:58:55+00:00,0.0
2021-04-28 17:43:33+00:00,1.0
2021-04-19 16:27:58+00:00,1.0
2021-04-04 23:34:27+00:00,1.0
2021-05-03 01:40:29+00:00,1.0
2021-04-30 14:59:24+00:00,0.0
2021-04-14 15:19:53+00:00,1.0
2021-04-27 19:20:57+00:00,0.0
2021-04-19 12:09:54+00:00,1.0
2021-05-03 05:04:31+00:00,1.0
2021-04-25 09:51:53+00:00,137.0
2021-04-05 15:32:15+00:00,1.0
2021-05-03 14:58:11+00:00,1.0
2021-04-23 16:38:23+00:00,1.0
2021-04-22 19:46:52+00:00,0.0
2021-04-30 13:10:19+00:00,0.0
2021-04-30 04:21:16+00:00,0.0
2021-04-13 23:41:52+00:00,2.0
2021-04-26 04:11:56+00:00,0.0
2021-04-07 05:16:43+00:00,2.0
2021-04-30 11:28:54+00:00,0.0
2021-04-20 18:42:05+00:00,2.0
2021-04-05 12:11:49+00:00,1.0
2021-04-07 07:26:59+00:00,1.0
2021-04-22 00:01:11+00:00,0.0
2021-04-07 02:39:58+00:00,1.0
2021-05-03 10:14:22+00:00,1.0
2021-05-03 10:06:47+00:00,1.0
2021-04-06 14:45:35+00:00,1.0
2021-04-25 10:40:45+00:00,1.0
2021-04-27 04:46:30+00:00,0.0
2021-04-11 09:20:27+00:00,2.0
2021-04-18 10:59:58+00:00,1.0
2021-05-01 02:39:53+00:00,0.0
2021-04-21 21:24:39+00:00,1.0
2021-04-21 21:51:58+00:00,0.0
2021-05-03 01:21:08+00:00,1.0
2021-04-24 09:23:38+00:00,1.0
2021-04-07 06:59:49+00:00,1.0
2021-04-16 21:01:18+00:00,0.0
2021-04-12 08:51:46+00:00,1.0
2021-05-02 16:48:52+00:00,1.0
2021-04-05 02:27:50+00:00,1.0
2021-05-01 10:49:36+00:00,0.0
2021-04-23 04:57:11+00:00,3.0
2021-04-05 17:59:49+00:00,1.0
2021-04-09 18:17:13+00:00,1.0
2021-04-29 06:10:27+00:00,0.0
2021-04-05 20:49:18+00:00,1.0
2021-04-16 15:18:28+00:00,1.0
2021-04-18 06:54:51+00:00,2.0
2021-05-02 22:44:43+00:00,1.0
2021-04-17 18:11:53+00:00,1.0
2021-04-27 07:06:26+00:00,0.0
2021-05-03 12:44:14+00:00,1.0
2021-04-27 11:28:04+00:00,0.0
2021-04-09 06:48:38+00:00,1.0
2021-04-18 23:58:16+00:00,2.0
2021-04-07 14:01:48+00:00,1.0
2021-04-11 17:42:00+00:00,1.0
2021-04-30 16:35:03+00:00,0.0
2021-05-03 04:32:08+00:00,1.0
2021-04-25 07:39:00+00:00,1.0
2021-04-19 11:39:51+00:00,2.0
2021-04-07 21:17:51+00:00,1.0
2021-04-11 07:04:20+00:00,2.0
2021-04-07 19:05:24+00:00,1.0
2021-04-16 01:28:56+00:00,1.0
2021-04-25 08:58:29+00:00,1.0
2021-04-14 10:36:39+00:00,1.0
2021-04-20 00:49:07+00:00,2.0
2021-04-11 10:55:00+00:00,1.0
2021-04-07 17:45:07+00:00,1.0
2021-04-28 11:00:55+00:00,1.0
2021-04-27 15:41:40+00:00,0.0
2021-04-15 00:00:28+00:00,2.0
2021-04-24 06:27:42+00:00,1.0
2021-04-08 09:48:40+00:00,144.0
2021-04-20 06:27:22+00:00,1.0
2021-04-10 17:20:50+00:00,404.0
2021-04-27 10:02:27+00:00,0.0
2021-04-27 05:25:39+00:00,0.0
2021-04-15 03:48:57+00:00,1.0
2021-04-10 09:05:44+00:00,1.95
2021-04-19 07:30:48+00:00,1.0
2021-04-14 04:28:11+00:00,2.0
2021-04-11 00:30:59+00:00,1.0
2021-04-11 15:43:04+00:00,1.0
2021-04-25 15:43:40+00:00,1.0
2021-04-28 07:01:18+00:00,0.0
2021-05-03 20:10:43+00:00,1.0
2021-04-19 00:52:54+00:00,1.0
2021-04-17 23:20:34+00:00,1.0
2021-04-10 01:23:28+00:00,1.95
2021-04-29 20:33:02+00:00,0.0
2021-04-22 08:51:17+00:00,0.0
2021-04-26 23:14:51+00:00,0.0
2021-04-23 05:24:18+00:00,3.0
2021-04-09 22:37:13+00:00,1.95
2021-04-07 04:35:50+00:00,1.0
2021-04-14 05:36:50+00:00,2.0
2021-04-26 21:26:31+00:00,0.0
2021-04-11 14:59:43+00:00,2.0
2021-04-05 10:24:59+00:00,1.0
2021-04-28 17:54:09+00:00,1.0
2021-04-11 06:56:44+00:00,2.0
2021-04-17 01:32:44+00:00,0.0
2021-04-05 23:19:39+00:00,1.0
2021-04-17 03:44:51+00:00,0.0
2021-05-01 01:29:33+00:00,0.0
2021-04-25 23:13:52+00:00,0.0
2021-04-14 20:54:13+00:00,1.0
2021-04-18 02:02:31+00:00,2.0
2021-04-06 05:38:02+00:00,1.0
2021-05-01 00:36:00+00:00,0.0
2021-04-27 16:40:53+00:00,0.0
2021-04-19 20:54:17+00:00,1.0
2021-04-11 13:43:32+00:00,1.0
2021-04-17 05:07:59+00:00,0.0
2021-04-29 21:07:35+00:00,0.0
2021-04-18 00:18:53+00:00,1.0
2021-05-03 20:44:35+00:00,1.0
2021-04-11 18:35:29+00:00,1.0
2021-04-24 09:48:59+00:00,1.0
2021-04-29 14:20:17+00:00,0.0
2021-04-13 16:22:22+00:00,2.0
2021-04-29 10:13:50+00:00,0.0
2021-04-26 04:32:04+00:00,0.0
2021-04-06 15:51:25+00:00,1.0
2021-04-12 13:53:00+00:00,1.0
2021-04-24 03:54:13+00:00,1.0
2021-04-30 16:47:22+00:00,0.0
2021-04-29 06:33:18+00:00,0.0
2021-05-02 04:52:57+00:00,0.0
2021-04-17 04:57:51+00:00,0.0
2021-04-24 08:06:04+00:00,1.0
2021-05-03 12:12:44+00:00,1.0
2021-04-16 21:57:11+00:00,0.0
2021-04-19 02:24:52+00:00,1.0
2021-04-22 16:20:34+00:00,0.0
2021-04-26 01:23:50+00:00,0.0
2021-04-07 06:05:54+00:00,1.0
2021-04-12 23:19:07+00:00,1.0
2021-04-28 05:03:31+00:00,0.0
2021-04-19 04:33:06+00:00,2.0
2021-04-18 12:23:40+00:00,2.0
2021-04-22 14:26:35+00:00,0.0
2021-05-01 17:20:18+00:00,0.0
2021-04-05 15:57:06+00:00,1.0
2021-04-06 23:21:55+00:00,1.0
2021-04-16 14:17:38+00:00,1.0
2021-04-29 05:08:28+00:00,0.0
2021-05-01 22:39:20+00:00,0.0
2021-04-17 10:06:21+00:00,0.0
2021-04-27 17:37:10+00:00,0.0
2021-04-27 17:52:04+00:00,0.0
2021-04-24 10:19:25+00:00,1.0
2021-04-18 06:12:09+00:00,2.0
2021-04-17 13:08:33+00:00,0.0
2021-05-01 02:36:31+00:00,0.0
2021-04-14 00:54:31+00:00,2.0
2021-04-06 09:27:54+00:00,1.0
2021-04-26 15:36:55+00:00,0.0
2021-04-30 05:12:08+00:00,0.0
2021-04-30 15:18:35+00:00,0.0
2021-04-18 05:16:33+00:00,2.0
2021-04-23 23:08:38+00:00,1.0
2021-04-12 11:56:34+00:00,1.0
2021-05-01 14:04:05+00:00,0.0
2021-04-13 04:12:45+00:00,1.0
2021-04-21 06:09:16+00:00,0.0
2021-04-22 14:45:36+00:00,0.0
2021-04-25 16:30:23+00:00,1.0
2021-04-08 13:02:06+00:00,1.0
2021-04-24 04:48:46+00:00,2.0
2021-04-09 22:21:33+00:00,1.95
2021-04-20 16:41:49+00:00,1.0
2021-04-06 00:19:49+00:00,1.0
2021-04-22 07:23:12+00:00,0.0
2021-05-03 14:37:17+00:00,1.0
2021-05-03 08:44:33+00:00,1.0
2021-04-29 01:02:53+00:00,0.0
2021-04-13 10:13:35+00:00,1.0
2021-04-11 18:22:32+00:00,1.0
2021-04-10 04:52:25+00:00,1.95
2021-04-28 02:10:00+00:00,0.0
2021-04-20 21:45:59+00:00,1.0
2021-05-03 01:11:16+00:00,1.0
2021-04-14 02:35:50+00:00,1.0
2021-05-02 01:01:42+00:00,0.0
2021-04-13 23:08:35+00:00,2.0
2021-04-20 00:21:23+00:00,1.0
2021-04-14 05:31:56+00:00,2.0
2021-04-30 05:56:59+00:00,0.0
2021-04-13 19:52:23+00:00,2.0
2021-04-20 02:58:36+00:00,1.0
2021-04-22 12:28:18+00:00,0.0
2021-04-24 05:54:12+00:00,1.0
2021-04-23 15:42:39+00:00,1.0
2021-04-26 17:03:26+00:00,0.0
2021-04-18 08:33:18+00:00,2.0
2021-04-10 05:40:57+00:00,1.95
2021-04-22 13:10:54+00:00,0.0
2021-04-13 04:08:01+00:00,1.0
2021-05-01 23:31:22+00:00,0.0
2021-04-08 19:39:05+00:00,1.0
2021-04-30 09:23:16+00:00,0.0
2021-04-06 00:02:52+00:00,1.0
2021-04-26 01:21:34+00:00,0.0
2021-04-06 02:51:48+00:00,1.0
2021-04-21 17:40:35+00:00,5.0
2021-04-30 16:21:22+00:00,0.0
2021-04-19 22:40:34+00:00,1.0
2021-04-15 17:44:20+00:00,2.0
2021-04-12 12:23:15+00:00,2.0
2021-04-27 00:29:23+00:00,0.0
2021-04-18 17:38:07+00:00,1.0
2021-04-16 10:36:09+00:00,1.0
2021-04-26 11:46:06+00:00,0.0
2021-04-24 09:40:53+00:00,1.0
2021-05-01 21:51:22+00:00,0.0
2021-04-23 23:00:26+00:00,1.0
2021-04-28 22:20:07+00:00,0.0
2021-04-06 03:25:12+00:00,1.0
2021-04-07 04:37:11+00:00,1.0
2021-05-03 03:40:46+00:00,1.0
2021-04-12 22:09:33+00:00,1.0
2021-04-06 12:38:48+00:00,1.0
2021-04-05 16:30:28+00:00,1.0
2021-04-13 16:01:12+00:00,2.0
2021-04-30 11:14:27+00:00,0.0
2021-04-23 01:44:16+00:00,3.0
2021-05-03 02:53:20+00:00,1.0
2021-04-12 03:49:07+00:00,2.0
2021-04-14 02:21:24+00:00,1.0
2021-04-21 17:33:07+00:00,5.0
2021-05-03 05:13:02+00:00,1.0
2021-04-29 14:47:17+00:00,0.0
2021-04-05 17:39:43+00:00,1.0
2021-04-28 09:00:43+00:00,25.0
2021-04-13 05:08:46+00:00,1.0
2021-04-25 20:34:27+00:00,0.0
2021-04-13 17:08:01+00:00,1.0
2021-04-07 22:25:49+00:00,1.0
2021-04-12 16:56:02+00:00,2.0
2021-04-10 11:26:25+00:00,1.95
2021-04-11 20:37:08+00:00,1.0
2021-04-12 02:01:14+00:00,1.0
2021-04-16 01:10:09+00:00,1.0
2021-04-17 21:41:16+00:00,1.0
2021-05-01 22:57:45+00:00,0.0
2021-04-12 02:09:33+00:00,1.0
2021-04-11 12:07:57+00:00,1.0
2021-04-21 11:47:29+00:00,0.0
2021-04-18 15:53:06+00:00,1.0
2021-05-02 23:09:25+00:00,1.0
2021-04-15 11:28:14+00:00,1.0
2021-04-30 20:02:25+00:00,0.0
2021-04-14 16:19:09+00:00,1.0
2021-04-08 15:20:52+00:00,1.0
2021-04-05 17:18:16+00:00,1.0
2021-04-14 01:53:20+00:00,1.0
2021-04-21 17:19:26+00:00,5.0
2021-04-29 07:09:56+00:00,0.0
2021-04-08 05:23:54+00:00,1.0
2021-04-22 18:20:43+00:00,0.0
2021-04-25 03:36:56+00:00,1.0
2021-04-05 16:48:17+00:00,1.0
2021-04-24 06:29:48+00:00,1.0
2021-04-05 03:48:13+00:00,1.0
2021-04-07 05:27:29+00:00,1.0
2021-04-06 18:17:38+00:00,1.0
2021-04-05 01:15:58+00:00,1.0
2021-04-09 10:11:49+00:00,1.0
2021-04-20 09:05:06+00:00,2.0
2021-04-16 18:17:16+00:00,0.0
2021-04-27 09:02:52+00:00,0.0
2021-04-13 20:00:35+00:00,2.0
2021-04-21 13:48:31+00:00,0.0
2021-04-11 23:32:30+00:00,1.0
2021-04-22 02:34:03+00:00,0.0
2021-04-09 11:13:21+00:00,2.0
2021-04-16 19:52:38+00:00,0.0
2021-05-03 22:44:41+00:00,1.0
2021-04-27 04:09:32+00:00,0.0
2021-04-10 07:53:25+00:00,1.95
2021-04-20 23:30:09+00:00,0.0
2021-04-22 09:15:03+00:00,0.0
2021-04-29 08:06:00+00:00,0.0
2021-04-07 17:55:59+00:00,1.0
2021-05-02 21:11:44+00:00,1.0
2021-05-03 12:03:00+00:00,1.0
2021-05-01 01:48:58+00:00,0.0
2021-05-03 09:09:35+00:00,1.0
2021-04-14 07:39:20+00:00,1.0
2021-04-18 02:34:05+00:00,2.0
2021-04-27 02:58:17+00:00,0.0
2021-04-25 04:25:41+00:00,1.0
2021-05-01 19:28:18+00:00,0.0
2021-04-11 10:00:31+00:00,1.0
2021-04-23 02:11:30+00:00,3.0
2021-04-17 06:46:16+00:00,0.0
2021-04-16 21:21:06+00:00,0.0
2021-05-03 05:52:47+00:00,1.0
2021-04-10 03:46:21+00:00,1.95
2021-04-12 16:37:53+00:00,1.0
2021-05-03 22:43:51+00:00,1.0
2021-04-24 05:04:45+00:00,1.0
2021-04-22 06:07:10+00:00,0.0
2021-05-02 09:04:02+00:00,0.0
2021-04-21 09:53:51+00:00,0.0
2021-04-17 13:36:19+00:00,0.0
2021-04-21 08:22:51+00:00,0.0
2021-05-03 03:09:11+00:00,1.0
2021-04-11 05:31:21+00:00,1.0
2021-05-01 16:43:19+00:00,0.0
2021-04-11 03:54:37+00:00,1.0
2021-04-22 07:32:01+00:00,0.0
2021-04-05 17:08:46+00:00,1.0
2021-04-24 01:32:58+00:00,1.0
2021-04-20 11:17:24+00:00,1.0
2021-04-23 12:25:33+00:00,28.0
2021-04-22 13:57:46+00:00,0.0
2021-05-01 00:34:45+00:00,0.0
2021-04-19 18:15:49+00:00,1.0
2021-05-02 22:55:40+00:00,1.0
2021-04-24 22:46:37+00:00,1.0
2021-04-05 19:08:16+00:00,1.0
2021-04-23 05:31:19+00:00,2.0
2021-05-03 16:08:11+00:00,1.0
2021-04-09 12:44:44+00:00,1.0
2021-04-15 17:36:45+00:00,1.0
2021-04-21 02:00:29+00:00,0.0
2021-05-03 07:27:16+00:00,1.0
2021-04-17 02:53:45+00:00,0.0
2021-04-14 13:03:00+00:00,2.0
2021-04-24 00:36:57+00:00,1.0
2021-04-14 21:04:36+00:00,1.0
2021-04-07 05:03:06+00:00,1.0
2021-05-03 13:35:46+00:00,1.0
2021-05-01 00:09:39+00:00,0.0
2021-04-15 00:28:02+00:00,1.0
2021-04-16 04:22:15+00:00,2.0
2021-04-05 19:40:35+00:00,1.0
2021-04-14 13:57:07+00:00,2.0
2021-04-29 12:44:05+00:00,0.0
2021-04-09 17:14:17+00:00,1.0
2021-04-14 20:28:27+00:00,2.0
2021-04-19 07:52:53+00:00,2.0
2021-04-24 08:51:17+00:00,1.0
2021-04-26 00:27:27+00:00,0.0
2021-04-19 03:37:54+00:00,2.0
2021-04-08 22:42:04+00:00,1.0
2021-04-12 23:14:27+00:00,1.0
2021-04-15 11:17:33+00:00,1.0
2021-04-24 19:07:01+00:00,1.0
2021-04-24 00:57:30+00:00,1.0
2021-05-02 17:55:53+00:00,1.0
2021-04-07 12:55:59+00:00,1.0
2021-04-06 23:21:59+00:00,1.0
2021-04-30 13:06:17+00:00,0.0
2021-04-22 17:37:05+00:00,0.0
2021-04-25 01:23:29+00:00,1.0
2021-04-15 08:57:32+00:00,2407.0
2021-04-17 11:44:01+00:00,0.0
2021-04-29 04:46:14+00:00,0.0
2021-04-19 14:09:26+00:00,1.0
2021-04-14 15:11:26+00:00,1.0
2021-04-25 06:25:39+00:00,1.0
2021-04-22 21:50:02+00:00,0.0
2021-04-20 18:08:07+00:00,1.0
2021-04-05 23:14:17+00:00,1.0
2021-05-01 12:05:33+00:00,0.0
2021-04-17 17:52:56+00:00,1.0
2021-04-20 12:41:16+00:00,1.0
2021-04-29 23:23:18+00:00,0.0
2021-04-26 07:33:41+00:00,0.0
2021-05-03 07:54:26+00:00,1.0
2021-04-23 14:42:29+00:00,168.0
2021-04-29 03:33:33+00:00,0.0
2021-04-24 01:20:05+00:00,1.0
2021-04-13 15:18:00+00:00,2.0
2021-04-17 16:50:46+00:00,0.0
2021-04-19 15:55:38+00:00,2.0
2021-04-21 02:48:29+00:00,0.0
2021-04-05 06:31:09+00:00,1.0
2021-04-20 19:59:46+00:00,1.0
2021-04-07 09:08:48+00:00,1.0
2021-04-17 18:33:49+00:00,2.0
2021-04-30 05:22:30+00:00,0.0
2021-04-26 19:48:27+00:00,0.0
2021-04-09 15:50:29+00:00,1.0
2021-04-27 14:03:23+00:00,0.0
2021-05-03 11:25:35+00:00,1.0
2021-04-08 08:02:03+00:00,1.0
2021-05-01 08:55:38+00:00,0.0
2021-04-25 05:44:05+00:00,1.0
2021-04-25 06:36:24+00:00,1.0
2021-04-22 10:53:28+00:00,0.0
2021-04-22 23:09:35+00:00,3.0
2021-04-06 23:27:23+00:00,1.0
2021-04-20 00:19:26+00:00,2.0
2021-04-16 22:25:48+00:00,0.0
2021-04-10 11:16:18+00:00,1.95
2021-04-20 01:02:55+00:00,1.0
2021-04-23 13:21:29+00:00,6.0
2021-04-06 10:53:26+00:00,1.0
2021-04-09 22:39:57+00:00,1.95
2021-04-24 05:10:23+00:00,1.0
2021-04-16 20:02:15+00:00,0.0
2021-04-16 10:09:56+00:00,1.0
2021-05-01 02:41:27+00:00,0.0
2021-05-01 11:00:41+00:00,0.0
2021-04-10 07:27:14+00:00,1.95
2021-04-12 20:49:46+00:00,1.0
2021-04-12 03:17:52+00:00,1.0
2021-04-07 05:49:44+00:00,1.0
2021-04-18 22:32:54+00:00,2.0
2021-04-10 15:51:26+00:00,139.0
2021-04-25 18:34:39+00:00,1.0
2021-04-10 08:00:30+00:00,1.95
2021-04-08 22:06:18+00:00,1.0
2021-04-28 01:46:06+00:00,0.0
2021-04-11 04:48:05+00:00,1.0
2021-04-21 00:15:00+00:00,0.0
2021-04-05 13:10:26+00:00,1.0
2021-04-11 03:46:06+00:00,2.0
2021-04-22 04:33:34+00:00,0.0
2021-05-01 10:59:51+00:00,0.0
2021-04-10 04:44:11+00:00,1.95
2021-04-10 16:44:49+00:00,78.0
2021-04-30 05:58:17+00:00,0.0
2021-04-05 00:45:05+00:00,1.0
2021-04-24 03:30:17+00:00,1.0
2021-04-09 12:11:01+00:00,2.0
2021-04-22 04:56:13+00:00,0.0
2021-04-27 07:01:21+00:00,0.0
2021-04-21 19:33:49+00:00,2.0
2021-04-17 07:54:14+00:00,0.0
2021-04-26 09:46:31+00:00,0.0
2021-04-24 09:44:00+00:00,1.0
2021-04-24 06:59:07+00:00,1.0
2021-04-21 19:10:44+00:00,2.0
2021-04-26 13:15:28+00:00,0.0
2021-04-20 14:45:54+00:00,1.0
2021-04-04 21:52:13+00:00,1.0
2021-04-13 18:22:17+00:00,1.0
2021-04-22 05:12:49+00:00,0.0
2021-04-11 13:38:36+00:00,1.0
2021-04-13 04:27:31+00:00,1.0
2021-05-03 12:40:35+00:00,1.0
2021-05-03 18:26:20+00:00,1.0
2021-04-29 13:05:41+00:00,0.0
2021-04-12 13:33:43+00:00,1.0
2021-05-02 07:58:43+00:00,0.0
2021-04-26 10:02:21+00:00,0.0
2021-04-19 13:34:42+00:00,1.0
2021-04-23 09:19:22+00:00,8.5
2021-04-23 15:50:30+00:00,1.0
2021-04-16 07:49:37+00:00,2.0
2021-04-30 08:17:22+00:00,0.0
2021-04-30 17:41:27+00:00,0.0
2021-04-13 16:20:31+00:00,2.0
2021-04-05 20:09:53+00:00,1.0
2021-04-11 02:53:06+00:00,1.0
2021-04-20 16:51:45+00:00,1.0
2021-04-12 16:32:40+00:00,2.0
2021-04-10 13:46:05+00:00,1.95
2021-04-30 09:27:52+00:00,0.0
2021-04-16 09:31:01+00:00,1.0
2021-04-25 22:20:21+00:00,0.0
2021-04-11 17:27:01+00:00,1.0
2021-04-26 07:26:02+00:00,0.0
2021-04-07 06:27:52+00:00,1.0
2021-04-09 19:01:03+00:00,1.0
2021-04-16 01:58:00+00:00,1.0
2021-04-05 14:13:18+00:00,1.0
2021-04-25 19:59:56+00:00,0.0
2021-04-06 07:43:48+00:00,1.0
2021-04-19 17:10:23+00:00,1.0
2021-04-19 23:39:14+00:00,2.0
2021-04-07 20:41:12+00:00,1.0
2021-04-26 22:07:56+00:00,0.0
2021-04-17 12:42:10+00:00,0.0
2021-04-10 03:18:55+00:00,1.95
2021-05-03 13:25:23+00:00,1.0
2021-04-25 10:49:06+00:00,1.0
2021-04-25 05:15:05+00:00,1.0
2021-04-09 11:09:17+00:00,1.0
2021-04-16 11:01:46+00:00,1.0
2021-04-16 15:43:48+00:00,1.0
2021-04-30 14:01:55+00:00,0.0
2021-05-01 15:47:26+00:00,0.0
2021-04-29 15:11:42+00:00,0.0
2021-04-24 02:51:02+00:00,1.0
2021-04-05 18:58:28+00:00,1.0
2021-04-23 12:34:15+00:00,40.0
2021-04-08 08:49:34+00:00,1.0
2021-04-19 00:28:23+00:00,2.0
2021-04-23 09:50:37+00:00,52.0
2021-04-19 05:45:51+00:00,1.0
2021-04-11 22:54:13+00:00,2.0
2021-04-18 16:47:09+00:00,2.0
2021-04-21 02:53:18+00:00,0.0
2021-04-13 16:41:33+00:00,1.0
2021-04-08 18:46:53+00:00,2.0
2021-04-21 05:11:41+00:00,0.0
2021-04-11 14:21:42+00:00,1.0
2021-04-16 23:23:34+00:00,0.0
2021-04-17 02:37:01+00:00,0.0
2021-04-19 09:34:21+00:00,1.0
2021-04-18 20:01:54+00:00,1.0
2021-04-05 22:16:10+00:00,1.0
2021-05-01 07:27:23+00:00,0.0
2021-04-24 07:29:40+00:00,1.0
2021-04-29 10:58:59+00:00,0.0
2021-04-14 06:37:50+00:00,1.0
2021-04-09 21:18:11+00:00,1.0
2021-04-08 02:37:35+00:00,1.0
2021-04-25 16:52:22+00:00,2.0
2021-04-20 01:29:27+00:00,1.0
2021-04-05 07:23:10+00:00,1.0
2021-04-28 01:04:02+00:00,0.0
2021-04-20 07:01:34+00:00,1.0
2021-04-14 07:56:42+00:00,1.0
2021-04-16 14:49:59+00:00,1.0
2021-04-11 01:31:55+00:00,1.0
2021-04-09 14:59:06+00:00,2.0
2021-04-20 16:54:02+00:00,1.0
2021-04-11 02:48:56+00:00,1.0
2021-04-27 18:53:06+00:00,0.0
2021-04-05 16:04:22+00:00,1.0
2021-04-10 11:56:00+00:00,1.95
2021-04-05 08:24:14+00:00,1.0
2021-04-06 14:28:46+00:00,1.0
2021-04-11 18:34:55+00:00,1.0
2021-04-15 11:41:51+00:00,1.0
2021-04-08 09:12:25+00:00,11.0
2021-05-01 05:29:33+00:00,0.0
2021-05-02 04:01:08+00:00,0.0
2021-04-23 10:42:50+00:00,117.0
2021-04-30 21:46:14+00:00,0.0
2021-04-20 13:05:06+00:00,1.0
2021-04-24 23:29:55+00:00,1.0
2021-04-17 17:14:29+00:00,0.0
2021-04-06 16:01:11+00:00,1.0
2021-04-28 06:51:23+00:00,0.0
2021-04-28 08:27:23+00:00,2512.5
2021-04-30 06:26:50+00:00,0.0
2021-04-20 15:34:51+00:00,1.0
2021-04-30 12:43:43+00:00,0.0
2021-04-17 22:12:27+00:00,1.0
2021-04-20 11:56:08+00:00,1.0
2021-04-09 00:53:56+00:00,2.0
2021-04-26 09:06:47+00:00,0.0
2021-04-05 06:16:07+00:00,1.0
2021-04-05 04:39:52+00:00,1.0
2021-04-11 16:15:25+00:00,1.0
2021-04-27 19:13:40+00:00,0.0
2021-04-11 15:13:57+00:00,1.0
2021-04-23 19:01:22+00:00,1.0
2021-04-29 01:45:45+00:00,0.0
2021-04-15 20:18:00+00:00,2.0
2021-04-09 05:03:01+00:00,1.0
2021-04-09 00:51:35+00:00,1.25
2021-04-16 13:24:36+00:00,1.0
2021-04-17 20:22:11+00:00,2.0
2021-05-02 22:05:15+00:00,1.0
2021-04-23 12:38:03+00:00,15.0
2021-04-05 14:52:33+00:00,1.0
2021-04-15 17:10:17+00:00,1.0
2021-04-13 14:19:14+00:00,1.0
2021-04-20 08:25:10+00:00,1.0
2021-04-08 01:34:50+00:00,1.0
2021-04-27 13:47:28+00:00,0.0
2021-04-04 23:54:27+00:00,1.0
2021-04-05 14:18:37+00:00,1.0
2021-04-24 20:02:18+00:00,1.0
2021-04-12 13:48:12+00:00,1.0
2021-04-09 10:45:31+00:00,1.0
2021-05-01 05:24:41+00:00,0.0
2021-04-07 14:57:53+00:00,1.0
2021-04-10 14:36:38+00:00,1.95
2021-04-19 04:27:55+00:00,2.0
2021-04-09 00:11:23+00:00,2.0
2021-04-18 02:12:36+00:00,1.0
2021-05-02 14:28:36+00:00,1.0
2021-04-20 08:25:08+00:00,2.0
2021-04-13 15:47:29+00:00,1.0
2021-04-05 01:43:30+00:00,1.0
2021-04-16 12:51:15+00:00,2.0
2021-04-15 13:57:18+00:00,1.0
2021-04-08 04:30:21+00:00,1.0
2021-04-20 19:53:38+00:00,1.0
2021-04-26 05:56:13+00:00,0.0
2021-05-03 18:49:54+00:00,1.0
2021-04-13 22:48:53+00:00,1.0
2021-04-29 09:23:30+00:00,0.0
2021-04-11 15:08:00+00:00,1.0
2021-04-13 14:11:26+00:00,1.0
2021-04-09 21:47:37+00:00,1.95
2021-04-13 02:02:43+00:00,1.0
2021-04-15 20:31:00+00:00,1.0
2021-04-24 18:17:13+00:00,1.0
2021-04-07 07:04:53+00:00,1.0
2021-04-13 11:32:55+00:00,1.0
2021-04-16 06:51:36+00:00,1.0
2021-04-24 23:01:19+00:00,1.0
2021-04-09 15:12:55+00:00,1.0
2021-04-11 17:41:14+00:00,1.0
2021-04-10 02:18:05+00:00,1.95
2021-04-08 07:50:01+00:00,1.0
2021-04-13 15:37:27+00:00,2.0
2021-04-05 21:49:37+00:00,1.0
2021-04-13 08:05:09+00:00,1.0
2021-04-28 07:07:06+00:00,0.0
2021-04-23 06:50:58+00:00,5.0
2021-04-22 18:10:26+00:00,0.0
2021-04-27 08:12:48+00:00,0.0
2021-04-10 00:11:18+00:00,1.95
2021-04-16 12:00:57+00:00,1.0
2021-04-22 14:29:32+00:00,0.0
2021-04-17 03:56:46+00:00,0.0
2021-04-08 19:12:47+00:00,2.0
2021-04-23 02:38:58+00:00,3.0
2021-04-18 17:22:48+00:00,2.0
2021-04-22 07:49:18+00:00,0.0
2021-04-23 02:01:54+00:00,3.0
2021-04-17 07:27:34+00:00,0.0
2021-04-13 04:09:32+00:00,1.0
2021-04-16 09:25:33+00:00,2.0
2021-05-03 04:24:23+00:00,1.0
2021-04-29 17:51:43+00:00,0.0
2021-04-11 02:17:28+00:00,2.0
2021-04-08 21:03:25+00:00,1.0
2021-04-14 11:20:47+00:00,1.0
2021-04-26 21:48:21+00:00,0.0
2021-04-05 22:58:06+00:00,1.0
2021-04-26 20:59:29+00:00,0.0
2021-04-22 00:36:08+00:00,0.0
2021-04-17 08:33:18+00:00,0.0
2021-04-17 17:56:28+00:00,1.0
2021-04-14 02:53:23+00:00,2.0
2021-04-22 13:04:18+00:00,0.0
2021-04-07 16:26:16+00:00,1.0
2021-04-09 11:36:03+00:00,2.0
2021-04-25 04:26:18+00:00,1.0
2021-04-24 23:54:07+00:00,1.0
2021-04-27 03:34:03+00:00,0.0
2021-04-07 04:16:53+00:00,1.0
2021-04-29 10:11:17+00:00,0.0
2021-04-15 05:54:40+00:00,2.0
2021-04-09 15:29:34+00:00,1.0
2021-04-12 03:16:10+00:00,2.0
2021-04-16 06:21:22+00:00,2.0
2021-04-07 00:34:09+00:00,1.0
2021-04-22 01:43:26+00:00,0.0
2021-04-13 15:54:51+00:00,2.0
2021-04-06 22:07:16+00:00,1.0
2021-04-25 22:47:29+00:00,0.0
2021-04-18 13:48:27+00:00,1.0
2021-04-08 20:07:53+00:00,1.0
2021-04-17 18:20:01+00:00,1.0
2021-04-26 09:31:31+00:00,0.0
2021-04-09 03:29:04+00:00,1.0
2021-04-17 07:56:54+00:00,0.0
2021-04-23 19:55:52+00:00,1.0
2021-04-14 16:34:59+00:00,1.0
2021-04-15 06:19:11+00:00,2.0
2021-04-13 20:47:18+00:00,1.0
2021-04-06 18:31:02+00:00,1.0
2021-04-24 10:00:52+00:00,1.0
2021-04-25 08:12:18+00:00,1.0
2021-04-17 22:11:24+00:00,1.0
2021-04-20 20:27:35+00:00,2.0
2021-04-11 12:37:01+00:00,2.0
2021-05-03 08:36:57+00:00,1.0
2021-04-10 08:41:09+00:00,1.95
2021-04-26 08:24:40+00:00,0.0
2021-04-08 11:34:48+00:00,1.0
2021-05-03 13:00:37+00:00,1.0
2021-04-09 09:37:06+00:00,1.0
2021-04-07 09:29:28+00:00,1.0
2021-04-23 01:02:10+00:00,3.0
2021-04-10 00:02:14+00:00,1.95
2021-04-17 03:59:44+00:00,0.0
2021-04-17 18:32:33+00:00,1.0
2021-04-28 16:04:58+00:00,1.0
2021-04-16 20:53:00+00:00,0.0
2021-04-29 20:33:48+00:00,0.0
2021-04-14 22:45:19+00:00,2.0
2021-04-19 09:41:53+00:00,1.0
2021-04-13 16:10:01+00:00,2.0
2021-04-11 03:51:51+00:00,1.0
2021-04-11 18:02:44+00:00,1.0
2021-04-23 23:04:24+00:00,1.0
2021-04-23 09:30:25+00:00,8.5
2021-05-03 21:54:23+00:00,1.0
2021-04-10 01:06:25+00:00,1.95
2021-04-17 17:22:56+00:00,0.0
2021-04-22 21:40:08+00:00,0.0
2021-04-17 07:14:39+00:00,0.0
2021-04-26 20:13:37+00:00,0.0
2021-04-22 09:47:28+00:00,0.0
2021-05-03 01:37:34+00:00,1.0
2021-04-21 18:33:20+00:00,2.0
2021-04-11 08:38:47+00:00,2.0
2021-05-02 19:43:04+00:00,1.0
2021-04-21 03:01:31+00:00,0.0
2021-04-09 08:04:51+00:00,1.0
2021-04-28 22:46:10+00:00,0.0
2021-04-13 12:29:10+00:00,2.0
2021-04-25 14:47:10+00:00,1.0
2021-04-15 07:31:15+00:00,1.0
2021-04-11 05:51:15+00:00,1.0
2021-04-05 22:51:24+00:00,1.0
2021-04-09 23:59:20+00:00,1.95
2021-04-04 23:15:25+00:00,1.0
2021-04-24 16:42:34+00:00,1.0
2021-04-21 09:53:43+00:00,0.0
2021-04-17 02:21:54+00:00,0.0
2021-04-13 19:06:27+00:00,1.0
2021-04-19 17:49:51+00:00,1.0
2021-04-21 00:03:17+00:00,0.0
2021-05-02 17:06:04+00:00,1.0
2021-04-19 08:24:17+00:00,1.0
2021-04-05 01:20:51+00:00,1.0
2021-04-07 20:14:03+00:00,1.0
2021-04-20 20:04:02+00:00,2.0
2021-04-10 16:25:34+00:00,5.0
2021-05-01 00:12:18+00:00,0.0
2021-04-28 14:00:32+00:00,1.0
2021-04-11 00:15:23+00:00,2.0
2021-04-24 04:16:37+00:00,1.0
2021-04-06 19:12:08+00:00,1.0
2021-04-14 15:30:06+00:00,1.0
2021-04-13 19:45:15+00:00,2.0
2021-04-10 13:42:42+00:00,1.95
2021-04-12 11:09:36+00:00,1.0
2021-04-10 07:25:05+00:00,1.95
2021-05-03 06:57:15+00:00,1.0
2021-04-21 02:21:11+00:00,0.0
2021-04-26 18:27:40+00:00,0.0
2021-04-29 19:42:30+00:00,0.0
2021-04-18 10:12:28+00:00,2.0
2021-04-06 19:16:38+00:00,1.0
2021-04-19 03:07:27+00:00,1.0
2021-04-08 18:21:00+00:00,1.0
2021-04-06 12:06:25+00:00,1.0
2021-04-09 02:48:37+00:00,1.0
2021-04-29 13:27:39+00:00,0.0
2021-04-15 23:19:04+00:00,1.0
2021-04-14 23:48:17+00:00,2.0
2021-04-15 23:31:45+00:00,1.0
2021-04-19 17:32:32+00:00,1.0
2021-04-21 16:50:26+00:00,5.0
2021-05-03 01:18:36+00:00,1.0
2021-05-01 23:01:19+00:00,0.0
2021-04-16 00:08:39+00:00,2.0
2021-04-05 10:39:10+00:00,1.0
2021-04-27 17:27:40+00:00,0.0
2021-04-06 12:25:48+00:00,1.0
2021-04-22 04:55:53+00:00,0.0
2021-04-29 16:42:45+00:00,0.0
2021-04-13 20:44:19+00:00,2.0
2021-04-23 01:04:37+00:00,3.0
2021-04-15 17:30:39+00:00,2.0
2021-04-25 00:51:15+00:00,1.0
2021-04-19 18:02:57+00:00,1.0
2021-04-14 10:19:49+00:00,1.0
2021-04-15 15:52:30+00:00,1.0
2021-04-29 05:08:06+00:00,0.0
2021-04-18 19:17:51+00:00,1.0
2021-05-01 15:44:15+00:00,0.0
2021-04-26 23:44:49+00:00,0.0
2021-05-03 04:10:28+00:00,1.0
2021-04-21 02:58:54+00:00,0.0
2021-04-18 22:38:01+00:00,1.0
2021-04-07 19:30:00+00:00,1.0
2021-04-26 23:45:49+00:00,0.0
2021-04-20 09:52:43+00:00,1.0
2021-04-09 11:51:09+00:00,1.0
2021-04-20 16:22:00+00:00,1.0
2021-04-26 09:02:53+00:00,0.0
2021-04-10 14:02:00+00:00,1.95
2021-04-22 23:21:48+00:00,3.0
2021-04-17 07:18:43+00:00,0.0
2021-04-24 18:54:52+00:00,1.0
2021-04-15 01:23:49+00:00,1.0
2021-04-22 06:47:00+00:00,0.0
2021-04-12 20:44:09+00:00,1.0
2021-04-14 23:03:06+00:00,2.0
2021-04-06 14:13:42+00:00,1.0
2021-04-14 12:45:59+00:00,1.0
2021-04-28 22:59:38+00:00,0.0
2021-05-03 10:13:09+00:00,1.0
2021-04-18 04:14:51+00:00,1.0
2021-04-15 12:57:23+00:00,1.0
2021-04-06 02:37:56+00:00,1.0
2021-04-11 22:15:34+00:00,1.0
2021-04-30 13:43:04+00:00,0.0
2021-04-27 18:33:45+00:00,0.0
2021-05-02 10:12:35+00:00,0.0
2021-04-27 14:11:28+00:00,0.0
2021-04-21 02:39:13+00:00,0.0
2021-04-06 18:55:55+00:00,1.0
2021-04-29 18:16:39+00:00,0.0
2021-05-01 19:09:19+00:00,0.0
2021-04-14 05:16:29+00:00,2.0
2021-04-29 12:32:42+00:00,0.0
2021-04-11 14:09:23+00:00,1.0
2021-04-07 13:28:46+00:00,1.0
2021-04-13 06:57:53+00:00,1.0
2021-04-28 12:54:03+00:00,1.0
2021-04-15 04:42:15+00:00,2.0
2021-04-24 21:25:32+00:00,1.0
2021-04-05 06:32:03+00:00,1.0
2021-04-11 10:06:20+00:00,1.0
2021-04-11 17:52:22+00:00,1.0
2021-04-17 14:02:08+00:00,0.0
2021-04-22 03:02:12+00:00,0.0
2021-04-25 20:32:22+00:00,0.0
2021-04-30 04:33:45+00:00,0.0
2021-04-15 03:33:27+00:00,1.0
2021-05-03 07:50:49+00:00,1.0
2021-04-11 13:14:23+00:00,1.0
2021-04-30 01:08:34+00:00,0.0
2021-04-27 21:11:19+00:00,0.0
2021-05-01 12:54:18+00:00,0.0
2021-04-12 16:46:28+00:00,1.0
2021-04-26 11:12:37+00:00,0.0
2021-04-30 15:15:40+00:00,0.0
2021-04-16 04:01:06+00:00,2.0
2021-04-18 23:07:14+00:00,1.0
2021-05-01 23:29:03+00:00,0.0
2021-04-11 02:23:32+00:00,1.0
2021-04-08 20:19:11+00:00,1.0
2021-04-14 01:12:36+00:00,2.0
2021-04-21 05:30:49+00:00,0.0
2021-04-10 11:29:22+00:00,1.95
2021-04-07 04:49:14+00:00,1.0
2021-04-21 20:09:15+00:00,1.0
2021-04-17 19:37:02+00:00,2.0
2021-05-03 09:29:39+00:00,1.0
2021-04-27 03:15:25+00:00,0.0
2021-04-07 02:45:36+00:00,1.0
2021-04-05 05:10:15+00:00,2.0
2021-04-13 16:16:39+00:00,2.0
2021-05-03 20:25:37+00:00,1.0
2021-04-19 10:00:24+00:00,2.0
2021-04-22 14:03:05+00:00,0.0
2021-04-08 01:23:43+00:00,2.0
2021-04-07 11:20:41+00:00,1.0
2021-04-05 18:38:24+00:00,1.0
2021-04-20 23:53:49+00:00,0.0
2021-04-10 14:58:26+00:00,11.0
2021-04-10 11:51:15+00:00,1.95
2021-04-21 07:56:26+00:00,0.0
2021-04-23 03:49:40+00:00,2.0
2021-04-08 10:55:58+00:00,1.0
2021-04-11 16:53:35+00:00,1.0
2021-04-20 02:47:03+00:00,2.0
2021-04-27 03:58:54+00:00,0.0
2021-04-17 17:41:37+00:00,1.0
2021-04-29 12:52:05+00:00,0.0
2021-04-30 15:03:21+00:00,0.0
2021-04-14 04:52:56+00:00,1.0
2021-04-12 09:34:39+00:00,1.0
2021-04-19 22:40:36+00:00,2.0
2021-04-09 02:38:42+00:00,1.0
2021-04-18 05:51:39+00:00,1.0
2021-04-07 23:04:22+00:00,1.0
2021-04-13 05:14:13+00:00,1.0
2021-04-16 23:49:53+00:00,0.0
2021-04-08 04:42:06+00:00,1.0
2021-04-19 12:52:43+00:00,2.0
2021-04-06 17:10:16+00:00,1.0
2021-04-17 03:26:01+00:00,0.0
2021-04-18 11:04:48+00:00,2.0
2021-04-15 07:30:19+00:00,1.0
2021-04-05 18:49:34+00:00,1.0
2021-04-29 18:07:56+00:00,0.0
2021-04-29 02:10:37+00:00,0.0
2021-04-23 23:52:03+00:00,1.0
2021-04-13 11:51:25+00:00,1.0
2021-04-11 03:46:56+00:00,2.0
2021-05-03 14:31:11+00:00,1.0
2021-04-19 08:09:00+00:00,1.0
2021-04-05 05:19:10+00:00,1.0
2021-04-25 21:14:14+00:00,0.0
2021-04-16 22:42:25+00:00,0.0
2021-04-21 19:38:25+00:00,2.0
2021-04-14 01:58:28+00:00,1.0
2021-04-23 00:20:05+00:00,2.0
2021-04-28 04:50:00+00:00,0.0
2021-04-24 18:39:08+00:00,1.0
2021-04-21 15:02:37+00:00,0.0
2021-04-05 01:23:06+00:00,1.0
2021-04-12 13:53:43+00:00,1.0
2021-04-14 19:35:07+00:00,2.0
2021-04-19 17:58:59+00:00,1.0
2021-05-02 03:12:16+00:00,0.0
2021-05-01 07:23:58+00:00,0.0
2021-05-01 08:25:18+00:00,0.0
2021-04-22 00:26:26+00:00,0.0
2021-05-02 20:32:04+00:00,1.0
2021-04-21 19:52:44+00:00,2.0
2021-04-13 01:55:46+00:00,1.0
2021-05-02 19:56:50+00:00,1.0
2021-04-24 09:06:07+00:00,1.0
2021-04-28 16:27:24+00:00,1.0
2021-04-30 18:14:14+00:00,0.0
2021-04-18 16:35:07+00:00,1.0
2021-04-28 16:43:09+00:00,1.0
2021-04-29 02:49:43+00:00,0.0
2021-04-14 12:40:02+00:00,1.0
2021-04-13 11:56:06+00:00,1.0
2021-04-27 06:57:04+00:00,0.0
2021-04-15 23:51:27+00:00,2.0
2021-04-21 08:45:02+00:00,0.0
2021-04-30 19:18:26+00:00,0.0
2021-04-15 08:11:39+00:00,2.0
2021-04-21 01:59:11+00:00,0.0
2021-04-12 09:12:05+00:00,1.0
2021-04-11 12:47:43+00:00,1.0
2021-04-15 05:59:41+00:00,1.0
2021-04-26 08:21:10+00:00,0.0
2021-04-16 22:40:43+00:00,0.0
2021-04-17 08:07:52+00:00,0.0
2021-05-03 00:42:53+00:00,1.0
2021-04-14 20:17:13+00:00,1.0
2021-04-20 19:42:12+00:00,1.0
2021-04-24 04:50:01+00:00,1.0
2021-04-07 21:31:18+00:00,1.0
2021-04-16 13:22:36+00:00,2.0
2021-04-29 02:58:08+00:00,0.0
2021-04-08 16:43:48+00:00,2.0
2021-04-13 14:29:52+00:00,1.0
2021-05-02 06:56:41+00:00,0.0
2021-04-13 03:23:49+00:00,1.0
2021-04-05 23:28:14+00:00,1.0
2021-04-27 18:30:19+00:00,0.0
2021-04-14 02:54:47+00:00,2.0
2021-04-11 14:18:10+00:00,2.0
2021-04-24 12:48:01+00:00,1.0
2021-04-16 12:56:00+00:00,2.0
2021-04-11 19:00:46+00:00,2.0
2021-04-08 07:51:30+00:00,1.0
2021-05-03 11:27:57+00:00,1.0
2021-04-16 22:40:49+00:00,0.0
2021-04-12 04:20:56+00:00,2.0
2021-04-20 20:26:23+00:00,1.5
2021-04-09 03:37:29+00:00,2.0
2021-04-24 23:38:55+00:00,1.0
2021-04-15 15:04:55+00:00,1.5
2021-04-14 04:49:36+00:00,2.0
2021-04-26 08:15:38+00:00,0.0
2021-04-10 07:00:20+00:00,1.95
2021-04-22 19:48:20+00:00,0.0
2021-04-07 12:06:03+00:00,1.0
2021-04-12 13:29:47+00:00,1.0
2021-04-27 02:00:44+00:00,0.0
2021-04-24 14:16:17+00:00,1.0
2021-04-18 06:06:30+00:00,1.0
2021-05-03 00:30:10+00:00,1.0
2021-04-24 20:43:02+00:00,1.0
2021-04-24 10:19:13+00:00,1.0
2021-04-28 17:25:31+00:00,1.0
2021-04-08 16:35:25+00:00,1.0
2021-04-12 02:23:41+00:00,2.0
2021-04-06 20:18:43+00:00,1.0
2021-04-28 03:56:02+00:00,0.0
2021-04-21 12:19:08+00:00,0.0
2021-04-19 06:40:45+00:00,2.0
2021-05-03 20:16:49+00:00,1.0
2021-04-06 07:20:59+00:00,1.0
2021-04-20 12:11:42+00:00,1.0
2021-04-25 16:44:46+00:00,1.0
2021-05-02 06:26:24+00:00,0.0
2021-04-21 07:49:51+00:00,0.0
2021-04-18 05:09:28+00:00,1.0
2021-05-01 03:00:07+00:00,0.0
2021-04-10 14:06:36+00:00,1.95
2021-04-07 18:48:20+00:00,1.0
2021-04-06 01:57:19+00:00,1.0
2021-04-12 10:02:32+00:00,1.0
2021-04-17 21:39:21+00:00,1.0
2021-05-03 06:48:05+00:00,1.0
2021-04-07 15:51:04+00:00,1.0
2021-04-17 03:33:52+00:00,0.0
2021-04-19 11:33:36+00:00,1.0
2021-04-29 11:22:34+00:00,0.0
2021-04-20 18:00:51+00:00,2.0
2021-04-10 17:19:14+00:00,415.0
2021-05-03 23:43:34+00:00,1.0
2021-04-10 05:44:35+00:00,1.95
2021-04-09 11:18:21+00:00,2.0
2021-04-22 17:23:52+00:00,0.0
2021-04-16 00:42:09+00:00,1.0
2021-04-24 06:00:21+00:00,1.0
2021-04-27 20:06:45+00:00,0.0
2021-04-15 10:50:47+00:00,1.0
2021-04-24 01:30:55+00:00,1.0
2021-04-23 08:54:41+00:00,8.5
2021-04-21 04:02:03+00:00,0.0
2021-05-02 07:07:30+00:00,0.0
2021-04-24 07:48:42+00:00,1.0
2021-04-14 11:58:00+00:00,1.0
2021-04-24 19:30:47+00:00,1.0
2021-04-13 07:26:12+00:00,2.0
2021-04-28 14:54:55+00:00,1.0
2021-04-24 14:41:48+00:00,1.0
2021-04-10 17:38:01+00:00,1.5
2021-04-06 15:14:20+00:00,1.0
2021-04-15 01:31:05+00:00,1.0
2021-05-01 00:30:20+00:00,0.0
2021-04-16 23:24:49+00:00,0.0
2021-04-18 18:36:01+00:00,1.0
2021-05-03 02:53:52+00:00,1.0
2021-04-06 03:03:32+00:00,1.0
2021-04-16 23:10:07+00:00,0.0
2021-04-25 20:48:28+00:00,0.0
2021-04-19 11:01:12+00:00,1.0
2021-04-15 03:05:08+00:00,1.0
2021-04-30 14:48:22+00:00,0.0
2021-04-27 22:53:39+00:00,0.0
2021-04-15 01:16:03+00:00,2.0
2021-05-01 18:16:31+00:00,0.0
2021-04-14 21:13:52+00:00,1.0
2021-04-20 20:23:23+00:00,1.0
2021-05-03 20:39:37+00:00,1.0
2021-04-12 03:42:34+00:00,1.0
2021-04-22 22:39:08+00:00,3.0
2021-04-19 06:40:25+00:00,1.0
2021-04-25 13:11:29+00:00,1.0
2021-05-01 15:30:36+00:00,0.0
2021-04-04 23:55:02+00:00,1.0
2021-04-08 03:00:26+00:00,1.0
2021-04-30 02:51:15+00:00,0.0
2021-05-01 21:21:52+00:00,0.0
2021-04-27 02:59:14+00:00,0.0
2021-04-25 01:56:49+00:00,1.0
2021-04-11 14:23:26+00:00,1.0
2021-05-01 00:44:19+00:00,0.0
2021-04-05 01:47:39+00:00,1.0
2021-04-06 11:20:38+00:00,1.0
2021-04-21 14:37:22+00:00,0.0
2021-04-16 03:47:21+00:00,2.0
2021-04-17 03:50:53+00:00,0.0
2021-04-11 14:34:35+00:00,2.0
2021-04-13 02:23:31+00:00,1.0
2021-04-17 23:58:27+00:00,1.0
2021-04-29 14:28:36+00:00,0.0
2021-04-11 07:50:19+00:00,2.0
2021-04-10 01:25:51+00:00,1.95
2021-04-29 03:53:15+00:00,0.0
2021-04-17 16:54:29+00:00,0.0
2021-04-28 03:57:04+00:00,0.0
2021-05-03 16:28:33+00:00,1.0
2021-04-28 07:34:44+00:00,0.0
2021-04-22 01:34:25+00:00,0.0
2021-04-17 22:28:43+00:00,1.0
2021-04-19 18:47:15+00:00,1.0
2021-05-03 11:44:46+00:00,1.0
2021-04-05 01:06:16+00:00,1.0
2021-04-30 01:48:10+00:00,0.0
2021-04-11 16:36:22+00:00,1.0
2021-04-16 19:18:08+00:00,0.0
2021-04-06 10:57:37+00:00,1.0
2021-04-27 20:25:09+00:00,0.0
2021-04-17 08:51:13+00:00,0.0
2021-04-27 13:06:26+00:00,0.0
2021-05-02 05:08:36+00:00,0.0
2021-04-18 17:11:20+00:00,1.0
2021-04-21 14:10:37+00:00,0.0
2021-04-09 06:09:22+00:00,2.0
2021-04-07 18:48:22+00:00,1.0
2021-04-26 07:54:53+00:00,0.0
2021-04-24 15:55:48+00:00,1.0
2021-04-28 18:58:54+00:00,1.0
2021-04-20 16:45:02+00:00,1.0
2021-04-30 07:29:34+00:00,0.0
2021-05-03 14:40:55+00:00,1.0
2021-05-02 12:08:37+00:00,0.0
2021-04-16 19:03:39+00:00,0.0
2021-04-24 01:46:18+00:00,1.0
2021-04-16 20:25:50+00:00,0.0
2021-04-09 02:16:05+00:00,1.0
2021-04-05 23:45:38+00:00,1.0
2021-04-23 02:47:24+00:00,3.0
2021-04-09 16:32:59+00:00,2.0
2021-04-22 10:47:25+00:00,0.0
2021-04-28 20:27:55+00:00,1.0
2021-04-17 05:42:29+00:00,0.0
2021-04-19 14:14:37+00:00,1.0
2021-04-18 21:07:58+00:00,1.0
2021-04-14 11:37:12+00:00,1.0
2021-04-18 08:18:45+00:00,1.0
2021-04-21 22:19:59+00:00,0.0
2021-04-26 02:22:18+00:00,0.0
2021-04-20 10:39:21+00:00,1.0
2021-04-08 19:54:13+00:00,1.0
2021-04-06 15:49:38+00:00,1.0
2021-04-07 04:46:09+00:00,1.0
2021-04-22 03:41:23+00:00,0.0
2021-04-08 05:38:22+00:00,1.0
2021-04-12 17:26:31+00:00,1.0
2021-04-29 20:31:48+00:00,0.0
2021-05-02 01:15:54+00:00,0.0
2021-04-15 08:12:38+00:00,2.0
2021-04-19 08:32:44+00:00,1.0
2021-04-18 17:48:02+00:00,1.0
2021-04-20 14:54:28+00:00,1.0
2021-04-25 12:55:58+00:00,1.0
2021-04-30 18:09:11+00:00,0.0
2021-04-27 07:38:01+00:00,0.0
2021-04-25 08:41:01+00:00,1.0
2021-05-02 14:42:14+00:00,1.0
2021-04-13 13:29:02+00:00,2.0
2021-04-17 20:50:05+00:00,2.0
2021-04-08 16:56:35+00:00,1.0
2021-04-23 16:49:52+00:00,1.0
2021-04-08 17:14:11+00:00,1.0
2021-04-08 18:00:53+00:00,1.0
2021-04-21 07:49:29+00:00,0.0
2021-04-08 12:05:08+00:00,1.0
2021-04-11 06:17:22+00:00,1.0
2021-04-22 03:11:12+00:00,0.0
2021-04-26 12:51:19+00:00,0.0
2021-04-25 16:21:49+00:00,1.0
2021-04-07 08:23:59+00:00,1.0
2021-04-28 14:53:20+00:00,1.0
2021-04-19 03:37:44+00:00,1.0
2021-04-17 08:30:13+00:00,0.0
2021-04-21 07:15:13+00:00,0.0
2021-04-18 08:24:13+00:00,2.0
2021-04-21 15:33:38+00:00,0.0
2021-04-28 08:16:14+00:00,0.0
2021-04-30 09:10:12+00:00,0.0
2021-04-17 22:18:50+00:00,2.0
2021-04-19 21:04:12+00:00,1.0
2021-04-09 21:35:42+00:00,1.0
2021-04-22 17:02:09+00:00,0.0
2021-04-09 09:13:48+00:00,1.0
2021-04-11 21:30:19+00:00,2.0
2021-04-21 00:44:12+00:00,0.0
2021-04-11 22:35:05+00:00,1.0
2021-04-15 04:57:55+00:00,2.0
2021-04-21 01:25:24+00:00,0.0
2021-04-12 19:09:20+00:00,1.0
2021-04-04 21:51:53+00:00,1.0
2021-04-27 23:42:59+00:00,0.0
2021-05-01 08:27:12+00:00,0.0
2021-04-21 04:27:40+00:00,0.0
2021-04-10 05:05:46+00:00,1.95
2021-04-30 09:32:13+00:00,0.0
2021-04-20 02:52:03+00:00,1.0
2021-04-05 17:53:49+00:00,1.0
2021-04-22 05:54:29+00:00,0.0
2021-05-01 16:41:07+00:00,0.0
2021-04-15 18:28:54+00:00,2.0
2021-04-09 08:56:16+00:00,1.0
2021-04-18 11:22:32+00:00,2.0
2021-04-26 06:14:52+00:00,0.0
2021-04-19 18:57:24+00:00,2.0
2021-04-07 04:04:08+00:00,1.0
2021-04-24 10:19:39+00:00,1.0
2021-04-14 18:15:54+00:00,2.0
2021-04-25 03:46:14+00:00,1.0
2021-04-10 21:26:05+00:00,1.0
2021-05-02 22:54:32+00:00,1.0
2021-04-28 12:14:46+00:00,1.0
2021-04-11 21:08:50+00:00,1.5
2021-04-22 09:23:32+00:00,0.0
2021-05-03 08:01:24+00:00,1.0
2021-04-16 01:30:15+00:00,1.0
2021-04-09 07:30:47+00:00,1.0
2021-04-11 06:55:03+00:00,1.0
2021-04-21 01:58:08+00:00,0.0
2021-04-29 00:44:53+00:00,0.0
2021-04-13 21:39:48+00:00,1.0
2021-04-11 16:29:27+00:00,2.0
2021-04-17 22:40:09+00:00,2.0
2021-04-05 14:19:33+00:00,1.0
2021-04-07 08:59:52+00:00,1.0
2021-04-12 11:35:15+00:00,1.0
2021-04-15 12:28:33+00:00,2.0
2021-05-01 22:24:39+00:00,0.0
2021-04-30 04:49:11+00:00,0.0
2021-04-05 05:04:51+00:00,1.0
2021-05-03 17:52:28+00:00,1.0
2021-04-12 20:58:12+00:00,1.0
2021-05-02 17:45:23+00:00,1.0
2021-04-19 11:16:23+00:00,2.0
2021-04-28 20:29:49+00:00,1.0
2021-04-18 04:28:26+00:00,1.0
2021-04-28 07:01:02+00:00,0.0
2021-04-19 09:09:44+00:00,1.0
2021-04-16 06:49:48+00:00,2.0
2021-04-12 08:05:21+00:00,1.0
2021-04-26 02:24:54+00:00,0.0
2021-04-08 04:50:35+00:00,1.0
2021-04-07 18:29:11+00:00,1.0
2021-04-11 20:14:50+00:00,1.0
2021-04-07 00:16:38+00:00,1.0
2021-04-29 03:53:47+00:00,0.0
2021-04-06 17:12:01+00:00,1.0
2021-04-08 17:27:23+00:00,1.0
2021-04-17 20:53:30+00:00,2.0
2021-04-24 13:54:29+00:00,1.0
2021-05-03 21:05:29+00:00,1.0
2021-04-20 04:36:44+00:00,1.0
2021-04-13 02:42:59+00:00,1.0
2021-04-11 00:47:25+00:00,2.0
2021-04-28 21:42:53+00:00,1.0
2021-04-22 21:41:49+00:00,0.0
2021-04-18 05:57:43+00:00,2.0
2021-04-29 21:38:18+00:00,0.0
2021-04-20 17:50:38+00:00,1.0
2021-04-30 07:37:30+00:00,0.0
2021-04-10 12:46:21+00:00,1.95
2021-04-20 20:50:44+00:00,2.0
2021-04-14 08:07:46+00:00,2.0
2021-04-20 22:17:57+00:00,0.0
2021-05-03 02:33:07+00:00,1.0
2021-04-15 15:17:58+00:00,2.0
2021-04-24 15:27:44+00:00,1.0
2021-04-06 21:04:22+00:00,1.0
2021-04-25 10:51:58+00:00,1.0
2021-04-16 20:23:51+00:00,0.0
2021-04-25 04:35:55+00:00,1.0
2021-04-06 19:15:39+00:00,1.0
2021-05-02 06:15:20+00:00,0.0
2021-04-09 08:39:27+00:00,1.0
2021-04-08 09:59:11+00:00,273.0
2021-04-28 04:41:13+00:00,0.0
2021-04-06 03:40:58+00:00,1.0
2021-04-28 23:29:49+00:00,0.0
2021-04-26 09:05:45+00:00,0.0
2021-04-30 19:43:03+00:00,0.0
2021-04-11 12:04:08+00:00,1.0
2021-04-05 20:41:43+00:00,1.0
2021-04-26 06:25:10+00:00,0.0
2021-04-09 20:51:01+00:00,1.0
2021-04-20 19:21:02+00:00,2.0
2021-04-11 21:57:05+00:00,1.0
2021-04-08 08:22:09+00:00,1.0
2021-04-27 18:43:30+00:00,0.0
2021-04-19 09:35:24+00:00,2.0
2021-04-27 08:30:19+00:00,0.0
2021-04-25 09:13:14+00:00,2474.0
2021-04-15 21:00:27+00:00,1.0
2021-05-02 12:26:42+00:00,0.0
2021-04-17 03:55:16+00:00,0.0
2021-04-18 05:00:33+00:00,2.0
2021-04-05 18:43:46+00:00,1.0
2021-04-20 11:34:01+00:00,1.0
2021-04-09 19:32:07+00:00,1.0
2021-04-21 00:47:51+00:00,0.0
2021-05-03 10:21:44+00:00,1.0
2021-04-12 23:33:42+00:00,1.0
2021-04-29 03:52:28+00:00,0.0
2021-04-07 14:59:29+00:00,1.0
2021-04-07 02:51:51+00:00,1.0
2021-05-01 13:24:28+00:00,0.0
2021-04-17 03:23:40+00:00,0.0
2021-05-01 08:18:16+00:00,0.0
2021-04-15 03:41:11+00:00,1.0
2021-04-05 22:39:45+00:00,1.0
2021-04-15 14:20:23+00:00,1.0
2021-04-08 22:48:40+00:00,2.0
2021-04-08 16:27:16+00:00,1.0
2021-04-23 05:36:19+00:00,3.0
2021-04-11 07:41:51+00:00,2.0
2021-04-12 19:43:41+00:00,1.0
2021-04-12 09:12:39+00:00,1.0
2021-04-22 18:57:13+00:00,0.0
2021-04-16 18:56:17+00:00,0.0
2021-04-17 03:58:11+00:00,0.0
2021-04-05 18:46:55+00:00,1.0
2021-04-24 12:42:24+00:00,1.0
2021-05-03 10:42:31+00:00,1.0
2021-04-08 09:31:13+00:00,2429.0
2021-04-21 22:25:36+00:00,0.0
2021-04-20 15:56:57+00:00,1.0
2021-04-05 15:01:06+00:00,1.0
2021-04-29 00:45:45+00:00,0.0
2021-04-06 02:57:14+00:00,1.0
2021-04-21 18:04:13+00:00,1.0
2021-04-21 17:48:42+00:00,2.0
2021-04-15 18:39:16+00:00,1.0
2021-05-03 21:17:07+00:00,1.0
2021-04-11 06:11:33+00:00,2.0
2021-04-12 19:19:42+00:00,2.0
2021-04-13 14:24:31+00:00,2.0
2021-04-30 01:47:33+00:00,0.0
2021-04-11 08:39:34+00:00,1.0
2021-04-15 23:31:43+00:00,1.0
2021-04-28 05:43:29+00:00,0.0
2021-04-06 21:47:09+00:00,1.0
2021-04-18 18:30:55+00:00,1.0
2021-04-25 19:12:07+00:00,0.0
2021-04-06 11:37:32+00:00,1.0
2021-04-05 14:57:22+00:00,1.0
2021-04-13 23:23:17+00:00,2.0
2021-04-13 16:01:03+00:00,1.0
2021-04-07 19:31:50+00:00,1.0
2021-04-06 08:41:48+00:00,1.0
2021-04-19 04:46:10+00:00,1.0
2021-05-02 15:40:25+00:00,1.0
2021-04-28 05:10:01+00:00,0.0
2021-04-30 18:55:42+00:00,0.0
2021-04-20 02:29:29+00:00,2.0
2021-04-08 00:41:24+00:00,1.0
2021-04-26 11:47:24+00:00,0.0
2021-04-27 13:21:50+00:00,0.0
2021-04-22 09:22:35+00:00,0.0
2021-04-30 20:17:17+00:00,0.0
2021-04-08 22:07:27+00:00,1.0
2021-04-24 17:34:40+00:00,1.0
2021-04-26 09:09:35+00:00,0.0
2021-05-01 15:25:32+00:00,0.0
2021-04-21 18:14:20+00:00,1.0
2021-04-23 10:13:31+00:00,5.0
2021-04-12 00:14:11+00:00,2.0
2021-04-20 17:36:36+00:00,1.0
2021-04-28 11:41:49+00:00,1.0
2021-04-16 11:13:23+00:00,1.0
2021-04-09 08:34:25+00:00,1.0
2021-05-01 15:52:18+00:00,0.0
2021-04-18 06:18:19+00:00,1.0
2021-04-26 10:08:49+00:00,0.0
2021-05-03 02:21:02+00:00,1.0
2021-04-08 11:42:35+00:00,1.0
2021-05-03 17:56:27+00:00,1.0
2021-04-15 13:42:01+00:00,2.0
2021-04-26 19:08:03+00:00,0.0
2021-04-27 12:36:35+00:00,0.0
2021-04-09 06:08:19+00:00,1.0
2021-04-19 13:04:57+00:00,1.0
2021-04-26 12:20:48+00:00,0.0
2021-04-15 12:56:51+00:00,2.0
2021-04-24 10:46:49+00:00,1.0
2021-04-13 14:41:47+00:00,1.0
2021-04-16 22:56:50+00:00,0.0
2021-04-12 23:49:00+00:00,1.0
2021-04-23 17:46:11+00:00,1.0
2021-04-09 06:59:43+00:00,1.0
2021-04-20 12:10:42+00:00,1.0
2021-04-22 04:28:34+00:00,0.0
2021-04-23 08:01:26+00:00,8.5
2021-04-12 04:53:21+00:00,1.0
2021-05-02 13:15:42+00:00,32.0
2021-04-10 13:12:04+00:00,1.95
2021-05-01 21:56:59+00:00,0.0
2021-04-14 02:57:43+00:00,1.0
2021-05-02 09:43:13+00:00,0.0
2021-04-25 05:24:51+00:00,1.0
2021-04-17 22:14:30+00:00,2.0
2021-04-09 21:15:20+00:00,2.0
2021-04-11 18:47:18+00:00,1.0
2021-04-14 02:25:22+00:00,1.0
2021-04-08 20:56:16+00:00,2.0
2021-04-22 11:41:35+00:00,0.0
2021-04-17 06:13:54+00:00,0.0
2021-04-24 01:43:37+00:00,1.0
2021-05-01 08:36:12+00:00,0.0
2021-04-16 02:55:22+00:00,2.0
2021-04-20 01:11:00+00:00,1.0
2021-04-28 13:09:02+00:00,1.0
2021-04-29 05:08:52+00:00,0.0
2021-04-09 05:22:10+00:00,2.0
2021-04-22 10:54:14+00:00,0.0
2021-04-28 05:47:49+00:00,0.0
2021-04-22 03:01:13+00:00,0.0
2021-04-29 23:58:19+00:00,0.0
2021-04-10 02:55:46+00:00,1.95
2021-05-03 20:00:21+00:00,1.0
2021-04-17 19:58:31+00:00,2.0
2021-04-18 15:12:09+00:00,1.0
2021-04-26 01:20:07+00:00,0.0
2021-04-09 11:52:27+00:00,1.0
2021-05-02 10:23:27+00:00,0.0
2021-05-02 18:39:35+00:00,1.0
2021-05-03 03:52:34+00:00,1.0
2021-04-20 15:04:15+00:00,1.0
2021-04-24 15:01:37+00:00,1.0
2021-04-16 14:58:35+00:00,1.0
2021-04-19 18:51:19+00:00,1.0
2021-04-11 01:30:51+00:00,1.0
2021-04-27 15:25:09+00:00,0.0
2021-04-24 19:11:34+00:00,1.0
2021-04-20 17:59:50+00:00,1.0
2021-04-25 08:48:31+00:00,1.0
2021-04-20 03:31:33+00:00,1.0
2021-04-30 14:11:53+00:00,0.0
2021-05-02 04:31:24+00:00,0.0
2021-04-17 03:40:06+00:00,0.0
2021-04-09 13:16:03+00:00,1.0
2021-04-06 08:53:20+00:00,1.0
2021-04-18 06:35:56+00:00,2.0
2021-04-12 22:21:27+00:00,1.0
2021-04-05 18:21:00+00:00,1.0
2021-05-01 04:40:30+00:00,0.0
2021-04-25 12:32:04+00:00,1.0
2021-04-27 02:00:20+00:00,0.0
2021-04-17 10:31:09+00:00,0.0
2021-04-07 07:44:18+00:00,1.0
2021-04-09 23:09:16+00:00,1.95
2021-04-07 21:59:55+00:00,1.0
2021-04-13 01:17:10+00:00,1.0
2021-04-22 06:32:22+00:00,0.0
2021-04-24 23:59:36+00:00,1.0
2021-04-07 22:11:02+00:00,1.0
2021-04-16 06:28:20+00:00,2.0
2021-04-16 06:52:18+00:00,2.0
2021-04-23 06:53:56+00:00,5.0
2021-05-03 15:28:41+00:00,1.0
2021-04-05 09:42:42+00:00,1.0
2021-04-16 21:21:10+00:00,0.0
2021-04-07 12:51:00+00:00,1.0
2021-04-13 10:22:53+00:00,2.0
2021-04-08 22:53:22+00:00,2.0
2021-04-15 22:44:55+00:00,2.0
2021-04-14 20:16:33+00:00,1.0
2021-04-19 09:48:51+00:00,1.0
2021-05-02 19:42:11+00:00,1.0
2021-04-14 08:34:37+00:00,1.0
2021-04-12 00:44:59+00:00,1.0
2021-04-22 11:22:52+00:00,0.0
2021-04-10 07:33:41+00:00,1.95
2021-04-23 00:33:05+00:00,3.0
2021-04-11 12:56:21+00:00,1.0
2021-04-12 09:15:59+00:00,2.0
2021-04-29 06:20:14+00:00,0.0
2021-04-30 13:10:14+00:00,0.0
2021-04-26 05:40:56+00:00,0.0
2021-04-08 08:12:14+00:00,1.0
2021-04-23 07:43:14+00:00,3.0
2021-04-30 16:07:18+00:00,0.0
2021-04-18 16:14:26+00:00,2.0
2021-04-13 21:34:34+00:00,1.0
2021-04-17 17:12:54+00:00,0.0
2021-04-10 17:06:26+00:00,122.0
2021-04-06 23:06:40+00:00,1.0
2021-04-10 19:03:30+00:00,1.0
2021-04-23 13:10:53+00:00,5.0
2021-04-29 16:06:39+00:00,0.0
2021-04-10 10:11:03+00:00,1.95
2021-04-09 01:11:05+00:00,1.0
2021-05-02 15:21:25+00:00,1.0
2021-04-22 19:33:37+00:00,0.0
2021-04-26 05:24:41+00:00,0.0
2021-04-18 17:45:26+00:00,1.0
2021-04-06 13:01:14+00:00,1.0
2021-04-13 17:00:56+00:00,2.0
2021-05-01 22:28:18+00:00,0.0
2021-04-24 04:03:06+00:00,1.0
2021-04-07 08:00:15+00:00,1.0
2021-05-02 00:23:27+00:00,0.0
2021-04-19 13:42:00+00:00,1.0
2021-04-09 00:55:21+00:00,2.0
2021-04-29 23:28:01+00:00,0.0
2021-04-15 15:32:48+00:00,1.0
2021-04-11 05:41:07+00:00,2.0
2021-04-10 19:32:31+00:00,2.0
2021-04-13 03:15:37+00:00,1.0
2021-04-18 16:30:10+00:00,1.0
2021-04-17 16:47:08+00:00,0.0
2021-04-17 07:30:19+00:00,0.0
2021-04-28 02:55:28+00:00,0.0
2021-04-19 09:16:55+00:00,2.0
2021-04-23 23:10:00+00:00,1.0
2021-04-05 23:12:36+00:00,1.0
2021-04-21 20:44:35+00:00,1.0
2021-04-12 10:48:29+00:00,1.0
2021-04-24 09:05:02+00:00,1.0
2021-04-14 04:49:00+00:00,2.0
2021-05-01 14:00:58+00:00,0.0
2021-04-20 08:58:10+00:00,1.0
2021-04-22 03:03:04+00:00,0.0
2021-04-20 03:10:33+00:00,1.0
2021-04-17 00:30:17+00:00,0.0
2021-04-28 19:49:57+00:00,1.0
2021-04-06 09:17:22+00:00,1.0
2021-04-05 01:39:56+00:00,1.0
2021-04-10 12:36:36+00:00,1.95
2021-04-09 10:41:29+00:00,1.0
2021-04-07 22:56:44+00:00,1.0
2021-04-27 12:54:48+00:00,0.0
2021-04-30 03:47:49+00:00,0.0
2021-04-07 21:24:52+00:00,1.0
2021-04-05 05:36:53+00:00,1.0
2021-04-06 13:14:26+00:00,1.0
2021-04-07 09:06:41+00:00,1.0
2021-04-11 20:07:08+00:00,2.0
2021-04-19 17:23:41+00:00,1.0
2021-04-29 23:39:17+00:00,0.0
2021-04-13 10:43:53+00:00,2.0
2021-04-30 14:37:51+00:00,0.0
2021-04-19 22:00:57+00:00,2.0
2021-04-25 15:44:02+00:00,1.0
2021-04-18 15:14:12+00:00,1.0
2021-04-16 03:22:38+00:00,2.0
2021-04-07 19:05:08+00:00,1.0
2021-04-26 19:27:56+00:00,0.0
2021-04-17 16:47:36+00:00,0.0
2021-04-15 21:25:52+00:00,2.0
2021-04-08 14:36:11+00:00,1.0
2021-04-16 21:12:46+00:00,0.0
2021-04-12 03:08:23+00:00,1.0
2021-04-12 13:15:48+00:00,1.0
2021-04-30 07:24:41+00:00,0.0
2021-04-06 13:41:51+00:00,1.0
2021-05-01 08:05:27+00:00,0.0
2021-04-16 23:09:24+00:00,0.0
2021-04-05 04:30:06+00:00,1.0
2021-04-15 03:51:46+00:00,2.0
2021-04-26 09:34:41+00:00,0.0
2021-04-30 01:21:56+00:00,0.0
2021-04-23 08:44:33+00:00,8.5
2021-04-17 14:34:22+00:00,0.0
2021-04-12 05:58:13+00:00,2.0
2021-04-18 06:57:53+00:00,1.0
2021-04-09 17:28:08+00:00,1.0
2021-04-30 14:16:22+00:00,0.0
2021-04-07 03:25:37+00:00,1.0
2021-04-12 12:20:14+00:00,2.0
2021-04-21 18:45:16+00:00,1.0
2021-04-20 08:17:28+00:00,1.0
2021-04-23 03:00:17+00:00,3.0
2021-04-22 09:03:31+00:00,0.0
2021-04-18 15:00:42+00:00,1.0
2021-04-14 08:43:56+00:00,1.0
2021-04-08 10:15:40+00:00,423.0
2021-05-03 19:32:39+00:00,1.0
2021-04-22 08:47:42+00:00,0.0
2021-04-19 02:16:45+00:00,2.0
2021-04-28 16:11:18+00:00,1.0
2021-04-18 14:47:45+00:00,1.0
2021-04-29 08:42:42+00:00,0.0
2021-04-08 20:22:32+00:00,1.0
2021-04-21 04:16:59+00:00,0.0
2021-04-11 03:13:35+00:00,1.0
2021-04-24 22:16:15+00:00,1.0
2021-04-27 02:47:37+00:00,0.0
2021-05-02 10:27:42+00:00,0.0
2021-04-17 10:15:14+00:00,0.0
2021-04-17 02:18:46+00:00,0.0
2021-04-20 19:08:47+00:00,1.0
2021-04-08 09:56:56+00:00,182.0
2021-04-27 14:57:47+00:00,0.0
2021-04-11 04:00:43+00:00,2.0
2021-04-12 06:24:06+00:00,2.0
2021-04-19 05:00:37+00:00,2.0
2021-04-23 04:20:53+00:00,3.0
2021-04-30 14:45:55+00:00,0.0
2021-04-18 05:02:53+00:00,2.0
2021-04-14 14:01:14+00:00,1.0
2021-04-09 00:20:04+00:00,1.0
2021-05-01 22:28:07+00:00,0.0
2021-05-01 00:01:47+00:00,0.0
2021-04-19 20:02:31+00:00,1.0
2021-04-09 08:30:23+00:00,1.0
2021-05-03 03:16:05+00:00,1.0
2021-04-09 22:19:50+00:00,1.95
2021-04-21 20:58:24+00:00,2.0
2021-04-27 10:40:25+00:00,0.0
2021-04-06 01:47:23+00:00,1.0
2021-04-29 18:26:52+00:00,0.0
2021-05-03 21:54:07+00:00,1.0
2021-04-05 22:35:51+00:00,1.0
2021-04-19 09:33:22+00:00,1.0
2021-04-24 02:01:10+00:00,1.0
2021-04-26 10:29:53+00:00,0.0
2021-04-26 05:44:20+00:00,0.0
2021-04-11 22:34:14+00:00,1.0
2021-05-03 05:02:35+00:00,1.0
2021-04-14 08:02:54+00:00,1.0
2021-04-20 05:48:41+00:00,2.0
2021-04-22 08:14:12+00:00,0.0
2021-05-03 02:37:09+00:00,1.0
2021-04-19 13:07:47+00:00,2.0
2021-04-19 10:52:09+00:00,1.0
2021-04-26 11:28:19+00:00,0.0
2021-05-01 12:43:06+00:00,0.0
2021-04-24 15:44:12+00:00,1.0
2021-04-27 15:27:07+00:00,0.0
2021-04-20 03:41:18+00:00,2.0
2021-04-23 06:28:48+00:00,8.0
2021-04-05 07:51:54+00:00,2.0
2021-05-01 21:50:15+00:00,0.0
2021-04-21 07:52:33+00:00,0.0
2021-04-07 21:32:55+00:00,1.0
2021-04-23 22:40:43+00:00,1.0
2021-04-13 11:25:44+00:00,1.0
2021-04-20 12:38:50+00:00,1.0
2021-04-28 03:45:06+00:00,0.0
2021-04-17 10:46:14+00:00,0.0
2021-04-08 00:31:15+00:00,1.0
2021-04-05 05:10:08+00:00,2.0
2021-05-03 03:39:46+00:00,1.0
2021-04-25 08:50:12+00:00,1.0
2021-04-13 11:08:44+00:00,1.0
2021-04-22 13:15:15+00:00,0.0
2021-04-22 17:50:59+00:00,0.0
2021-04-17 22:53:42+00:00,1.0
2021-04-14 14:57:06+00:00,2.0
2021-04-11 19:44:58+00:00,1.0
2021-04-30 14:49:37+00:00,0.0
2021-04-05 21:03:21+00:00,1.0
2021-04-26 05:29:34+00:00,0.0
2021-04-25 09:54:30+00:00,40.0
2021-04-14 09:18:29+00:00,2.0
2021-04-21 11:14:22+00:00,0.0
2021-04-08 22:19:18+00:00,2.0
2021-04-08 00:56:17+00:00,1.0
2021-04-17 09:03:47+00:00,0.0
2021-04-11 14:36:01+00:00,1.0
2021-04-19 17:10:22+00:00,1.0
2021-04-23 19:12:31+00:00,1.0
2021-04-29 02:31:01+00:00,0.0
2021-04-24 21:58:05+00:00,1.0
2021-05-01 17:18:20+00:00,0.0
2021-04-13 07:16:05+00:00,1.0
2021-04-29 11:37:26+00:00,0.0
2021-04-29 23:19:02+00:00,0.0
2021-04-24 18:27:45+00:00,1.0
2021-04-15 10:37:46+00:00,2.0
2021-04-11 13:05:23+00:00,2.0
2021-04-21 19:43:11+00:00,2.0
2021-04-28 15:24:06+00:00,1.0
2021-04-30 19:38:45+00:00,0.0
2021-04-29 15:23:54+00:00,0.0
2021-04-17 01:09:39+00:00,0.0
2021-04-08 20:40:44+00:00,1.0
2021-04-20 07:23:12+00:00,1.0
2021-04-25 14:20:23+00:00,1.0
2021-04-19 21:40:53+00:00,1.0
2021-04-24 09:15:02+00:00,1.0
2021-04-06 14:07:05+00:00,1.0
2021-04-12 11:26:27+00:00,1.0
2021-05-01 15:53:43+00:00,0.0
2021-04-08 05:38:29+00:00,1.0
2021-04-24 13:55:10+00:00,1.0
2021-04-21 11:48:13+00:00,0.0
2021-05-02 11:10:52+00:00,0.0
2021-04-27 21:40:08+00:00,0.0
2021-04-20 19:20:23+00:00,1.0
2021-04-05 06:34:41+00:00,1.0
2021-04-20 18:29:13+00:00,1.0
2021-04-12 03:38:18+00:00,2.0
2021-04-11 05:08:27+00:00,1.0
2021-04-16 04:45:17+00:00,2.0
2021-04-06 04:50:46+00:00,1.0
2021-04-05 13:06:02+00:00,1.0
2021-05-03 13:56:19+00:00,1.0
2021-04-13 07:39:24+00:00,1.0
2021-04-07 05:31:04+00:00,1.0
2021-04-07 11:46:16+00:00,1.0
2021-04-30 03:22:08+00:00,0.0
2021-04-29 16:05:51+00:00,0.0
2021-04-14 12:03:02+00:00,1.0
2021-04-15 18:55:35+00:00,1.0
2021-05-02 19:29:00+00:00,1.0
2021-04-17 15:12:20+00:00,0.0
2021-04-14 04:47:10+00:00,2.0
2021-04-18 22:21:48+00:00,1.0
2021-05-02 02:56:51+00:00,0.0
2021-05-01 17:08:25+00:00,0.0
2021-04-05 12:33:44+00:00,1.0
2021-04-27 07:37:48+00:00,0.0
2021-04-06 10:10:12+00:00,1.0
2021-05-01 02:53:03+00:00,0.0
2021-04-10 21:12:14+00:00,1.0
2021-04-20 23:19:16+00:00,0.0
2021-04-06 10:32:09+00:00,1.0
2021-04-21 17:00:13+00:00,5.0
2021-04-14 00:53:19+00:00,1.0
2021-04-12 15:56:50+00:00,1.0
2021-04-24 09:04:22+00:00,1.0
2021-04-14 20:10:15+00:00,1.0
2021-04-17 01:54:32+00:00,0.0
2021-04-23 16:23:57+00:00,1.0
2021-04-30 16:00:06+00:00,0.0
2021-04-29 00:44:01+00:00,0.0
2021-04-15 21:51:49+00:00,2.0
2021-04-13 17:47:24+00:00,1.0
2021-04-23 02:16:59+00:00,3.0
2021-04-15 13:52:25+00:00,2.0
2021-04-09 12:30:11+00:00,1.0
2021-05-02 18:08:59+00:00,1.0
2021-04-21 19:53:26+00:00,2.0
2021-04-26 14:13:07+00:00,0.0
2021-05-03 01:48:08+00:00,1.0
2021-04-18 05:15:13+00:00,1.0
2021-05-01 02:31:01+00:00,0.0
2021-04-25 13:23:16+00:00,1.0
2021-04-16 01:42:57+00:00,1.0
2021-04-20 11:17:11+00:00,1.0
2021-04-13 15:32:58+00:00,1.0
2021-05-02 00:16:15+00:00,0.0
2021-04-16 06:59:37+00:00,1.0
2021-04-26 07:04:53+00:00,0.0
2021-04-29 20:07:51+00:00,0.0
2021-04-28 12:47:10+00:00,1.0
2021-04-09 21:55:57+00:00,1.95
2021-04-05 07:09:59+00:00,1.0
2021-04-06 07:42:17+00:00,1.0
2021-04-29 10:07:23+00:00,0.0
2021-04-29 16:44:08+00:00,0.0
2021-04-23 01:48:58+00:00,3.0
2021-04-19 11:33:55+00:00,1.0
2021-05-02 13:51:50+00:00,22.0
2021-04-23 17:17:25+00:00,1.0
2021-04-30 19:42:35+00:00,0.0
2021-04-24 10:08:54+00:00,1.0
2021-05-03 14:17:23+00:00,1.0
2021-05-03 00:48:19+00:00,1.0
2021-05-01 22:05:33+00:00,0.0
2021-04-25 09:21:09+00:00,107.0
2021-04-16 14:44:07+00:00,1.0
2021-04-14 05:42:51+00:00,2.0
2021-04-14 06:09:08+00:00,1.0
2021-04-24 07:13:27+00:00,1.0
2021-05-02 02:19:55+00:00,0.0
2021-04-15 10:22:27+00:00,1.0
2021-04-20 17:12:33+00:00,1.0
2021-04-10 19:03:01+00:00,1.0
2021-04-24 17:29:52+00:00,1.0
2021-04-23 23:43:27+00:00,1.0
2021-04-27 22:44:26+00:00,0.0
2021-04-12 08:37:30+00:00,1.0
2021-05-01 19:14:04+00:00,0.0
2021-04-21 00:16:59+00:00,0.0
2021-04-17 17:15:57+00:00,0.0
2021-04-12 11:46:37+00:00,1.0
2021-04-12 18:11:34+00:00,1.0
2021-04-26 20:06:08+00:00,0.0
2021-04-06 08:36:53+00:00,1.0
2021-04-23 04:22:43+00:00,2.0
2021-04-26 14:37:47+00:00,0.0
2021-04-13 14:56:46+00:00,1.0
2021-04-12 00:14:08+00:00,2.0
2021-04-13 03:38:00+00:00,1.0
2021-04-11 08:00:59+00:00,2.0
2021-04-08 11:37:05+00:00,1.0
2021-04-16 11:24:05+00:00,2.0
2021-05-01 18:26:36+00:00,0.0
2021-05-01 10:24:27+00:00,0.0
2021-04-16 20:42:24+00:00,0.0
2021-04-22 08:10:11+00:00,0.0
2021-04-21 21:06:57+00:00,1.0
2021-04-10 00:53:40+00:00,1.95
2021-04-07 18:56:50+00:00,1.0
2021-04-20 17:27:27+00:00,1.0
2021-04-25 08:23:47+00:00,1.0
2021-04-28 14:02:48+00:00,1.0
2021-04-28 09:40:28+00:00,1.0
2021-04-27 22:43:45+00:00,0.0
2021-04-23 18:17:22+00:00,1.0
2021-05-01 00:10:12+00:00,0.0
2021-04-05 11:48:11+00:00,1.0
2021-05-02 08:32:49+00:00,0.0
2021-04-30 16:24:26+00:00,0.0
2021-04-17 02:58:38+00:00,0.0
2021-04-13 18:57:44+00:00,1.0
2021-05-02 11:52:11+00:00,0.0
2021-04-17 23:27:41+00:00,1.0
2021-05-02 13:33:10+00:00,2474.0
2021-04-14 21:38:26+00:00,2.0
2021-04-26 12:49:31+00:00,0.0
2021-04-21 09:46:52+00:00,0.0
2021-04-06 14:48:54+00:00,1.0
2021-04-18 02:09:43+00:00,2.0
2021-04-26 20:55:17+00:00,0.0
2021-04-06 14:52:02+00:00,1.0
2021-04-06 17:18:31+00:00,1.0
2021-04-29 13:37:57+00:00,0.0
2021-05-03 09:18:02+00:00,1.0
2021-04-05 08:08:19+00:00,1.0
2021-04-14 03:09:24+00:00,2.0
2021-04-20 17:39:35+00:00,1.0
2021-04-07 20:52:21+00:00,1.0
2021-04-09 19:30:20+00:00,1.0
2021-04-20 10:06:44+00:00,1.0
2021-05-01 03:58:05+00:00,0.0
2021-04-20 22:05:42+00:00,0.0
2021-05-03 14:55:06+00:00,1.0
2021-04-15 05:30:06+00:00,2.0
2021-04-27 18:04:29+00:00,0.0
2021-05-02 02:11:20+00:00,0.0
2021-04-28 07:26:05+00:00,0.0
2021-04-19 17:42:05+00:00,1.0
2021-04-12 14:17:02+00:00,1.0
2021-04-24 01:01:45+00:00,1.0
2021-04-16 11:13:45+00:00,1.0
2021-04-25 21:21:13+00:00,0.0
2021-04-17 14:46:06+00:00,0.0
2021-04-15 13:21:41+00:00,2.0
2021-04-23 04:43:48+00:00,3.0
2021-05-02 21:58:27+00:00,1.0
2021-04-26 23:03:08+00:00,0.0
2021-04-14 04:54:28+00:00,2.0
2021-04-17 00:27:46+00:00,0.0
2021-04-21 16:37:21+00:00,408.0
2021-04-20 14:57:12+00:00,1.0
2021-04-15 20:46:03+00:00,1.0
2021-04-05 15:40:30+00:00,1.0
2021-04-21 10:34:25+00:00,0.0
2021-04-18 06:44:55+00:00,1.0
2021-04-08 01:33:34+00:00,1.0
2021-04-25 22:34:40+00:00,0.0
2021-04-23 16:26:45+00:00,1.0
2021-04-30 17:10:34+00:00,0.0
2021-04-12 06:47:30+00:00,2.0
2021-04-21 06:20:03+00:00,0.0
2021-04-12 02:13:53+00:00,1.0
2021-04-08 03:55:21+00:00,1.0
2021-04-27 20:18:19+00:00,0.0
2021-04-21 21:17:16+00:00,2.0
2021-05-01 22:35:17+00:00,0.0
2021-04-27 10:40:32+00:00,0.0
2021-04-20 15:23:42+00:00,2.0
2021-04-07 11:01:20+00:00,1.0
2021-04-18 23:52:44+00:00,1.0
2021-04-25 18:46:13+00:00,1.0
2021-04-15 17:37:29+00:00,1.0
2021-04-18 04:36:48+00:00,1.0
2021-04-10 14:13:01+00:00,1.95
2021-04-14 11:03:02+00:00,1.0
2021-04-04 23:18:57+00:00,1.0
2021-04-24 11:12:21+00:00,1.0
2021-04-05 23:04:01+00:00,1.0
2021-05-02 11:48:28+00:00,0.0
2021-04-09 20:14:59+00:00,2.0
2021-04-23 05:25:25+00:00,3.0
2021-04-11 09:12:25+00:00,2.0
2021-04-13 14:38:58+00:00,1.0
2021-04-14 06:45:08+00:00,2.0
2021-04-25 18:40:48+00:00,1.0
2021-04-18 04:55:19+00:00,2.0
2021-04-10 07:41:11+00:00,1.95
2021-04-20 13:03:38+00:00,1.0
2021-04-08 14:23:29+00:00,1.0
2021-04-17 13:28:28+00:00,0.0
2021-04-15 09:44:48+00:00,297.0
2021-04-16 16:53:33+00:00,1.0
2021-04-08 15:13:35+00:00,1.0
2021-05-03 18:57:54+00:00,1.0
2021-04-09 04:06:20+00:00,1.0
2021-04-18 07:27:56+00:00,2.0
2021-04-22 00:23:53+00:00,0.0
2021-04-16 12:08:53+00:00,2.0
2021-04-09 11:13:45+00:00,1.0
2021-04-19 15:15:47+00:00,1.0
2021-04-20 08:35:48+00:00,1.0
2021-04-19 02:49:16+00:00,1.0
2021-04-26 16:12:58+00:00,0.0
2021-05-03 18:23:46+00:00,1.0
2021-04-29 17:20:33+00:00,0.0
2021-04-26 18:44:54+00:00,0.0
2021-04-12 08:42:42+00:00,2.0
2021-04-30 10:27:17+00:00,0.0
2021-04-08 07:14:46+00:00,1.0
2021-04-16 20:41:45+00:00,0.0
2021-04-18 19:23:15+00:00,1.0
2021-04-10 15:39:12+00:00,128.0
2021-05-01 16:49:14+00:00,0.0
2021-05-02 06:05:29+00:00,0.0
2021-04-23 03:14:01+00:00,3.0
2021-04-26 18:51:43+00:00,0.0
2021-04-29 19:25:27+00:00,0.0
2021-04-05 14:25:23+00:00,1.0
2021-04-30 06:03:50+00:00,0.0
2021-04-07 06:09:59+00:00,1.0
2021-04-21 14:14:30+00:00,0.0
2021-04-08 09:19:10+00:00,2318.0
2021-04-29 22:22:09+00:00,0.0
2021-04-19 03:11:36+00:00,2.0
2021-04-17 02:55:07+00:00,0.0
2021-04-25 23:37:35+00:00,0.0
2021-05-01 04:22:03+00:00,0.0
2021-04-08 21:55:39+00:00,2.0
2021-04-10 08:36:08+00:00,1.95
2021-04-27 20:10:09+00:00,0.0
2021-04-29 01:28:39+00:00,0.0
2021-05-03 17:38:44+00:00,1.0
2021-04-23 22:30:34+00:00,1.0
2021-04-05 20:12:16+00:00,1.0
2021-04-30 17:59:37+00:00,0.0
2021-04-24 00:43:58+00:00,1.0
2021-04-20 04:56:11+00:00,1.0
2021-04-18 17:11:00+00:00,1.0
2021-04-15 23:24:30+00:00,2.0
2021-04-25 05:16:11+00:00,1.0
2021-04-09 06:58:46+00:00,2.0
2021-04-13 15:20:04+00:00,1.0
2021-04-14 08:22:03+00:00,1.0
2021-04-29 17:16:29+00:00,0.0
2021-04-10 23:56:48+00:00,1.0
2021-04-11 10:32:32+00:00,1.0
2021-04-27 15:47:25+00:00,0.0
2021-04-18 21:20:16+00:00,1.0
2021-04-18 17:03:25+00:00,1.75
2021-04-24 16:14:12+00:00,1.0
2021-04-06 17:43:01+00:00,1.0
2021-04-29 00:56:18+00:00,0.0
2021-04-15 16:21:49+00:00,1.0
2021-04-26 19:40:22+00:00,0.0
2021-04-26 03:07:06+00:00,0.0
2021-04-14 21:03:44+00:00,1.0
2021-04-16 11:19:34+00:00,1.0
2021-04-30 12:53:28+00:00,0.0
2021-04-14 02:58:40+00:00,1.0
2021-04-24 15:53:02+00:00,1.0
2021-05-01 08:59:45+00:00,0.0
2021-04-11 17:28:37+00:00,1.0
2021-04-29 01:34:47+00:00,0.0
2021-05-03 00:11:30+00:00,1.0
2021-04-11 00:10:18+00:00,1.0
2021-04-10 03:38:19+00:00,1.95
2021-04-04 22:44:49+00:00,1.0
2021-04-29 18:36:39+00:00,0.0
2021-04-09 13:31:06+00:00,1.0
2021-04-24 18:57:09+00:00,1.0
2021-04-09 03:35:16+00:00,1.0
2021-04-18 11:22:46+00:00,1.0
2021-04-10 08:46:46+00:00,1.95
2021-04-13 22:52:02+00:00,2.0
2021-04-17 00:47:11+00:00,0.0
2021-04-29 14:53:03+00:00,0.0
2021-04-19 02:30:54+00:00,2.0
2021-04-30 22:08:58+00:00,0.0
2021-04-16 06:01:07+00:00,2.0
2021-04-11 11:14:01+00:00,1.0
2021-04-26 03:51:00+00:00,0.0
2021-04-10 08:56:49+00:00,1.95
2021-04-18 12:33:36+00:00,1.0
2021-04-10 06:36:15+00:00,1.95
2021-05-01 03:03:53+00:00,0.0
2021-04-15 02:47:54+00:00,1.0
2021-04-12 16:34:51+00:00,1.0
2021-04-07 02:37:10+00:00,1.0
2021-04-22 13:59:55+00:00,0.0
2021-04-29 17:30:51+00:00,0.0
2021-04-26 16:53:08+00:00,0.0
2021-04-29 04:36:50+00:00,0.0
2021-04-17 20:20:05+00:00,1.0
2021-04-19 12:16:21+00:00,2.0
2021-05-01 14:18:10+00:00,0.0
2021-04-30 08:28:23+00:00,0.0
2021-04-30 23:01:01+00:00,0.0
2021-05-01 21:08:13+00:00,0.0
2021-04-29 18:55:27+00:00,0.0
2021-04-13 16:42:45+00:00,1.0
2021-04-10 20:36:00+00:00,1.0
2021-05-02 21:47:26+00:00,1.0
2021-04-22 09:33:17+00:00,0.0
2021-04-25 15:33:08+00:00,1.0
2021-04-18 08:40:15+00:00,1.0
2021-04-29 13:49:02+00:00,0.0
2021-04-15 23:48:18+00:00,2.0
2021-04-07 11:19:05+00:00,1.0
2021-05-02 21:39:56+00:00,1.0
2021-04-04 23:01:07+00:00,1.0
2021-04-19 13:40:29+00:00,1.0
2021-04-10 12:37:58+00:00,1.95
2021-04-21 15:35:47+00:00,24.0
2021-04-21 03:35:36+00:00,0.0
2021-04-25 13:32:19+00:00,1.0
2021-04-16 20:25:11+00:00,0.0
2021-04-27 03:27:02+00:00,0.0
2021-04-28 20:41:14+00:00,1.0
2021-04-12 08:33:38+00:00,1.0
2021-04-05 15:04:02+00:00,1.0
2021-04-10 14:19:47+00:00,1.95
2021-04-15 08:53:26+00:00,44.0
2021-04-11 23:18:33+00:00,2.0
2021-04-29 16:15:23+00:00,0.0
2021-04-16 06:11:35+00:00,1.0
2021-04-30 00:59:04+00:00,0.0
2021-04-21 11:54:16+00:00,0.0
2021-04-29 14:20:45+00:00,0.0
2021-04-25 23:33:10+00:00,0.0
2021-04-23 03:13:36+00:00,3.0
2021-04-25 12:17:22+00:00,1.0
2021-05-03 12:34:46+00:00,1.0
2021-04-18 15:49:30+00:00,1.0
2021-04-25 12:22:52+00:00,1.0
2021-04-05 16:07:00+00:00,1.0
2021-04-07 22:52:53+00:00,1.0
2021-04-05 20:28:45+00:00,1.0
2021-04-21 03:33:47+00:00,0.0
2021-04-10 10:07:22+00:00,1.95
2021-04-28 23:38:59+00:00,0.0
2021-04-23 22:04:46+00:00,1.0
2021-05-03 21:35:35+00:00,1.0
2021-04-14 16:44:21+00:00,1.0
2021-04-15 18:36:46+00:00,2.0
2021-04-05 05:20:07+00:00,1.0
2021-04-19 01:04:48+00:00,1.0
2021-04-06 14:35:13+00:00,1.0
2021-04-29 07:48:14+00:00,0.0
2021-04-18 17:59:52+00:00,2.0
2021-04-18 19:44:13+00:00,1.0
2021-04-18 02:13:31+00:00,2.0
2021-04-28 05:53:08+00:00,0.0
2021-04-19 00:15:30+00:00,1.0
2021-04-13 16:42:09+00:00,2.0
2021-04-17 10:51:49+00:00,0.0
2021-04-21 22:27:58+00:00,0.0
2021-04-12 05:22:28+00:00,1.0
2021-05-02 10:56:04+00:00,0.0
2021-04-30 04:50:32+00:00,0.0
2021-04-13 08:13:22+00:00,1.0
2021-04-07 00:16:19+00:00,1.0
2021-04-07 22:50:40+00:00,1.0
2021-04-13 13:52:29+00:00,1.0
2021-04-19 09:15:35+00:00,1.0
2021-04-25 08:19:09+00:00,1.0
2021-04-13 06:52:25+00:00,1.0
2021-04-30 06:11:16+00:00,0.0
2021-05-01 14:51:49+00:00,0.0
2021-04-07 06:57:47+00:00,1.0
2021-04-13 16:54:03+00:00,1.0
2021-04-13 03:16:01+00:00,1.0
2021-04-25 05:53:52+00:00,1.0
2021-04-19 04:56:27+00:00,1.0
2021-04-06 12:03:00+00:00,1.0
2021-04-24 23:21:04+00:00,1.0
2021-05-01 13:44:14+00:00,0.0
2021-04-22 06:42:34+00:00,0.0
2021-04-14 18:34:39+00:00,2.0
2021-04-17 15:00:08+00:00,0.0
2021-04-12 12:01:46+00:00,1.0
2021-04-26 16:46:13+00:00,0.0
2021-04-30 17:38:01+00:00,0.0
2021-04-05 09:50:44+00:00,1.0
2021-04-24 09:15:09+00:00,1.0
2021-04-07 14:11:20+00:00,1.0
2021-04-13 10:16:50+00:00,1.0
2021-04-20 10:02:51+00:00,2.0
2021-04-05 05:41:40+00:00,1.0
2021-04-10 16:19:39+00:00,143.0
2021-04-27 06:30:29+00:00,0.0
2021-04-09 14:58:11+00:00,1.0
2021-04-12 23:44:26+00:00,1.0
2021-04-09 15:06:15+00:00,1.0
2021-04-17 10:58:12+00:00,0.0
2021-04-24 21:02:33+00:00,1.0
2021-05-01 09:35:29+00:00,0.0
2021-04-23 10:36:29+00:00,2445.5
2021-04-11 01:49:24+00:00,2.0
2021-05-02 11:15:25+00:00,0.0
2021-04-27 08:25:57+00:00,0.0
2021-04-12 11:06:43+00:00,1.0
2021-04-13 05:44:41+00:00,1.0
2021-05-03 16:31:41+00:00,1.0
2021-04-27 17:58:59+00:00,0.0
2021-04-08 21:26:44+00:00,1.0
2021-04-15 21:52:30+00:00,2.0
2021-05-02 14:22:36+00:00,5.0
2021-05-03 11:47:36+00:00,1.0
2021-04-06 05:10:09+00:00,1.0
2021-04-06 23:13:35+00:00,1.0
2021-04-04 23:29:50+00:00,1.0
2021-04-14 22:57:06+00:00,2.0
2021-04-23 04:41:37+00:00,2.0
2021-04-19 00:42:51+00:00,1.0
2021-04-10 21:09:15+00:00,2.0
2021-04-28 01:07:57+00:00,0.0
2021-04-27 16:19:14+00:00,0.0
2021-04-05 19:10:15+00:00,1.0
2021-04-24 11:58:54+00:00,1.0
2021-04-09 08:52:19+00:00,2.0
2021-04-16 03:58:55+00:00,1.0
2021-05-02 10:02:04+00:00,0.0
2021-05-03 19:06:37+00:00,1.0
2021-04-21 17:56:14+00:00,1.0
2021-04-28 12:03:58+00:00,1.0
2021-04-28 18:19:45+00:00,1.0
2021-04-09 21:56:48+00:00,1.95
2021-04-19 06:19:57+00:00,1.0
2021-05-01 08:55:32+00:00,0.0
2021-04-21 10:25:27+00:00,0.0
2021-04-19 16:31:17+00:00,1.0
2021-04-09 22:09:06+00:00,1.95
2021-04-28 10:17:02+00:00,1.0
2021-04-10 04:28:26+00:00,1.95
2021-04-09 16:43:22+00:00,1.0
2021-04-12 22:24:42+00:00,1.0
2021-05-02 04:52:03+00:00,0.0
2021-04-24 16:54:11+00:00,1.0
2021-04-08 02:06:42+00:00,1.0
2021-04-23 13:08:03+00:00,5.0
2021-04-10 00:11:00+00:00,1.95
2021-04-23 02:22:46+00:00,3.0
2021-04-11 05:50:49+00:00,1.0
2021-04-18 07:28:55+00:00,2.0
2021-04-17 19:01:59+00:00,2.0
2021-04-08 16:32:51+00:00,1.0
2021-04-15 21:33:26+00:00,2.0
2021-04-10 21:15:50+00:00,2.0
2021-04-09 22:24:17+00:00,1.95
2021-04-09 17:22:03+00:00,1.0
2021-04-15 05:32:04+00:00,1.0
2021-04-13 03:51:00+00:00,1.0
2021-04-13 17:44:56+00:00,1.0
2021-04-08 06:34:14+00:00,1.0
2021-04-06 10:20:59+00:00,1.0
2021-04-20 07:01:18+00:00,1.0
2021-04-22 04:30:13+00:00,0.0
2021-04-29 05:11:24+00:00,0.0
2021-04-23 07:18:42+00:00,3.0
2021-04-26 08:09:28+00:00,0.0
2021-04-06 00:55:46+00:00,1.0
2021-05-02 21:39:12+00:00,1.0
2021-04-26 06:24:26+00:00,0.0
2021-04-26 14:54:33+00:00,0.0
2021-04-19 09:09:35+00:00,1.0
2021-04-09 11:00:16+00:00,1.0
2021-05-02 16:54:48+00:00,1.0
2021-04-30 16:25:27+00:00,0.0
2021-04-25 18:33:26+00:00,1.0
2021-04-11 01:59:54+00:00,1.0
2021-04-19 19:59:46+00:00,1.0
2021-04-27 08:39:18+00:00,0.0
2021-05-02 15:22:46+00:00,1.0
2021-04-21 12:45:11+00:00,0.0
2021-04-23 12:08:55+00:00,83.5
2021-04-07 00:32:28+00:00,1.0
2021-04-12 16:26:28+00:00,1.0
2021-04-14 12:05:48+00:00,1.0
2021-04-23 06:41:19+00:00,6.0
2021-04-15 06:12:38+00:00,2.0
2021-04-05 18:18:53+00:00,1.0
2021-05-02 13:38:06+00:00,96.0
2021-04-30 06:23:12+00:00,0.0
2021-05-01 08:25:29+00:00,0.0
2021-04-14 13:21:31+00:00,1.0
2021-04-15 10:12:38+00:00,1.0
2021-04-04 22:04:07+00:00,1.0
2021-04-26 21:46:07+00:00,0.0
2021-04-23 10:21:59+00:00,1.0
2021-04-10 19:40:00+00:00,2.0
2021-04-07 19:47:39+00:00,1.0
2021-04-20 22:21:03+00:00,0.0
2021-04-13 02:08:39+00:00,1.0
2021-04-22 07:48:24+00:00,0.0
2021-04-16 23:47:09+00:00,0.0
2021-04-11 00:18:39+00:00,1.0
2021-04-12 21:41:28+00:00,1.0
2021-05-01 09:58:13+00:00,0.0
2021-04-11 05:06:34+00:00,2.0
2021-04-22 03:09:21+00:00,0.0
2021-04-18 02:58:39+00:00,1.0
2021-04-29 18:13:22+00:00,0.0
2021-04-21 09:53:02+00:00,0.0
2021-04-09 20:45:28+00:00,2.0
2021-05-03 09:51:13+00:00,1.0
2021-04-19 22:54:09+00:00,2.0
2021-04-14 23:59:41+00:00,1.0
2021-04-15 11:19:11+00:00,1.0
2021-04-08 01:03:14+00:00,1.0
2021-04-20 01:34:53+00:00,1.0
2021-04-22 22:56:12+00:00,3.0
2021-04-20 02:13:45+00:00,1.0
2021-04-19 01:48:57+00:00,1.0
2021-04-26 20:59:52+00:00,0.0
2021-04-22 09:34:03+00:00,0.0
2021-04-28 03:31:08+00:00,0.0
2021-04-10 18:35:48+00:00,1.0
2021-05-02 08:50:08+00:00,0.0
2021-04-28 04:24:56+00:00,0.0
2021-04-26 18:08:52+00:00,0.0
2021-04-23 16:11:25+00:00,1.0
2021-04-07 15:15:22+00:00,1.0
2021-04-22 14:15:07+00:00,0.0
2021-04-16 16:15:12+00:00,2.0
2021-04-08 19:42:19+00:00,2.0
2021-04-06 05:37:50+00:00,1.0
2021-04-14 12:40:09+00:00,1.0
2021-04-20 07:36:00+00:00,1.0
2021-04-11 04:21:45+00:00,2.0
2021-04-23 08:40:04+00:00,8.5
2021-04-28 21:57:24+00:00,0.0
2021-04-18 05:04:58+00:00,1.0
2021-04-18 00:35:13+00:00,1.0
2021-04-14 20:37:03+00:00,1.0
2021-04-29 21:18:28+00:00,0.0
2021-04-16 08:14:31+00:00,1.0
2021-04-23 11:20:48+00:00,93.0
2021-04-30 12:52:19+00:00,0.0
2021-04-11 17:23:28+00:00,1.0
2021-04-08 04:50:47+00:00,1.0
2021-04-28 08:25:52+00:00,2507.0
2021-04-12 00:15:33+00:00,2.0
2021-04-11 00:21:56+00:00,1.0
2021-04-11 19:28:25+00:00,2.0
2021-04-25 05:35:04+00:00,1.0
2021-04-13 02:06:14+00:00,1.0
2021-04-30 16:57:14+00:00,0.0
2021-04-15 00:52:40+00:00,1.0
2021-04-22 02:52:43+00:00,0.0
2021-04-24 06:53:53+00:00,1.0
2021-05-02 08:14:09+00:00,0.0
2021-04-30 06:00:34+00:00,0.0
2021-04-22 18:00:03+00:00,0.0
2021-04-13 16:45:10+00:00,2.0
2021-05-01 08:00:18+00:00,0.0
2021-04-11 14:57:37+00:00,1.0
2021-04-30 22:09:44+00:00,0.0
2021-05-02 22:26:59+00:00,1.0
2021-04-30 10:20:42+00:00,0.0
2021-04-27 21:14:32+00:00,0.0
2021-04-28 00:53:35+00:00,0.0
2021-04-23 22:26:39+00:00,1.0
2021-04-25 22:14:54+00:00,0.0
2021-04-11 22:52:31+00:00,1.0
2021-04-17 13:17:50+00:00,0.0
2021-04-12 12:58:34+00:00,1.0
2021-05-03 12:40:22+00:00,1.0
2021-04-26 14:15:30+00:00,0.0
2021-05-03 10:47:46+00:00,1.0
2021-04-29 03:52:08+00:00,0.0
2021-04-25 08:35:05+00:00,2.0
2021-04-29 20:00:28+00:00,0.0
2021-04-05 14:48:27+00:00,1.0
2021-05-03 09:59:47+00:00,1.0
2021-05-02 20:12:39+00:00,1.0
2021-04-09 06:36:10+00:00,1.0
2021-04-27 08:21:22+00:00,0.0
2021-04-22 19:36:10+00:00,0.0
2021-04-27 10:08:22+00:00,0.0
2021-04-10 00:41:45+00:00,1.95
2021-04-11 02:26:14+00:00,1.0
2021-04-21 03:40:28+00:00,0.0
2021-04-07 11:49:30+00:00,1.0
2021-04-06 13:29:32+00:00,1.0
2021-04-30 20:41:26+00:00,0.0
2021-04-12 08:22:33+00:00,1.0
2021-04-13 04:27:30+00:00,1.0
2021-04-13 04:38:59+00:00,1.0
2021-04-06 23:17:08+00:00,1.0
2021-04-30 07:34:27+00:00,0.0
2021-04-14 20:41:30+00:00,1.0
2021-04-30 16:39:21+00:00,0.0
2021-04-09 04:08:13+00:00,2.0
2021-04-21 08:31:05+00:00,0.0
2021-05-03 23:29:47+00:00,1.0
2021-04-29 10:30:58+00:00,0.0
2021-04-26 08:01:13+00:00,0.0
2021-04-22 16:24:06+00:00,0.0
2021-04-10 05:12:27+00:00,1.95
2021-04-12 13:48:07+00:00,1.0
2021-04-16 06:51:53+00:00,1.0
2021-04-09 02:41:31+00:00,1.0
2021-04-15 14:48:47+00:00,1.0
2021-04-10 22:05:33+00:00,2.0
2021-04-20 23:05:42+00:00,0.0
2021-04-20 14:52:23+00:00,1.0
2021-04-10 21:24:15+00:00,1.0
2021-04-12 15:03:16+00:00,1.0
2021-04-21 21:24:16+00:00,2.0
2021-04-08 08:25:42+00:00,1.0
2021-04-23 07:37:58+00:00,3.0
2021-04-08 19:51:50+00:00,2.0
2021-04-07 11:18:54+00:00,1.0
2021-04-21 17:06:44+00:00,5.0
2021-04-22 16:29:17+00:00,0.0
2021-04-22 20:24:45+00:00,0.0
2021-04-09 07:45:19+00:00,1.0
2021-04-10 13:19:23+00:00,1.95
2021-04-26 01:48:53+00:00,0.0
2021-05-02 19:59:38+00:00,1.0
2021-04-18 14:53:56+00:00,1.0
2021-04-05 05:45:58+00:00,1.5
2021-04-12 17:07:40+00:00,1.0
2021-04-18 22:10:13+00:00,1.0
2021-04-23 00:21:12+00:00,3.0
2021-04-06 06:30:13+00:00,1.0
2021-04-14 13:59:12+00:00,1.0
2021-04-05 06:16:45+00:00,1.0
2021-04-12 03:33:38+00:00,1.0
2021-04-26 01:00:11+00:00,0.0
2021-04-30 06:40:00+00:00,0.0
2021-04-25 07:19:24+00:00,1.0
2021-04-30 17:00:09+00:00,0.0
2021-05-03 09:56:46+00:00,1.0
2021-04-26 22:39:03+00:00,0.0
2021-04-28 01:03:40+00:00,0.0
2021-04-26 00:05:47+00:00,0.0
2021-04-09 22:39:01+00:00,1.95
2021-04-07 14:49:44+00:00,1.0
2021-04-14 03:52:17+00:00,1.0
2021-04-05 06:30:45+00:00,1.0
2021-04-28 16:13:17+00:00,1.0
2021-04-23 22:39:34+00:00,1.0
2021-04-06 04:58:19+00:00,1.0
2021-04-05 07:59:59+00:00,1.0
2021-04-07 16:42:16+00:00,1.0
2021-05-02 00:56:45+00:00,0.0
2021-04-15 05:04:34+00:00,2.0
2021-04-25 00:54:59+00:00,1.0
2021-04-05 17:45:00+00:00,1.0
2021-04-05 02:30:47+00:00,1.0
2021-04-18 14:13:10+00:00,1.0
2021-04-10 02:27:05+00:00,1.95
2021-04-13 20:24:09+00:00,2.0
2021-04-12 07:46:03+00:00,2.0
2021-05-03 04:10:51+00:00,1.0
2021-04-20 00:22:30+00:00,2.0
2021-04-18 22:35:50+00:00,1.0
2021-04-26 20:23:24+00:00,0.0
2021-04-18 17:22:53+00:00,2.0
2021-04-24 01:02:39+00:00,1.0
2021-04-05 19:10:42+00:00,1.0
2021-04-21 08:13:39+00:00,0.0
2021-04-17 06:51:00+00:00,0.0
2021-04-09 22:54:20+00:00,1.95
2021-04-05 14:38:51+00:00,1.0
2021-04-27 23:15:42+00:00,0.0
2021-04-12 11:20:05+00:00,1.0
2021-04-18 07:06:31+00:00,1.0
2021-04-06 11:03:24+00:00,1.0
2021-04-14 22:40:31+00:00,1.0
2021-04-16 11:22:40+00:00,1.0
2021-04-07 06:06:40+00:00,1.0
2021-05-03 17:55:12+00:00,1.0
2021-04-20 21:43:47+00:00,2.0
2021-04-16 08:28:00+00:00,2.0
2021-04-26 14:39:32+00:00,0.0
2021-04-06 18:08:52+00:00,1.0
2021-04-07 22:00:37+00:00,1.0
2021-04-11 07:56:53+00:00,2.0
2021-04-18 12:34:26+00:00,1.0
2021-04-08 12:23:46+00:00,1.0
2021-05-01 11:42:09+00:00,0.0
2021-04-10 05:10:34+00:00,1.95
2021-04-15 05:32:12+00:00,1.0
2021-04-12 06:06:14+00:00,1.0
2021-04-22 22:30:49+00:00,3.0
2021-04-22 12:56:36+00:00,0.0
2021-04-29 13:45:38+00:00,0.0
2021-04-25 19:44:31+00:00,0.0
2021-04-12 12:19:27+00:00,2.0
2021-04-21 08:09:31+00:00,0.0
2021-04-17 15:39:19+00:00,0.0
2021-04-17 12:14:43+00:00,0.0
2021-04-23 05:25:29+00:00,3.0
2021-04-18 20:34:49+00:00,1.0
2021-04-06 04:47:45+00:00,1.0
2021-04-17 17:37:41+00:00,2.0
2021-04-23 14:57:20+00:00,115.0
2021-05-03 06:58:34+00:00,1.0
2021-04-22 01:24:44+00:00,0.0
2021-04-25 15:01:15+00:00,1.0
2021-04-26 17:02:10+00:00,0.0
2021-04-06 11:24:56+00:00,1.0
2021-04-14 16:04:54+00:00,1.0
2021-04-27 20:59:22+00:00,0.0
2021-04-26 01:02:51+00:00,0.0
2021-04-06 06:38:36+00:00,1.0
2021-04-05 05:45:42+00:00,1.0
2021-04-18 04:04:57+00:00,1.5
2021-04-09 10:14:07+00:00,1.0
2021-04-21 19:23:35+00:00,2.0
2021-04-22 18:37:32+00:00,0.0
2021-04-29 21:04:27+00:00,0.0
2021-04-08 14:14:59+00:00,1.0
2021-04-05 19:21:50+00:00,1.0
2021-04-28 05:46:47+00:00,0.0
2021-04-20 01:08:08+00:00,1.0
2021-04-27 01:33:57+00:00,0.0
2021-04-16 02:53:46+00:00,1.0
2021-04-10 14:00:47+00:00,1.95
2021-04-29 19:57:04+00:00,0.0
2021-04-07 20:36:30+00:00,1.0
2021-04-06 06:25:03+00:00,1.0
2021-04-30 13:56:52+00:00,0.0
2021-04-25 18:09:15+00:00,1.0
2021-05-03 03:12:07+00:00,1.0
2021-04-23 00:24:59+00:00,3.0
2021-05-03 07:46:04+00:00,1.0
2021-04-23 09:39:37+00:00,8.5
2021-04-26 21:23:15+00:00,0.0
2021-04-10 06:32:30+00:00,1.95
2021-04-12 12:59:00+00:00,1.0
2021-04-24 07:33:55+00:00,1.0
2021-04-09 11:25:32+00:00,2.0
2021-04-08 15:16:08+00:00,1.0
2021-04-14 06:54:26+00:00,2.0
2021-04-25 17:19:33+00:00,1.0
2021-04-16 15:13:18+00:00,1.0
2021-04-18 08:48:48+00:00,1.0
2021-04-05 20:48:31+00:00,1.0
2021-04-22 00:45:18+00:00,0.0
2021-04-16 15:18:38+00:00,1.0
2021-04-16 19:40:59+00:00,0.0
2021-04-09 13:30:06+00:00,1.0
2021-04-07 15:32:25+00:00,1.0
2021-04-04 22:26:42+00:00,1.0
2021-04-11 15:24:25+00:00,1.0
2021-04-13 02:35:59+00:00,1.0
2021-05-01 14:10:40+00:00,0.0
2021-04-12 05:00:29+00:00,1.0
2021-04-30 15:54:53+00:00,0.0
2021-04-08 19:09:18+00:00,1.0
2021-04-29 12:43:55+00:00,0.0
2021-04-22 22:06:35+00:00,0.0
2021-04-12 02:12:03+00:00,1.0
2021-04-15 12:54:28+00:00,1.0
2021-04-29 14:08:56+00:00,0.0
2021-05-01 09:53:36+00:00,0.0
2021-04-24 11:00:47+00:00,1.0
2021-04-08 14:33:23+00:00,1.0
2021-04-26 16:51:39+00:00,0.0
2021-04-30 21:47:03+00:00,0.0
2021-04-08 16:09:02+00:00,1.0
2021-04-05 03:44:19+00:00,1.0
2021-05-03 09:15:32+00:00,1.0
2021-04-12 05:26:43+00:00,1.0
2021-04-29 22:30:28+00:00,0.0
2021-04-16 15:36:50+00:00,1.0
2021-04-06 10:07:57+00:00,1.0
2021-04-26 23:00:49+00:00,0.0
2021-04-23 08:51:37+00:00,8.5
2021-05-03 03:44:49+00:00,1.0
2021-04-14 20:18:01+00:00,1.0
2021-04-15 11:59:00+00:00,1.0
2021-04-13 13:29:19+00:00,1.0
2021-04-23 10:15:41+00:00,1.0
2021-04-20 04:56:08+00:00,1.0
2021-04-06 00:27:03+00:00,1.0
2021-04-14 14:12:59+00:00,1.0
2021-04-10 03:21:05+00:00,1.95
2021-04-17 03:49:19+00:00,0.0
2021-04-21 09:41:26+00:00,0.0
2021-04-12 20:30:05+00:00,1.0
2021-04-11 14:04:28+00:00,1.0
2021-04-25 02:25:28+00:00,1.0
2021-04-19 08:21:38+00:00,2.0
2021-04-20 06:47:00+00:00,1.0
2021-04-12 07:07:09+00:00,1.0
2021-04-08 01:25:49+00:00,2.0
2021-04-13 02:58:45+00:00,1.0
2021-04-14 22:00:57+00:00,1.0
2021-04-13 03:41:02+00:00,1.0
2021-04-24 11:41:29+00:00,1.0
2021-05-01 20:05:33+00:00,0.0
2021-04-22 07:33:39+00:00,0.0
2021-04-20 18:50:22+00:00,1.0
2021-04-17 03:45:55+00:00,0.0
2021-04-11 16:16:52+00:00,1.0
2021-04-27 01:28:30+00:00,0.0
2021-05-03 10:11:21+00:00,1.0
2021-04-08 10:29:04+00:00,1.0
2021-04-19 03:52:54+00:00,1.0
2021-04-22 13:33:09+00:00,0.0
2021-05-03 23:31:45+00:00,1.0
2021-04-07 15:46:11+00:00,1.0
2021-04-11 10:02:49+00:00,2.0
2021-04-28 05:04:47+00:00,0.0
2021-04-20 05:43:44+00:00,1.0
2021-04-21 19:08:54+00:00,1.0
2021-04-25 20:19:37+00:00,0.0
2021-05-03 11:27:11+00:00,1.0
2021-04-12 08:04:42+00:00,2.0
2021-04-27 04:54:24+00:00,0.0
2021-04-06 04:30:21+00:00,1.0
2021-04-26 21:20:37+00:00,0.0
2021-05-02 17:53:05+00:00,1.0
2021-04-16 08:45:57+00:00,1.0
2021-05-03 03:39:43+00:00,1.0
2021-04-23 10:49:17+00:00,119.0
2021-04-06 00:02:59+00:00,1.0
2021-04-10 19:52:58+00:00,2.0
2021-04-24 20:32:44+00:00,1.0
2021-04-12 10:59:10+00:00,1.0
2021-04-10 02:15:57+00:00,1.95
2021-05-01 04:37:30+00:00,0.0
2021-04-13 18:22:22+00:00,1.0
2021-04-22 01:23:11+00:00,0.0
2021-05-03 00:26:16+00:00,1.0
2021-04-10 07:21:15+00:00,1.95
2021-04-15 16:23:17+00:00,1.0
2021-04-30 08:50:54+00:00,0.0
2021-04-20 21:53:14+00:00,2.0
2021-04-10 08:35:51+00:00,1.95
2021-04-19 22:29:13+00:00,1.0
2021-04-08 04:59:51+00:00,1.0
2021-04-25 05:09:28+00:00,1.0
2021-04-11 22:54:09+00:00,2.0
2021-04-16 21:10:35+00:00,0.0
2021-04-11 16:20:29+00:00,1.0
2021-04-05 19:30:51+00:00,1.0
2021-04-16 23:53:24+00:00,0.0
2021-04-09 23:37:38+00:00,1.95
2021-04-09 05:26:47+00:00,2.0
2021-05-02 09:31:50+00:00,0.0
2021-04-12 03:20:26+00:00,1.0
2021-04-30 15:28:07+00:00,0.0
2021-04-26 08:47:24+00:00,0.0
2021-04-21 19:12:51+00:00,1.0
2021-05-01 06:29:44+00:00,0.0
2021-05-03 01:59:03+00:00,1.0
2021-04-15 06:45:38+00:00,1.0
2021-04-18 03:04:44+00:00,1.0
2021-04-16 21:30:45+00:00,0.0
2021-05-01 00:55:19+00:00,0.0
2021-04-16 18:43:58+00:00,0.0
2021-04-15 13:07:56+00:00,1.0
2021-04-05 05:32:38+00:00,1.0
2021-04-26 09:52:53+00:00,0.0
2021-04-27 00:36:58+00:00,0.0
2021-05-02 23:43:08+00:00,1.0
2021-04-28 23:29:48+00:00,0.0
2021-04-27 01:48:10+00:00,0.0
2021-04-24 07:41:55+00:00,1.0
2021-04-15 02:18:28+00:00,2.0
2021-04-21 01:05:17+00:00,0.0
2021-04-08 13:59:45+00:00,1.0
2021-05-03 01:09:37+00:00,1.0
2021-04-16 09:13:17+00:00,1.0
2021-05-03 14:25:18+00:00,1.0
2021-04-13 02:39:18+00:00,1.0
2021-04-29 10:26:04+00:00,0.0
2021-04-21 07:56:02+00:00,0.0
2021-04-13 10:47:57+00:00,1.0
2021-04-08 16:26:40+00:00,1.0
2021-04-09 18:46:38+00:00,1.0
2021-04-09 04:47:20+00:00,1.0
2021-04-21 11:03:20+00:00,0.0
2021-04-13 04:14:20+00:00,1.0
2021-04-25 18:27:56+00:00,1.0
2021-04-11 12:05:49+00:00,2.0
2021-04-08 14:57:02+00:00,1.0
2021-04-22 23:51:25+00:00,3.0
2021-04-07 22:05:36+00:00,1.0
2021-04-22 21:32:08+00:00,0.0
2021-04-07 01:13:37+00:00,1.0
2021-04-23 18:57:19+00:00,1.0
2021-04-15 13:50:26+00:00,1.0
2021-04-13 12:10:19+00:00,1.0
2021-04-14 15:41:18+00:00,1.0
2021-04-08 01:32:39+00:00,1.0
2021-04-18 03:43:30+00:00,2.0
2021-04-21 00:27:35+00:00,0.0
2021-04-05 08:17:38+00:00,1.0
2021-04-26 22:33:06+00:00,0.0
2021-04-12 12:24:35+00:00,1.0
2021-04-29 00:14:00+00:00,0.0
2021-04-24 04:20:18+00:00,1.0
2021-04-19 12:48:11+00:00,1.0
2021-04-29 13:38:01+00:00,0.0
2021-04-08 11:49:47+00:00,1.0
2021-04-20 03:40:36+00:00,1.0
2021-04-18 01:53:22+00:00,2.0
2021-04-19 16:37:02+00:00,2.0
2021-04-13 18:03:20+00:00,1.0
2021-05-01 06:22:19+00:00,0.0
2021-04-05 01:11:10+00:00,1.0
2021-04-13 22:38:07+00:00,1.0
2021-04-28 11:44:41+00:00,1.0
2021-04-29 04:58:32+00:00,0.0
2021-04-14 08:09:36+00:00,2.0
2021-05-02 20:03:23+00:00,1.0
2021-04-06 16:58:31+00:00,1.0
2021-04-10 05:19:14+00:00,1.95
2021-04-18 12:09:53+00:00,1.0
2021-04-26 00:55:47+00:00,0.0
2021-04-16 04:36:43+00:00,1.0
2021-05-03 18:13:06+00:00,1.0
2021-04-22 12:20:46+00:00,0.0
2021-04-18 09:27:38+00:00,1.0
2021-04-29 06:13:21+00:00,0.0
2021-04-27 18:17:01+00:00,0.0
2021-05-01 06:49:01+00:00,0.0
2021-04-19 04:19:43+00:00,2.0
2021-04-08 13:57:46+00:00,1.0
2021-04-18 19:31:11+00:00,1.0
2021-04-28 18:10:48+00:00,1.0
2021-04-27 01:01:01+00:00,0.0
2021-04-21 01:34:48+00:00,0.0
2021-04-24 03:22:55+00:00,1.0
2021-04-05 09:08:52+00:00,1.0
2021-05-02 13:27:25+00:00,5.0
2021-04-07 08:18:30+00:00,1.0
2021-04-11 11:26:16+00:00,2.0
2021-04-13 10:19:36+00:00,1.0
2021-04-05 09:56:26+00:00,1.0
2021-04-27 22:09:48+00:00,0.0
2021-04-05 12:31:05+00:00,1.0
2021-04-14 14:26:19+00:00,1.0
2021-04-11 08:18:28+00:00,2.0
2021-04-29 07:08:20+00:00,0.0
2021-04-23 09:46:46+00:00,151.0
2021-04-11 05:54:26+00:00,2.0
2021-04-18 11:34:28+00:00,1.0
2021-04-20 21:09:37+00:00,1.0
2021-04-11 21:45:45+00:00,1.0
2021-04-11 04:06:59+00:00,1.0
2021-04-17 09:43:20+00:00,0.0
2021-04-11 20:18:33+00:00,1.0
2021-05-01 22:24:29+00:00,0.0
2021-04-15 00:28:40+00:00,1.0
2021-04-17 19:52:04+00:00,1.0
2021-04-13 04:58:49+00:00,1.0
2021-04-23 16:07:39+00:00,1.0
2021-04-27 09:41:18+00:00,0.0
2021-04-09 22:58:34+00:00,1.95
2021-04-30 17:31:11+00:00,0.0
2021-04-24 16:00:46+00:00,1.0
2021-04-07 18:30:59+00:00,1.0
2021-04-12 01:07:35+00:00,2.0
2021-04-27 18:54:11+00:00,0.0
2021-05-02 07:27:07+00:00,0.0
2021-05-03 10:27:30+00:00,1.0
2021-04-18 03:25:28+00:00,1.0
2021-04-09 03:38:32+00:00,2.0
2021-04-30 13:09:02+00:00,0.0
2021-04-25 06:41:22+00:00,1.0
2021-04-26 07:41:49+00:00,0.0
2021-04-19 15:18:54+00:00,1.0
2021-04-26 14:39:09+00:00,0.0
2021-04-18 19:55:17+00:00,2.0
2021-04-13 20:16:21+00:00,1.0
2021-04-26 00:40:47+00:00,0.0
2021-04-18 18:03:19+00:00,2.0
2021-04-21 10:15:52+00:00,0.0
2021-05-02 03:23:17+00:00,0.0
2021-04-12 14:20:58+00:00,1.0
2021-04-09 18:34:48+00:00,1.0
2021-04-13 11:57:38+00:00,1.0
2021-04-16 14:03:50+00:00,1.0
2021-05-03 14:18:46+00:00,1.0
2021-04-12 04:25:35+00:00,2.0
2021-05-01 03:26:26+00:00,0.0
2021-04-30 20:58:34+00:00,0.0
2021-04-19 09:42:54+00:00,2.0
2021-04-21 06:45:15+00:00,0.0
2021-04-28 23:24:41+00:00,0.0
2021-04-12 22:13:21+00:00,1.0
2021-04-10 21:05:21+00:00,2.0
2021-04-19 02:09:56+00:00,1.0
2021-04-07 08:31:29+00:00,1.0
2021-04-13 14:11:25+00:00,1.0
2021-04-22 07:00:14+00:00,0.0
2021-04-30 20:05:30+00:00,0.0
2021-04-16 17:13:46+00:00,0.0
2021-04-26 15:13:24+00:00,0.0
2021-04-15 12:19:07+00:00,1.0
2021-04-20 17:31:29+00:00,2.0
2021-05-02 15:40:44+00:00,1.0
2021-04-06 13:25:23+00:00,1.0
2021-04-15 15:21:24+00:00,1.0
2021-04-27 21:23:17+00:00,0.0
2021-04-22 16:08:18+00:00,0.0
2021-04-20 07:17:55+00:00,1.0
2021-04-22 21:38:47+00:00,0.0
2021-04-19 10:45:06+00:00,2.0
2021-04-26 14:58:51+00:00,0.0
2021-04-12 00:25:29+00:00,2.0
2021-04-09 05:29:31+00:00,1.0
2021-04-12 12:58:36+00:00,1.0
2021-04-08 17:14:00+00:00,1.0
2021-04-28 11:41:17+00:00,1.0
2021-04-05 07:37:47+00:00,1.0
2021-04-07 04:10:29+00:00,1.0
2021-04-24 12:58:39+00:00,1.0
2021-04-29 18:16:03+00:00,0.0
2021-04-20 00:00:57+00:00,1.0
2021-04-11 10:21:05+00:00,1.0
2021-04-29 23:15:40+00:00,0.0
2021-04-10 11:39:18+00:00,1.95
2021-04-25 01:34:00+00:00,1.0
2021-05-01 20:31:04+00:00,0.0
2021-05-02 05:35:29+00:00,0.0
2021-04-17 03:27:49+00:00,0.0
2021-04-29 21:48:51+00:00,0.0
2021-04-23 07:13:17+00:00,3.0
2021-04-05 05:27:25+00:00,1.0
2021-04-05 20:32:08+00:00,1.0
2021-04-13 03:09:20+00:00,1.0
2021-05-02 13:20:57+00:00,2474.0
2021-04-27 17:52:22+00:00,0.0
2021-05-03 21:17:54+00:00,1.0
2021-04-23 14:52:24+00:00,253.0
2021-04-21 19:55:48+00:00,2.0
2021-04-10 15:48:50+00:00,132.0
2021-04-21 04:38:14+00:00,0.0
2021-04-26 09:23:49+00:00,0.0
2021-04-05 21:25:18+00:00,1.0
2021-04-13 02:08:54+00:00,1.0
2021-05-02 00:58:51+00:00,0.0
2021-04-16 16:49:52+00:00,2.0
2021-04-06 11:23:46+00:00,1.0
2021-04-12 22:22:37+00:00,1.0
2021-04-25 10:20:23+00:00,1.0
2021-04-11 05:46:43+00:00,2.0
2021-04-26 03:23:18+00:00,0.0
2021-04-18 00:42:12+00:00,1.0
2021-04-19 06:13:24+00:00,1.0
2021-04-10 19:43:57+00:00,1.0
2021-04-21 10:18:35+00:00,0.0
2021-04-28 22:31:03+00:00,0.0
2021-04-27 19:30:09+00:00,0.0
2021-04-16 10:09:38+00:00,1.0
2021-04-11 10:15:25+00:00,1.0
2021-05-03 09:08:34+00:00,1.0
2021-04-28 20:40:22+00:00,1.0
2021-04-08 03:55:17+00:00,1.0
2021-05-01 16:47:41+00:00,0.0
2021-04-20 13:00:06+00:00,1.0
2021-04-22 01:34:00+00:00,0.0
2021-05-02 23:57:49+00:00,1.0
2021-04-11 16:39:25+00:00,2.0
2021-05-01 00:35:25+00:00,0.0
2021-04-25 07:45:18+00:00,1.0
2021-04-29 14:28:48+00:00,0.0
2021-04-05 13:41:04+00:00,1.0
2021-04-25 15:44:32+00:00,1.0
2021-04-12 04:27:58+00:00,2.0
2021-04-21 11:16:34+00:00,0.0
2021-04-09 18:03:19+00:00,1.0
2021-04-11 21:36:27+00:00,2.0
2021-04-29 20:07:01+00:00,0.0
2021-04-23 08:57:15+00:00,8.5
2021-04-26 00:03:27+00:00,0.0
2021-04-14 09:54:27+00:00,1.0
2021-04-16 19:50:58+00:00,0.0
2021-04-20 07:11:53+00:00,2.0
2021-04-24 05:48:56+00:00,1.0
2021-04-26 01:22:09+00:00,0.0
2021-04-26 23:35:46+00:00,0.0
2021-04-21 22:43:20+00:00,0.0
2021-05-02 15:47:10+00:00,1.0
2021-04-21 17:57:55+00:00,1.0
2021-05-02 16:36:23+00:00,1.0
2021-04-26 12:00:23+00:00,0.0
2021-04-21 23:46:16+00:00,0.0
2021-04-22 03:34:35+00:00,0.0
2021-04-08 00:36:35+00:00,1.0
2021-04-18 21:50:32+00:00,1.0
2021-04-22 08:11:30+00:00,0.0
2021-04-10 19:10:14+00:00,2.0
2021-04-20 19:06:57+00:00,1.0
2021-04-06 18:21:49+00:00,1.0
2021-04-23 21:41:39+00:00,1.0
2021-04-25 15:11:02+00:00,1.0
2021-04-05 04:57:11+00:00,1.0
2021-04-06 02:52:00+00:00,1.0
2021-04-06 21:04:39+00:00,1.0
2021-04-28 00:35:20+00:00,0.0
2021-04-19 07:07:57+00:00,1.0
2021-05-01 00:15:54+00:00,0.0
2021-04-30 12:13:10+00:00,0.0
2021-04-19 02:11:12+00:00,1.0
2021-04-13 17:10:56+00:00,1.0
2021-04-29 06:21:29+00:00,0.0
2021-04-21 15:16:32+00:00,0.0
2021-04-17 12:52:26+00:00,0.0
2021-04-30 20:50:04+00:00,0.0
2021-04-06 01:31:13+00:00,1.0
2021-04-07 06:44:45+00:00,1.0
2021-04-28 06:34:20+00:00,0.0
2021-04-30 13:51:17+00:00,0.0
2021-05-03 15:59:14+00:00,1.0
2021-05-01 19:46:29+00:00,0.0
2021-04-26 04:38:47+00:00,0.0
2021-05-02 15:28:37+00:00,1.0
2021-04-07 19:27:19+00:00,1.0
2021-04-27 01:39:55+00:00,0.0
2021-04-08 02:32:18+00:00,1.0
2021-04-29 06:02:02+00:00,0.0
2021-05-03 21:50:39+00:00,1.0
2021-04-30 03:56:31+00:00,0.0
2021-04-04 21:53:41+00:00,1.0
2021-04-07 15:04:47+00:00,1.0
2021-04-16 09:13:52+00:00,2.0
2021-04-08 10:24:53+00:00,1.0
2021-04-28 00:38:16+00:00,0.0
2021-04-29 11:01:42+00:00,0.0
2021-04-23 17:34:23+00:00,1.0
2021-04-11 03:20:41+00:00,1.0
2021-04-20 14:57:07+00:00,1.0
2021-04-19 08:23:38+00:00,2.0
2021-04-27 14:29:22+00:00,0.0
2021-04-29 04:39:45+00:00,0.0
2021-04-25 22:19:42+00:00,0.0
2021-04-15 13:19:51+00:00,1.0
2021-05-01 18:50:18+00:00,0.0
2021-04-11 07:57:57+00:00,1.0
2021-04-28 20:26:17+00:00,1.0
2021-04-26 06:13:53+00:00,0.0
2021-05-01 13:08:49+00:00,0.0
2021-04-17 00:08:39+00:00,0.0
2021-04-15 00:21:23+00:00,1.0
2021-04-19 10:17:30+00:00,1.0
2021-04-23 03:26:16+00:00,3.0
2021-05-02 00:37:37+00:00,0.0
2021-04-19 21:39:56+00:00,1.0
2021-04-15 21:57:32+00:00,1.0
2021-04-26 05:54:55+00:00,0.0
2021-04-26 16:02:44+00:00,0.0
2021-04-22 20:45:19+00:00,0.0
2021-05-01 18:24:49+00:00,0.0
2021-04-22 20:50:41+00:00,0.0
2021-04-24 13:07:41+00:00,1.0
2021-04-16 04:14:03+00:00,2.0
2021-04-29 02:19:34+00:00,0.0
2021-04-14 18:33:08+00:00,1.0
2021-05-02 09:11:30+00:00,0.0
2021-04-13 23:17:54+00:00,2.0
2021-04-08 10:29:55+00:00,1.0
2021-04-28 16:33:44+00:00,1.0
2021-04-28 02:02:02+00:00,0.0
2021-04-15 05:30:08+00:00,2.0
2021-04-09 22:16:25+00:00,1.95
2021-04-30 03:02:30+00:00,0.0
2021-04-14 15:19:09+00:00,1.0
2021-04-11 15:25:50+00:00,2.0
2021-04-21 05:02:05+00:00,0.0
2021-05-03 04:37:18+00:00,1.0
2021-04-19 14:48:28+00:00,1.0
2021-04-19 14:59:49+00:00,2.0
2021-04-30 20:34:02+00:00,0.0
2021-04-07 16:53:27+00:00,1.0
2021-04-24 20:57:47+00:00,1.0
2021-04-29 16:38:05+00:00,0.0
2021-05-01 13:12:21+00:00,0.0
2021-04-22 13:49:50+00:00,0.0
2021-04-24 05:38:41+00:00,1.0
2021-04-05 09:32:28+00:00,1.0
2021-04-11 08:54:25+00:00,1.0
2021-05-02 15:03:52+00:00,1.0
2021-04-26 09:21:01+00:00,0.0
2021-04-28 21:33:13+00:00,1.0
2021-05-01 11:58:01+00:00,0.0
2021-04-20 08:15:59+00:00,1.0
2021-04-07 06:44:27+00:00,1.0
2021-04-25 19:06:53+00:00,0.0
2021-04-29 21:25:39+00:00,0.0
2021-04-25 00:40:34+00:00,1.0
2021-04-20 20:10:00+00:00,1.0
2021-04-22 22:45:08+00:00,3.0
2021-04-05 12:57:23+00:00,1.0
2021-04-24 14:05:50+00:00,1.0
2021-04-20 20:55:03+00:00,1.0
2021-04-22 11:04:08+00:00,0.0
2021-04-28 05:49:13+00:00,0.0
2021-04-18 11:29:59+00:00,1.0
2021-04-12 02:15:23+00:00,1.0
2021-04-06 01:37:14+00:00,1.0
2021-04-21 09:49:09+00:00,0.0
2021-04-26 13:08:49+00:00,0.0
2021-04-24 01:12:19+00:00,1.0
2021-04-23 19:05:02+00:00,1.0
2021-05-02 11:53:57+00:00,0.0
2021-04-11 09:08:17+00:00,2.0
2021-04-30 09:00:40+00:00,0.0
2021-04-07 15:43:52+00:00,1.0
2021-04-29 17:23:21+00:00,0.0
2021-04-09 01:58:28+00:00,1.0
2021-04-05 22:31:56+00:00,1.0
2021-04-19 21:55:08+00:00,2.0
2021-04-20 11:16:15+00:00,1.0
2021-04-23 00:50:18+00:00,3.0
2021-04-11 15:11:09+00:00,1.0
2021-04-27 09:14:02+00:00,0.0
2021-04-06 08:04:09+00:00,1.0
2021-04-23 14:26:59+00:00,5.0
2021-04-07 07:06:29+00:00,1.0
2021-04-10 17:15:11+00:00,300.0
2021-04-13 08:32:26+00:00,1.0
2021-04-05 13:05:55+00:00,1.0
2021-05-01 15:19:50+00:00,0.0
2021-04-05 18:21:22+00:00,1.0
2021-04-05 16:39:58+00:00,1.0
2021-04-19 01:56:17+00:00,2.0
2021-05-02 23:29:19+00:00,1.0
2021-04-25 00:02:22+00:00,1.0
2021-04-21 18:15:23+00:00,1.0
2021-04-08 04:27:20+00:00,1.0
2021-04-07 01:33:54+00:00,1.0
2021-04-19 10:21:18+00:00,1.0
2021-04-28 22:55:48+00:00,0.0
2021-04-29 11:22:51+00:00,0.0
2021-04-20 17:09:08+00:00,1.0
2021-04-07 01:36:20+00:00,1.0
2021-04-21 21:40:32+00:00,0.0
2021-04-19 20:03:19+00:00,1.0
2021-04-30 05:16:23+00:00,0.0
2021-04-22 20:32:36+00:00,0.0
2021-05-02 19:00:11+00:00,1.0
2021-04-20 06:42:29+00:00,2.0
2021-04-27 03:19:46+00:00,0.0
2021-04-30 19:42:59+00:00,0.0
2021-04-15 16:55:29+00:00,1.0
2021-04-24 19:51:38+00:00,1.0
2021-04-29 12:32:53+00:00,0.0
2021-04-28 16:17:40+00:00,1.0
2021-05-02 14:40:24+00:00,1.0
2021-04-15 03:10:24+00:00,2.0
2021-05-01 16:15:07+00:00,0.0
2021-04-06 18:50:31+00:00,1.0
2021-04-10 00:15:07+00:00,1.95
2021-05-01 03:18:25+00:00,0.0
2021-05-01 16:21:45+00:00,0.0
2021-04-05 15:55:58+00:00,1.0
2021-04-23 03:31:48+00:00,2.0
2021-05-03 17:41:37+00:00,1.0
2021-04-15 13:12:45+00:00,1.0
2021-05-03 20:26:11+00:00,1.0
2021-04-18 16:35:09+00:00,1.0
2021-04-09 20:24:58+00:00,2.0
2021-04-25 20:36:05+00:00,0.0
2021-04-23 16:17:34+00:00,1.0
2021-05-03 03:47:29+00:00,1.0
2021-04-08 08:56:33+00:00,1.0
2021-04-13 09:05:18+00:00,1.0
2021-05-02 02:31:49+00:00,0.0
2021-04-24 04:22:59+00:00,1.0
2021-04-18 18:38:39+00:00,1.0
2021-04-28 01:29:25+00:00,0.0
2021-04-26 14:34:53+00:00,0.0
2021-04-11 12:08:49+00:00,1.0
2021-04-17 02:37:42+00:00,0.0
2021-04-17 22:26:37+00:00,1.0
2021-04-17 12:36:31+00:00,0.0
2021-05-01 20:26:30+00:00,0.0
2021-04-27 01:12:21+00:00,0.0
2021-04-19 16:37:58+00:00,1.0
2021-05-01 04:06:10+00:00,0.0
2021-04-29 21:02:28+00:00,0.0
2021-04-13 12:02:35+00:00,1.0
2021-04-08 12:43:48+00:00,1.0
2021-04-22 06:27:45+00:00,0.0
2021-04-21 22:20:20+00:00,0.0
2021-04-18 10:53:38+00:00,2.0
2021-05-02 18:20:58+00:00,1.0
2021-04-30 03:18:26+00:00,0.0
2021-04-23 00:57:59+00:00,3.0
2021-05-02 12:22:44+00:00,0.0
2021-04-09 07:22:42+00:00,2.0
2021-04-27 18:57:23+00:00,0.0
2021-04-26 10:47:51+00:00,0.0
2021-04-12 18:40:04+00:00,1.0
2021-04-22 18:49:45+00:00,0.0
2021-04-15 01:00:47+00:00,1.0
2021-04-24 05:08:16+00:00,1.0
2021-04-10 22:19:56+00:00,1.0
2021-04-10 16:13:13+00:00,136.0
2021-04-22 13:17:52+00:00,0.0
2021-04-17 04:05:04+00:00,0.0
2021-04-08 22:06:17+00:00,1.0
2021-04-28 04:31:40+00:00,0.0
2021-04-30 20:51:06+00:00,0.0
2021-04-08 15:11:43+00:00,1.0
2021-04-27 11:38:51+00:00,0.0
2021-04-23 16:45:49+00:00,1.0
2021-05-01 18:15:34+00:00,0.0
2021-04-25 04:40:43+00:00,1.0
2021-04-07 13:45:11+00:00,1.0
2021-04-18 05:33:54+00:00,2.0
2021-05-03 14:36:06+00:00,1.0
2021-04-26 16:00:31+00:00,0.0
2021-04-20 14:17:48+00:00,1.0
2021-04-05 23:13:35+00:00,1.0
2021-04-13 19:16:27+00:00,2.0
2021-04-07 19:41:30+00:00,1.0
2021-04-09 19:41:21+00:00,1.0
2021-04-06 14:43:01+00:00,1.0
2021-04-08 08:12:27+00:00,1.0
2021-04-16 02:36:17+00:00,1.0
2021-04-08 13:42:28+00:00,1.0
2021-04-17 07:31:30+00:00,0.0
2021-04-24 15:44:52+00:00,1.0
2021-04-13 05:45:00+00:00,1.0
2021-04-05 16:35:43+00:00,1.0
2021-04-24 04:17:46+00:00,2.0
2021-04-25 17:43:32+00:00,1.0
2021-04-12 23:31:10+00:00,1.0
2021-04-27 12:12:50+00:00,0.0
2021-04-18 19:40:27+00:00,1.0
2021-04-16 07:50:01+00:00,2.0
2021-04-14 11:24:35+00:00,1.0
2021-04-29 12:05:41+00:00,0.0
2021-04-09 18:06:47+00:00,1.0
2021-04-29 00:02:07+00:00,0.0
2021-04-23 05:15:44+00:00,3.0
2021-04-13 15:04:35+00:00,1.0
2021-04-28 21:44:34+00:00,0.0
2021-04-10 19:47:37+00:00,1.0
2021-04-25 15:10:01+00:00,1.0
2021-05-03 19:04:39+00:00,1.0
2021-04-12 08:14:07+00:00,2.0
2021-04-25 16:32:56+00:00,1.0
2021-04-26 20:26:34+00:00,0.0
2021-04-15 04:54:32+00:00,1.0
2021-04-14 04:25:50+00:00,1.0
2021-04-30 23:42:45+00:00,0.0
2021-04-24 20:12:32+00:00,1.0
2021-04-24 04:41:31+00:00,1.0
2021-05-01 21:33:47+00:00,0.0
2021-04-08 04:32:49+00:00,1.0
2021-04-06 11:58:51+00:00,1.0
2021-04-18 01:38:30+00:00,1.0
2021-04-22 17:45:13+00:00,0.0
2021-04-27 07:56:06+00:00,0.0
2021-05-02 00:57:53+00:00,0.0
2021-04-15 00:06:59+00:00,1.0
2021-05-02 06:27:13+00:00,0.0
2021-04-11 08:33:19+00:00,1.0
2021-04-15 20:57:18+00:00,1.0
2021-04-27 13:16:10+00:00,0.0
2021-04-25 23:04:55+00:00,0.0
2021-05-01 05:26:06+00:00,0.0
2021-04-05 03:20:38+00:00,1.0
2021-04-15 02:11:23+00:00,2.0
2021-04-23 12:17:35+00:00,194.0
2021-04-26 10:12:27+00:00,0.0
2021-04-08 12:19:10+00:00,1.0
2021-04-29 12:27:40+00:00,0.0
2021-04-08 22:57:16+00:00,2.0
2021-04-20 05:10:38+00:00,2.0
2021-04-07 11:55:39+00:00,1.0
2021-04-20 20:33:31+00:00,2.0
2021-04-08 12:45:57+00:00,1.0
2021-04-11 10:04:47+00:00,1.0
2021-04-28 07:58:07+00:00,0.0
2021-04-11 18:23:07+00:00,1.0
2021-04-10 14:56:12+00:00,1.0
2021-04-28 03:05:50+00:00,0.0
2021-04-10 21:34:15+00:00,1.0
2021-04-29 05:47:32+00:00,0.0
2021-04-20 20:41:08+00:00,1.0
2021-04-18 17:48:58+00:00,1.0
2021-04-24 23:24:31+00:00,1.0
2021-04-05 23:40:23+00:00,1.0
2021-04-19 05:27:54+00:00,2.0
2021-04-17 19:14:01+00:00,1.0
2021-04-13 11:13:27+00:00,2.0
2021-04-22 17:49:05+00:00,0.0
2021-04-06 01:43:40+00:00,1.0
2021-04-29 08:27:27+00:00,0.0
2021-04-13 07:01:38+00:00,1.0
2021-04-08 07:53:11+00:00,1.0
2021-04-26 06:51:38+00:00,0.0
2021-04-16 06:46:26+00:00,2.0
2021-04-19 21:14:36+00:00,1.0
2021-04-06 15:30:39+00:00,1.0
2021-04-11 10:50:53+00:00,1.0
2021-04-19 19:21:28+00:00,1.0
2021-04-23 05:03:24+00:00,3.0
2021-05-01 06:07:13+00:00,0.0
2021-04-05 15:17:15+00:00,1.0
2021-04-10 17:21:37+00:00,401.0
2021-05-02 03:50:58+00:00,0.0
2021-04-26 02:03:57+00:00,0.0
2021-04-09 17:23:23+00:00,1.0
2021-04-29 10:46:37+00:00,0.0
2021-04-27 22:53:43+00:00,0.0
2021-04-06 22:04:51+00:00,1.0
2021-04-08 14:13:09+00:00,1.0
2021-04-14 10:54:35+00:00,1.0
2021-05-02 08:28:58+00:00,0.0
2021-04-23 21:27:48+00:00,1.0
2021-04-28 10:02:14+00:00,1.0
2021-04-19 01:13:15+00:00,2.0
2021-04-22 11:12:55+00:00,0.0
2021-04-24 00:25:23+00:00,1.0
2021-04-22 22:56:37+00:00,3.0
2021-04-07 00:50:34+00:00,1.0
2021-04-09 07:22:30+00:00,1.0
2021-04-11 16:07:44+00:00,1.0
2021-04-16 09:11:54+00:00,1.0
2021-04-22 07:10:03+00:00,0.0
2021-04-20 18:46:01+00:00,1.0
2021-04-25 02:27:24+00:00,1.0
2021-05-03 15:30:08+00:00,1.0
2021-04-08 21:18:36+00:00,2.0
2021-04-30 16:45:33+00:00,0.0
2021-04-26 22:05:34+00:00,0.0
2021-04-18 16:47:20+00:00,2.0
2021-04-07 12:52:59+00:00,1.0
2021-04-30 03:51:26+00:00,0.0
2021-04-21 01:06:13+00:00,0.0
2021-04-25 09:49:02+00:00,29.0
2021-04-08 23:21:23+00:00,1.0
2021-04-10 15:28:52+00:00,154.0
2021-04-24 23:38:36+00:00,1.0
2021-04-06 09:47:00+00:00,1.0
2021-04-30 21:20:45+00:00,0.0
2021-04-25 09:51:27+00:00,154.0
2021-04-08 21:42:41+00:00,2.0
2021-04-21 14:17:34+00:00,0.0
2021-04-14 00:29:11+00:00,2.0
2021-05-02 23:16:32+00:00,1.0
2021-04-13 23:13:35+00:00,2.0
2021-04-24 10:30:30+00:00,1.0
2021-04-22 05:09:42+00:00,0.0
2021-05-02 03:08:12+00:00,0.0
2021-05-01 22:04:40+00:00,0.0
2021-04-20 16:30:05+00:00,2.0
2021-04-29 19:31:08+00:00,0.0
2021-04-27 07:41:48+00:00,0.0
2021-05-01 05:08:28+00:00,0.0
2021-05-02 18:48:13+00:00,1.0
2021-05-02 21:58:42+00:00,1.0
2021-04-13 16:07:12+00:00,1.0
2021-04-26 10:20:22+00:00,0.0
2021-04-09 00:50:02+00:00,1.0
2021-04-05 05:15:26+00:00,1.0
2021-04-21 09:33:04+00:00,0.0
2021-04-17 22:44:22+00:00,2.0
2021-04-19 20:16:22+00:00,1.0
2021-04-15 03:00:44+00:00,1.0
2021-04-11 01:45:45+00:00,1.0
2021-04-15 05:09:15+00:00,1.0
2021-04-10 22:27:00+00:00,1.0
2021-04-08 23:51:28+00:00,1.0
2021-04-09 00:18:26+00:00,1.0
2021-04-12 13:01:50+00:00,1.0
2021-04-30 23:57:14+00:00,0.0
2021-05-01 12:42:05+00:00,0.0
2021-04-18 15:08:04+00:00,2.0
2021-04-25 07:10:10+00:00,1.0
2021-04-30 11:05:03+00:00,0.0
2021-04-20 21:18:21+00:00,1.0
2021-04-28 06:30:04+00:00,0.0
2021-04-28 09:30:43+00:00,5.0
2021-04-26 17:38:59+00:00,0.0
2021-04-16 08:03:35+00:00,2.0
2021-04-30 05:05:44+00:00,0.0
2021-04-28 10:47:28+00:00,1.0
2021-04-19 01:17:51+00:00,1.0
2021-04-07 10:31:34+00:00,1.0
2021-04-16 17:39:17+00:00,0.0
2021-04-16 20:36:40+00:00,0.0
2021-04-23 13:44:56+00:00,2529.0
2021-04-27 13:47:24+00:00,0.0
2021-04-18 00:39:14+00:00,1.0
2021-04-10 15:43:41+00:00,143.0
2021-04-30 04:02:44+00:00,0.0
2021-04-22 19:14:08+00:00,0.0
2021-04-29 08:13:09+00:00,0.0
2021-04-07 10:48:45+00:00,1.0
2021-05-03 20:13:07+00:00,1.0
2021-04-24 03:08:25+00:00,1.0
2021-04-30 21:30:15+00:00,0.0
2021-04-07 05:06:49+00:00,1.0
2021-04-06 12:05:12+00:00,1.0
2021-04-09 00:26:51+00:00,2.0
2021-04-24 23:07:53+00:00,1.0
2021-04-28 11:33:12+00:00,1.0
2021-04-18 04:05:57+00:00,2.0
2021-05-02 10:49:52+00:00,0.0
2021-04-08 02:18:25+00:00,1.0
2021-05-02 01:44:10+00:00,0.0
2021-04-30 15:29:48+00:00,0.0
2021-04-16 13:02:35+00:00,1.0
2021-04-06 20:50:55+00:00,1.0
2021-04-05 00:46:15+00:00,1.0
2021-04-21 12:22:37+00:00,0.0
2021-04-17 11:54:45+00:00,0.0
2021-04-22 00:19:03+00:00,0.0
2021-04-25 02:05:39+00:00,1.0
2021-04-05 23:10:22+00:00,1.0
2021-04-30 16:25:46+00:00,0.0
2021-04-26 23:01:19+00:00,0.0
2021-04-12 19:44:22+00:00,1.0
2021-04-06 02:49:07+00:00,1.0
2021-04-24 04:48:53+00:00,2.0
2021-04-15 10:15:01+00:00,1.0
2021-04-13 01:06:24+00:00,1.0
2021-05-01 02:07:19+00:00,0.0
2021-04-20 10:53:18+00:00,2.0
2021-04-26 20:06:32+00:00,0.0
2021-04-26 15:36:59+00:00,0.0
2021-04-27 16:49:59+00:00,0.0
2021-04-14 00:53:59+00:00,1.0
2021-04-27 07:22:05+00:00,0.0
2021-04-26 23:35:29+00:00,0.0
2021-04-06 13:23:08+00:00,1.0
2021-04-30 10:47:48+00:00,0.0
2021-05-03 20:00:53+00:00,1.0
2021-04-10 00:04:33+00:00,1.95
2021-04-18 21:50:05+00:00,1.0
2021-04-15 14:26:35+00:00,1.0
2021-04-05 20:37:34+00:00,1.0
2021-04-14 12:13:28+00:00,1.0
2021-04-24 11:47:11+00:00,1.0
2021-04-09 14:45:53+00:00,2.0
2021-04-16 23:22:58+00:00,0.0
2021-04-10 20:07:37+00:00,2.0
2021-05-02 12:55:02+00:00,0.0
2021-04-30 03:45:15+00:00,0.0
2021-04-12 02:35:08+00:00,1.0
2021-04-23 23:34:55+00:00,1.0
2021-04-28 01:45:57+00:00,0.0
2021-05-02 14:47:25+00:00,1.0
2021-04-09 13:59:41+00:00,1.0
2021-04-23 12:50:41+00:00,441.0
2021-04-28 01:15:32+00:00,0.0
2021-04-13 11:55:01+00:00,1.0
2021-05-01 13:25:58+00:00,0.0
2021-04-18 05:20:53+00:00,2.0
2021-04-20 17:12:53+00:00,1.0
2021-04-25 12:39:00+00:00,1.0
2021-04-08 15:16:24+00:00,1.0
2021-04-16 08:20:02+00:00,1.0
2021-05-01 08:26:47+00:00,0.0
2021-04-07 20:41:00+00:00,1.0
2021-05-01 06:46:38+00:00,0.0
2021-04-16 00:36:16+00:00,2.0
2021-05-01 18:54:24+00:00,0.0
2021-04-05 05:36:33+00:00,1.0
2021-04-13 09:51:33+00:00,2.0
2021-05-02 21:57:26+00:00,1.0
2021-04-06 06:33:19+00:00,1.0
2021-05-01 04:56:41+00:00,0.0
2021-05-02 13:21:46+00:00,2496.0
2021-04-19 20:46:45+00:00,1.0
2021-04-13 22:40:17+00:00,2.0
2021-04-22 08:57:13+00:00,0.0
2021-04-21 09:23:08+00:00,0.0
2021-04-24 00:30:47+00:00,1.0
2021-04-06 06:18:09+00:00,1.0
2021-04-16 12:16:44+00:00,2.0
2021-04-20 23:01:32+00:00,0.0
2021-04-15 23:18:31+00:00,2.0
2021-04-20 17:21:26+00:00,1.0
2021-05-03 08:37:14+00:00,1.0
2021-04-16 13:45:38+00:00,2.0
2021-04-09 21:48:13+00:00,1.95
2021-04-23 12:48:45+00:00,334.0
2021-04-20 14:24:33+00:00,1.0
2021-04-16 17:08:43+00:00,2.0
2021-04-26 12:12:04+00:00,0.0
2021-05-03 22:08:06+00:00,1.0
2021-04-19 10:35:49+00:00,1.0
2021-04-14 13:04:26+00:00,1.0
2021-04-07 08:54:23+00:00,1.0
2021-04-09 12:01:00+00:00,2.0
2021-04-26 05:04:00+00:00,0.0
2021-04-10 00:41:40+00:00,1.95
2021-04-21 21:04:25+00:00,1.0
2021-04-18 15:13:46+00:00,1.0
2021-04-10 08:00:32+00:00,1.95
2021-04-25 06:00:04+00:00,1.0
2021-04-23 17:52:59+00:00,1.0
2021-04-21 11:14:27+00:00,0.0
2021-04-30 08:22:49+00:00,0.0
2021-04-30 05:40:40+00:00,0.0
2021-05-03 00:41:28+00:00,1.0
2021-04-24 20:21:06+00:00,1.0
2021-04-28 06:08:07+00:00,0.0
2021-04-24 01:37:12+00:00,1.0
2021-04-20 21:22:24+00:00,1.0
2021-04-12 02:48:27+00:00,2.0
2021-04-21 03:02:46+00:00,0.0
2021-04-11 00:40:13+00:00,1.0
2021-04-21 18:25:52+00:00,1.0
2021-04-11 02:13:47+00:00,1.0
2021-04-20 07:20:07+00:00,1.0
2021-04-26 06:08:02+00:00,0.0
2021-05-03 23:55:07+00:00,1.0
2021-04-30 14:17:55+00:00,0.0
2021-04-26 07:35:23+00:00,0.0
2021-04-18 17:08:49+00:00,1.0
2021-04-24 07:34:48+00:00,1.0
2021-04-19 21:23:17+00:00,1.0
2021-04-29 09:32:48+00:00,0.0
2021-04-20 18:52:58+00:00,1.0
2021-04-15 03:58:30+00:00,2.0
2021-05-03 12:22:37+00:00,1.0
2021-04-30 20:05:25+00:00,0.0
2021-04-16 14:05:30+00:00,1.0
2021-04-26 02:59:01+00:00,0.0
2021-04-16 03:21:26+00:00,1.0
2021-04-20 03:00:50+00:00,2.0
2021-04-13 15:21:49+00:00,1.0
2021-04-10 04:13:29+00:00,1.95
2021-04-10 05:13:04+00:00,1.95
2021-04-18 07:49:40+00:00,1.0
2021-04-15 08:01:12+00:00,1.0
2021-04-10 15:35:05+00:00,117.0
2021-04-20 22:59:53+00:00,0.0
2021-04-15 20:29:53+00:00,1.0
2021-04-15 22:20:20+00:00,2.0
2021-04-07 06:32:04+00:00,1.0
2021-04-19 10:54:32+00:00,1.0
2021-04-14 05:36:30+00:00,1.0
2021-04-30 19:41:58+00:00,0.0
2021-04-13 09:59:07+00:00,1.0
2021-04-11 19:26:01+00:00,1.0
2021-04-29 05:57:39+00:00,0.0
2021-04-06 06:19:38+00:00,1.0
2021-04-17 05:19:49+00:00,0.0
2021-04-20 03:45:53+00:00,1.0
2021-04-14 14:26:46+00:00,1.0
2021-04-18 20:53:53+00:00,2.0
2021-04-11 23:02:01+00:00,1.0
2021-04-20 11:08:27+00:00,1.0
2021-04-20 06:37:20+00:00,2.0
2021-05-03 21:13:52+00:00,2.0
2021-05-02 02:18:40+00:00,0.0
2021-04-12 03:48:12+00:00,1.0
2021-04-17 00:21:49+00:00,0.0
2021-04-20 21:54:11+00:00,1.0
2021-04-25 18:07:44+00:00,1.0
2021-04-18 12:11:38+00:00,1.0
2021-04-21 22:23:32+00:00,0.0
2021-04-28 10:02:55+00:00,1.0
2021-04-15 16:24:20+00:00,1.0
2021-04-13 16:44:35+00:00,1.0
2021-04-25 12:23:57+00:00,1.0
2021-04-19 14:26:39+00:00,1.0
2021-04-11 19:10:06+00:00,2.0
2021-04-12 22:11:24+00:00,1.0
2021-04-09 22:38:56+00:00,1.95
2021-04-18 19:47:44+00:00,2.0
2021-04-25 20:33:46+00:00,0.0
2021-04-11 13:25:09+00:00,1.0
2021-04-07 08:50:22+00:00,1.0
2021-04-27 10:39:45+00:00,0.0
2021-04-30 13:15:34+00:00,0.0
2021-04-09 20:34:35+00:00,1.0
2021-04-18 18:22:23+00:00,1.0
2021-04-05 11:21:10+00:00,1.0
2021-04-21 23:51:37+00:00,0.0
2021-04-06 23:51:33+00:00,1.0
2021-04-15 04:42:26+00:00,1.0
2021-05-01 16:07:22+00:00,0.0
2021-04-22 20:56:08+00:00,0.0
2021-05-02 22:20:43+00:00,1.0
2021-05-01 05:45:08+00:00,0.0
2021-04-08 06:16:00+00:00,1.0
2021-04-22 10:58:38+00:00,0.0
2021-04-09 07:56:17+00:00,1.0
2021-05-02 12:36:16+00:00,0.0
2021-04-10 19:25:52+00:00,1.0
2021-04-24 22:01:33+00:00,1.0
2021-04-06 17:24:44+00:00,1.0
2021-04-16 12:21:17+00:00,1.0
2021-04-14 09:53:11+00:00,1.0
2021-04-14 13:42:41+00:00,2.0
2021-04-24 04:43:53+00:00,1.0
2021-05-03 22:46:21+00:00,1.0
2021-04-25 12:12:37+00:00,1.0
2021-04-21 19:35:26+00:00,1.0
2021-04-30 14:18:04+00:00,0.0
2021-04-29 11:56:08+00:00,0.0
2021-04-15 12:27:42+00:00,1.0
2021-04-11 02:29:22+00:00,1.0
2021-04-14 05:59:18+00:00,1.0
2021-04-26 09:18:57+00:00,0.0
2021-04-08 16:42:11+00:00,1.0
2021-04-14 19:06:22+00:00,1.0
2021-04-21 10:40:18+00:00,0.0
2021-04-16 19:35:22+00:00,0.0
2021-04-15 19:04:09+00:00,1.0
2021-05-03 09:23:37+00:00,1.0
2021-04-17 11:05:11+00:00,0.0
2021-04-28 13:08:04+00:00,1.0
2021-04-11 14:48:02+00:00,1.0
2021-04-12 22:59:19+00:00,1.0
2021-04-20 11:42:51+00:00,2.0
2021-04-04 22:06:30+00:00,1.0
2021-04-05 11:09:34+00:00,1.0
2021-04-10 20:39:17+00:00,1.0
2021-04-23 10:26:37+00:00,1.0
2021-05-03 11:15:48+00:00,1.0
2021-04-17 02:42:16+00:00,0.0
2021-04-22 00:19:15+00:00,0.0
2021-04-17 10:46:58+00:00,0.0
2021-04-30 10:34:49+00:00,0.0
2021-04-25 17:19:35+00:00,1.0
2021-04-23 11:05:36+00:00,97.0
2021-04-06 07:19:28+00:00,1.0
2021-04-23 21:30:40+00:00,1.0
2021-04-16 23:23:03+00:00,0.0
2021-04-17 23:07:12+00:00,1.0
2021-04-05 11:58:17+00:00,1.0
2021-04-15 22:29:10+00:00,1.0
2021-04-12 16:57:45+00:00,1.0
2021-04-07 18:00:57+00:00,1.0
2021-04-24 20:24:22+00:00,1.0
2021-04-18 06:07:21+00:00,2.0
2021-05-01 12:39:15+00:00,0.0
2021-04-16 09:50:37+00:00,1.0
2021-04-11 04:06:30+00:00,1.0
2021-04-10 04:58:13+00:00,1.95
2021-04-29 01:33:03+00:00,0.0
2021-05-02 15:08:39+00:00,1.0
2021-04-11 11:43:18+00:00,1.0
2021-04-08 08:36:13+00:00,1.0
2021-04-10 09:02:42+00:00,1.95
2021-04-07 17:10:28+00:00,1.0
2021-04-20 21:08:57+00:00,1.0
2021-04-20 17:42:09+00:00,2.0
2021-04-18 04:41:43+00:00,1.0
2021-04-10 01:11:57+00:00,1.95
2021-04-16 10:33:30+00:00,2.0
2021-04-13 02:31:20+00:00,1.0
2021-05-02 02:35:04+00:00,0.0
2021-04-26 20:01:50+00:00,0.0
2021-04-14 21:59:32+00:00,2.0
2021-04-09 14:27:08+00:00,1.0
2021-04-19 14:49:09+00:00,1.0
2021-04-07 01:27:59+00:00,1.0
2021-04-05 06:19:19+00:00,1.0
2021-04-11 14:14:05+00:00,1.0
2021-04-22 07:53:45+00:00,0.0
2021-04-15 23:30:37+00:00,1.0
2021-04-26 14:46:49+00:00,0.0
2021-04-16 14:08:20+00:00,1.0
2021-04-29 11:14:13+00:00,0.0
2021-04-20 02:17:41+00:00,1.0
2021-04-14 20:08:18+00:00,1.0
2021-04-07 09:20:53+00:00,1.0
2021-04-10 10:33:22+00:00,1.95
2021-04-27 07:18:47+00:00,0.0
2021-05-02 07:41:19+00:00,0.0
2021-04-09 14:23:39+00:00,2.0
2021-04-23 12:42:27+00:00,27.0
2021-04-11 04:50:13+00:00,2.0
2021-04-18 19:27:38+00:00,1.0
2021-04-21 16:28:19+00:00,69.0
2021-05-01 05:38:23+00:00,0.0
2021-04-22 13:22:43+00:00,0.0
2021-05-02 00:12:29+00:00,0.0
2021-04-09 12:20:11+00:00,1.0
2021-04-10 17:51:07+00:00,1.0
2021-04-14 16:23:03+00:00,2.0
2021-04-27 19:26:50+00:00,0.0
2021-04-14 16:37:06+00:00,1.0
2021-04-12 17:50:08+00:00,1.0
2021-04-26 09:06:42+00:00,0.0
2021-05-03 02:20:47+00:00,1.0
2021-05-01 05:48:38+00:00,0.0
2021-05-02 14:57:27+00:00,1.0
2021-04-14 17:14:25+00:00,1.0
2021-05-03 02:44:32+00:00,1.0
2021-05-03 06:29:50+00:00,1.0
2021-04-05 15:58:16+00:00,1.0
2021-04-06 07:17:29+00:00,1.0
2021-04-15 21:32:21+00:00,1.0
2021-04-15 15:57:37+00:00,2.0
2021-04-15 21:36:29+00:00,1.0
2021-04-27 00:28:00+00:00,0.0
2021-04-25 11:44:04+00:00,1.0
2021-04-16 10:56:10+00:00,1.0
2021-04-22 21:46:47+00:00,0.0
2021-04-16 18:19:50+00:00,0.0
2021-04-22 10:20:58+00:00,0.0
2021-04-16 10:55:52+00:00,1.0
2021-04-08 10:09:54+00:00,95.0
2021-05-02 00:48:08+00:00,0.0
2021-04-26 14:18:39+00:00,0.0
2021-04-15 13:13:06+00:00,2.0
2021-04-29 00:04:59+00:00,0.0
2021-04-27 08:48:06+00:00,0.0
2021-04-23 20:51:32+00:00,1.0
2021-05-01 18:52:26+00:00,0.0
2021-04-14 04:04:04+00:00,1.0
2021-04-06 11:23:30+00:00,1.0
2021-04-13 11:33:06+00:00,2.0
2021-04-14 00:47:16+00:00,2.0
2021-04-28 05:23:17+00:00,0.0
2021-04-17 23:11:41+00:00,1.0
2021-04-17 12:37:29+00:00,0.0
2021-04-26 18:57:18+00:00,0.0
2021-04-11 09:38:39+00:00,1.0
2021-04-29 07:53:18+00:00,0.0
2021-04-14 23:57:06+00:00,2.0
2021-04-27 01:24:07+00:00,0.0
2021-04-05 00:55:56+00:00,1.0
2021-04-23 13:31:48+00:00,2507.0
2021-04-15 04:28:24+00:00,1.0
2021-05-03 23:07:31+00:00,1.0
2021-04-20 17:24:53+00:00,1.0
2021-04-25 11:08:21+00:00,1.0
2021-04-26 15:17:43+00:00,0.0
2021-04-20 05:37:25+00:00,1.0
2021-04-10 21:33:25+00:00,1.0
2021-04-28 10:06:05+00:00,1.0
2021-05-02 00:40:59+00:00,0.0
2021-04-08 12:07:30+00:00,1.0
2021-05-01 10:12:20+00:00,0.0
2021-04-28 04:23:09+00:00,0.0
2021-04-23 17:35:08+00:00,1.0
2021-04-08 16:19:18+00:00,1.0
2021-04-10 14:18:13+00:00,1.95
2021-04-12 20:40:32+00:00,1.0
2021-04-06 07:27:24+00:00,1.0
2021-04-10 14:11:19+00:00,1.95
2021-04-25 16:17:14+00:00,1.0
2021-04-13 19:22:22+00:00,1.0
2021-04-17 19:19:21+00:00,2.0
2021-04-27 14:11:07+00:00,0.0
2021-04-07 00:37:52+00:00,1.0
2021-04-12 00:55:04+00:00,1.0
2021-04-24 16:15:08+00:00,1.0
2021-04-30 03:25:02+00:00,0.0
2021-04-12 04:49:07+00:00,2.0
2021-04-30 00:50:44+00:00,0.0
2021-04-26 11:53:54+00:00,0.0
2021-04-24 04:14:41+00:00,1.0
2021-04-07 11:50:27+00:00,1.0
2021-04-30 21:06:45+00:00,0.0
2021-04-30 05:50:48+00:00,0.0
2021-05-03 13:19:38+00:00,1.0
2021-04-08 15:38:06+00:00,1.0
2021-04-23 15:43:53+00:00,1.0
2021-04-09 15:29:12+00:00,1.0
2021-04-21 03:28:56+00:00,0.0
2021-04-20 04:45:06+00:00,2.0
2021-04-26 04:36:56+00:00,0.0
2021-04-23 22:05:53+00:00,1.0
2021-05-01 14:51:07+00:00,0.0
2021-04-11 12:35:35+00:00,1.0
2021-04-16 23:50:38+00:00,0.0
2021-04-14 21:26:59+00:00,1.0
2021-04-05 16:27:38+00:00,1.0
2021-04-27 04:20:10+00:00,0.0
2021-04-30 22:48:50+00:00,0.0
2021-04-26 17:16:18+00:00,0.0
2021-04-18 21:16:26+00:00,1.0
2021-04-13 09:37:19+00:00,2.0
2021-04-11 21:55:58+00:00,2.0
2021-04-08 15:27:30+00:00,1.0
2021-04-19 12:08:17+00:00,1.0
2021-04-30 22:28:56+00:00,0.0
2021-04-27 17:56:49+00:00,0.0
2021-04-11 03:55:44+00:00,2.0
2021-04-22 19:44:15+00:00,0.0
2021-05-03 15:48:02+00:00,1.0
2021-04-25 18:37:32+00:00,1.0
2021-04-12 01:36:42+00:00,1.0
2021-04-07 07:16:58+00:00,1.0
2021-04-07 10:06:32+00:00,1.0
2021-04-27 01:47:06+00:00,0.0
2021-04-14 23:28:09+00:00,2.0
2021-05-02 17:10:42+00:00,1.0
2021-05-03 02:26:03+00:00,1.0
2021-04-14 09:55:49+00:00,1.0
2021-04-08 05:02:21+00:00,1.0
2021-05-01 02:24:15+00:00,0.0
2021-04-18 21:48:41+00:00,2.0
2021-04-17 11:50:23+00:00,0.0
2021-04-16 14:09:22+00:00,1.0
2021-04-13 02:40:25+00:00,1.0
2021-05-03 09:55:49+00:00,1.0
2021-04-24 19:25:44+00:00,1.0
2021-05-01 10:52:17+00:00,0.0
2021-04-20 09:32:59+00:00,1.0
2021-04-14 21:53:02+00:00,1.0
2021-04-07 11:37:32+00:00,1.0
2021-04-13 14:24:11+00:00,1.0
2021-04-08 03:32:54+00:00,1.0
2021-04-23 06:05:50+00:00,3.0
2021-04-28 02:07:10+00:00,0.0
2021-04-26 05:03:06+00:00,0.0
2021-04-27 12:49:36+00:00,0.0
2021-04-16 15:16:13+00:00,2.0
2021-04-27 12:08:42+00:00,0.0
2021-04-12 00:20:42+00:00,1.0
2021-04-27 03:59:20+00:00,0.0
2021-04-25 03:47:36+00:00,1.0
2021-04-11 07:41:12+00:00,1.0
2021-04-30 10:20:31+00:00,0.0
2021-04-13 22:03:12+00:00,1.0
2021-04-17 05:44:26+00:00,0.0
2021-05-02 16:47:26+00:00,1.0
2021-04-10 22:36:48+00:00,1.0
2021-04-24 10:44:38+00:00,1.0
2021-04-24 15:35:30+00:00,1.0
2021-05-02 04:27:12+00:00,0.0
2021-04-14 15:53:23+00:00,1.0
2021-04-30 20:20:18+00:00,0.0
2021-04-12 13:47:51+00:00,1.0
2021-04-18 07:03:37+00:00,2.0
2021-05-02 00:32:08+00:00,0.0
2021-05-02 17:13:32+00:00,1.0
2021-04-12 23:59:22+00:00,1.0
2021-04-24 19:13:29+00:00,1.0
2021-04-05 14:40:13+00:00,1.0
2021-04-10 14:50:31+00:00,1.95
2021-04-06 17:24:35+00:00,1.0
2021-04-17 01:06:33+00:00,0.0
2021-04-14 15:02:59+00:00,1.0
2021-04-21 18:04:12+00:00,1.0
2021-04-11 09:40:45+00:00,2.0
2021-04-23 12:29:03+00:00,51.0
2021-04-12 06:21:01+00:00,2.0
2021-04-17 00:38:22+00:00,0.0
2021-05-03 12:21:59+00:00,1.0
2021-04-09 18:19:27+00:00,1.0
2021-04-05 01:54:37+00:00,1.0
2021-04-28 16:19:27+00:00,1.0
2021-04-24 11:40:14+00:00,1.0
2021-04-22 19:04:35+00:00,0.0
2021-04-20 11:22:47+00:00,1.0
2021-05-03 04:53:50+00:00,1.0
2021-04-23 07:46:04+00:00,8.5
2021-04-11 18:23:29+00:00,1.0
2021-04-23 04:10:59+00:00,3.0
2021-05-01 17:48:21+00:00,0.0
2021-04-20 13:33:12+00:00,2.0
2021-04-25 17:26:05+00:00,1.0
2021-04-21 16:01:09+00:00,99.0
2021-04-15 09:49:09+00:00,430.0
2021-04-13 23:28:02+00:00,2.0
2021-04-16 17:23:29+00:00,0.0
2021-04-05 10:03:06+00:00,1.0
2021-04-14 00:53:13+00:00,1.0
2021-05-01 22:07:15+00:00,0.0
2021-04-27 13:37:38+00:00,0.0
2021-04-16 01:53:04+00:00,1.0
2021-04-22 02:40:20+00:00,0.0
2021-04-10 06:46:22+00:00,1.95
2021-05-01 21:46:53+00:00,0.0
2021-04-22 10:57:47+00:00,0.0
2021-04-19 11:38:43+00:00,1.0
2021-04-08 22:32:06+00:00,1.0
2021-04-17 07:48:11+00:00,0.0
2021-04-06 23:05:33+00:00,1.0
2021-04-09 13:17:23+00:00,2.0
2021-04-08 13:49:49+00:00,1.0
2021-04-24 02:39:59+00:00,1.0
2021-04-09 16:14:41+00:00,2.0
2021-04-05 11:14:56+00:00,1.0
2021-04-18 08:46:29+00:00,2.0
2021-04-28 02:16:54+00:00,0.0
2021-04-14 13:44:26+00:00,2.0
2021-04-07 00:28:58+00:00,1.0
2021-04-05 08:59:47+00:00,1.0
2021-04-30 15:48:53+00:00,0.0
2021-04-25 17:24:30+00:00,1.0
2021-05-01 10:34:02+00:00,0.0
2021-04-10 20:07:27+00:00,2.0
2021-04-14 13:42:18+00:00,1.0
2021-05-03 07:29:46+00:00,1.0
2021-04-10 11:45:01+00:00,1.95
2021-04-29 00:39:47+00:00,0.0
2021-04-26 06:36:06+00:00,0.0
2021-05-01 01:02:15+00:00,0.0
2021-04-15 16:26:29+00:00,1.0
2021-04-22 06:20:24+00:00,0.0
2021-05-01 14:05:26+00:00,0.0
2021-04-16 03:31:08+00:00,1.0
2021-04-10 13:53:30+00:00,1.95
2021-05-01 16:47:23+00:00,0.0
2021-05-01 08:33:01+00:00,0.0
2021-04-26 12:36:50+00:00,0.0
2021-04-15 18:06:39+00:00,1.0
2021-04-19 15:23:06+00:00,2.0
2021-04-19 11:14:19+00:00,1.0
2021-04-21 00:30:31+00:00,0.0
2021-04-16 00:10:33+00:00,2.0
2021-04-19 16:47:38+00:00,1.0
2021-04-20 12:22:43+00:00,1.0
2021-04-07 10:06:47+00:00,1.0
2021-04-10 02:48:25+00:00,1.95
2021-04-24 20:16:55+00:00,1.0
2021-05-03 16:55:46+00:00,1.0
2021-04-14 02:22:50+00:00,2.0
2021-04-29 22:48:06+00:00,0.0
2021-04-30 13:11:40+00:00,0.0
2021-04-11 22:14:37+00:00,2.0
2021-04-23 05:07:09+00:00,2.0
2021-04-27 04:11:15+00:00,0.0
2021-04-26 07:44:38+00:00,0.0
2021-05-03 11:32:14+00:00,1.0
2021-04-08 16:53:33+00:00,1.0
2021-04-05 22:24:51+00:00,1.0
2021-04-07 13:10:17+00:00,1.0
2021-04-11 11:25:58+00:00,1.0
2021-04-25 00:02:44+00:00,1.0
2021-04-11 03:46:04+00:00,2.0
2021-04-28 06:29:00+00:00,0.0
2021-04-19 15:50:43+00:00,1.0
2021-04-09 08:15:54+00:00,1.0
2021-04-12 01:49:34+00:00,2.0
2021-04-19 23:00:49+00:00,2.0
2021-04-21 21:28:55+00:00,1.0
2021-04-07 09:08:40+00:00,1.0
2021-04-12 18:17:43+00:00,1.0
2021-04-30 21:04:51+00:00,0.0
2021-04-18 07:00:18+00:00,2.0
2021-04-10 19:34:26+00:00,2.0
2021-04-09 16:00:22+00:00,1.0
2021-04-19 10:18:34+00:00,1.0
2021-04-06 22:24:56+00:00,1.0
2021-04-12 02:25:48+00:00,2.0
2021-04-27 12:14:04+00:00,0.0
2021-05-01 07:16:46+00:00,0.0
2021-04-17 11:17:37+00:00,0.0
2021-04-20 23:42:13+00:00,0.0
2021-04-29 23:53:09+00:00,0.0
2021-04-09 21:21:11+00:00,1.0
2021-04-05 00:53:29+00:00,1.0
2021-05-03 17:40:14+00:00,1.0
2021-04-14 16:10:20+00:00,2.0
2021-04-19 06:12:02+00:00,1.0
2021-04-17 16:56:32+00:00,0.0
2021-04-05 03:10:58+00:00,1.0
2021-04-16 19:38:25+00:00,0.0
2021-04-25 17:52:55+00:00,1.0
2021-04-15 11:28:53+00:00,2.0
2021-05-01 18:27:07+00:00,0.0
2021-04-15 12:53:32+00:00,2.0
2021-05-03 13:11:52+00:00,1.0
2021-04-20 19:41:17+00:00,1.0
2021-04-27 02:34:36+00:00,0.0
2021-04-19 03:34:21+00:00,2.0
2021-04-09 09:16:53+00:00,1.0
2021-04-16 21:55:39+00:00,0.0
2021-04-11 01:10:22+00:00,2.0
2021-04-13 19:52:35+00:00,1.0
2021-04-17 05:34:14+00:00,0.0
2021-04-16 16:45:14+00:00,1.0
2021-04-18 10:58:45+00:00,1.0
2021-04-07 08:00:20+00:00,1.0
2021-04-12 15:47:11+00:00,1.0
2021-04-09 00:59:15+00:00,1.0
2021-04-30 17:33:01+00:00,0.0
2021-04-06 17:09:32+00:00,2.0
2021-04-05 22:52:35+00:00,1.0
2021-05-02 19:31:24+00:00,1.0
2021-04-12 07:19:22+00:00,1.0
2021-04-25 22:55:22+00:00,0.0
2021-04-28 23:53:18+00:00,0.0
2021-05-01 00:27:21+00:00,0.0
2021-04-21 23:32:52+00:00,0.0
2021-04-11 22:18:04+00:00,2.0
2021-04-17 03:13:16+00:00,0.0
2021-04-12 00:57:22+00:00,1.0
2021-04-28 15:26:19+00:00,1.0
2021-04-23 13:36:33+00:00,2340.0
2021-04-14 19:18:20+00:00,1.0
2021-04-09 08:49:18+00:00,2.0
2021-04-16 18:34:03+00:00,0.0
2021-04-27 00:07:34+00:00,0.0
2021-04-26 18:40:21+00:00,0.0
2021-04-19 23:55:36+00:00,2.0
2021-04-27 15:54:48+00:00,0.0
2021-04-07 22:28:41+00:00,1.0
2021-05-03 08:40:22+00:00,1.0
2021-04-06 08:51:44+00:00,1.0
2021-04-23 02:15:46+00:00,3.0
2021-04-30 08:23:43+00:00,0.0
2021-04-05 09:04:25+00:00,1.0
2021-04-14 02:54:24+00:00,1.0
2021-04-15 06:09:27+00:00,1.0
2021-04-15 10:27:29+00:00,2.0
2021-04-10 15:47:35+00:00,140.0
2021-04-16 11:29:20+00:00,1.0
2021-04-09 10:12:24+00:00,1.0
2021-04-10 21:05:09+00:00,1.0
2021-04-15 15:20:53+00:00,1.0
2021-04-09 04:17:23+00:00,1.0
2021-04-20 08:53:42+00:00,1.0
2021-04-26 06:10:18+00:00,0.0
2021-04-18 07:14:26+00:00,2.0
2021-04-26 10:18:56+00:00,0.0
2021-05-01 21:18:36+00:00,0.0
2021-04-29 18:49:46+00:00,0.0
2021-04-11 09:43:12+00:00,2.0
2021-04-10 13:15:42+00:00,1.95
2021-05-03 11:32:52+00:00,1.0
2021-04-07 04:30:42+00:00,1.0
2021-04-17 03:18:15+00:00,0.0
2021-04-24 20:53:31+00:00,1.0
2021-04-07 05:21:01+00:00,1.0
2021-04-26 19:20:07+00:00,0.0
2021-04-17 04:02:16+00:00,0.0
2021-04-23 07:59:59+00:00,8.5
2021-04-30 17:59:31+00:00,0.0
2021-04-13 20:37:55+00:00,1.0
2021-04-25 17:50:01+00:00,1.0
2021-04-14 15:32:38+00:00,1.0
2021-04-07 12:59:21+00:00,1.0
2021-04-29 14:35:15+00:00,0.0
2021-04-28 07:05:06+00:00,0.0
2021-04-28 05:38:11+00:00,0.0
2021-04-10 23:00:07+00:00,2.0
2021-04-29 12:23:13+00:00,0.0
2021-04-13 12:45:34+00:00,1.0
2021-04-10 22:13:35+00:00,2.0
2021-04-12 15:41:12+00:00,1.0
2021-04-30 08:41:01+00:00,0.0
2021-04-15 16:05:45+00:00,2.0
2021-04-11 22:16:16+00:00,1.0
2021-04-30 15:24:48+00:00,0.0
2021-04-05 21:16:20+00:00,1.0
2021-05-02 13:53:24+00:00,220.0
2021-04-26 12:19:28+00:00,0.0
2021-04-08 10:04:30+00:00,162.0
2021-04-26 20:19:18+00:00,0.0
2021-04-29 11:55:29+00:00,0.0
2021-05-01 00:42:14+00:00,0.0
2021-04-19 09:30:35+00:00,1.0
2021-04-06 08:50:14+00:00,1.0
2021-04-22 03:04:25+00:00,0.0
2021-04-18 07:49:39+00:00,1.0
2021-04-12 15:35:57+00:00,1.0
2021-04-13 21:19:52+00:00,1.0
2021-04-06 20:31:20+00:00,1.0
2021-04-30 17:26:06+00:00,0.0
2021-04-30 00:12:24+00:00,0.0
2021-04-23 09:42:37+00:00,45.5
2021-04-27 06:51:01+00:00,0.0
2021-04-28 08:16:07+00:00,0.0
2021-04-18 09:24:25+00:00,1.0
2021-04-18 05:16:48+00:00,1.0
2021-04-28 12:56:01+00:00,1.0
2021-05-02 23:50:02+00:00,1.0
2021-04-16 20:54:40+00:00,0.0
2021-04-22 20:46:12+00:00,0.0
2021-04-25 10:09:07+00:00,5.0
2021-04-25 00:46:31+00:00,1.0
2021-04-09 18:33:28+00:00,1.0
2021-04-28 18:43:27+00:00,1.0
2021-04-08 15:45:18+00:00,1.0
2021-04-13 09:18:57+00:00,2.0
2021-04-27 17:40:54+00:00,0.0
2021-04-13 19:44:09+00:00,1.0
2021-04-20 00:18:37+00:00,2.0
2021-04-07 04:21:36+00:00,1.0
2021-04-10 02:39:41+00:00,1.95
2021-04-23 04:46:43+00:00,3.0
2021-04-15 14:56:14+00:00,1.0
2021-04-21 03:59:51+00:00,0.0
2021-04-22 03:46:32+00:00,0.0
2021-04-27 19:54:01+00:00,0.0
2021-04-28 02:13:00+00:00,0.0
2021-04-29 21:17:29+00:00,0.0
2021-04-30 10:21:15+00:00,0.0
2021-04-11 16:01:09+00:00,1.0
2021-04-30 15:38:55+00:00,0.0
2021-04-11 10:54:12+00:00,1.0
2021-04-13 13:48:48+00:00,1.0
2021-04-22 12:09:42+00:00,0.0
2021-05-01 17:47:03+00:00,0.0
2021-04-19 14:42:44+00:00,1.0
2021-04-16 22:14:12+00:00,0.0
2021-04-29 18:19:13+00:00,0.0
2021-04-13 14:40:55+00:00,1.0
2021-04-26 21:35:53+00:00,0.0
2021-05-02 14:23:16+00:00,5.0
2021-04-15 09:59:24+00:00,1.0
2021-04-05 18:49:53+00:00,1.0
2021-04-11 04:37:59+00:00,2.0
2021-04-14 09:18:53+00:00,1.0
2021-04-20 23:14:08+00:00,0.0
2021-04-06 03:17:41+00:00,1.0
2021-05-03 11:21:22+00:00,1.0
2021-04-12 05:09:43+00:00,2.0
2021-04-25 11:02:44+00:00,1.0
2021-05-02 07:02:33+00:00,0.0
2021-04-28 18:32:16+00:00,1.0
2021-04-10 00:20:51+00:00,1.95
2021-04-28 22:01:46+00:00,0.0
2021-04-18 15:10:08+00:00,1.0
2021-04-29 16:55:05+00:00,0.0
2021-04-23 03:41:24+00:00,3.0
2021-04-05 04:03:18+00:00,1.0
2021-04-09 00:17:46+00:00,1.0
2021-04-30 17:59:17+00:00,0.0
2021-04-26 22:23:56+00:00,0.0
2021-04-11 06:37:03+00:00,1.0
2021-04-14 09:46:31+00:00,1.0
2021-04-23 07:01:24+00:00,3.0
2021-04-25 08:05:50+00:00,1.0
2021-05-03 12:44:21+00:00,1.0
2021-04-07 05:25:48+00:00,1.0
2021-04-20 15:31:01+00:00,2.0
2021-04-08 02:35:26+00:00,1.0
2021-04-07 12:21:20+00:00,1.0
2021-04-09 11:46:59+00:00,1.0
2021-04-30 19:28:31+00:00,0.0
2021-04-14 19:13:32+00:00,1.0
2021-04-13 22:44:02+00:00,1.0
2021-04-05 14:05:03+00:00,1.0
2021-04-22 03:35:14+00:00,0.0
2021-04-29 11:14:14+00:00,0.0
2021-04-10 04:29:45+00:00,1.95
2021-04-23 15:37:23+00:00,1.0
2021-05-03 03:46:07+00:00,1.0
2021-04-21 17:56:00+00:00,1.0
2021-05-01 02:04:42+00:00,0.0
2021-04-27 14:08:03+00:00,0.0
2021-04-07 22:28:26+00:00,1.0
2021-04-08 05:23:36+00:00,1.0
2021-04-17 18:25:23+00:00,1.0
2021-04-06 23:59:48+00:00,1.0
2021-04-17 16:09:42+00:00,0.0
2021-04-25 18:14:38+00:00,1.0
2021-05-03 05:43:42+00:00,1.0
2021-04-09 12:03:28+00:00,1.0
2021-04-23 19:27:43+00:00,1.0
2021-04-15 18:47:32+00:00,2.0
2021-04-27 20:09:57+00:00,0.0
2021-04-23 04:54:58+00:00,2.0
2021-04-10 09:57:25+00:00,1.95
2021-05-03 02:30:14+00:00,1.0
2021-04-25 08:17:40+00:00,1.0
2021-04-08 08:28:53+00:00,1.0
2021-04-18 18:24:31+00:00,1.0
2021-04-27 03:41:40+00:00,0.0
2021-04-18 18:00:36+00:00,1.0
2021-04-16 06:48:02+00:00,1.0
2021-05-03 20:48:41+00:00,1.0
2021-05-02 04:03:28+00:00,0.0
2021-04-18 10:52:32+00:00,2.0
2021-04-09 12:28:56+00:00,2.0
2021-04-27 07:23:49+00:00,0.0
2021-04-08 10:18:57+00:00,24.0
2021-04-30 19:11:20+00:00,0.0
2021-04-20 21:48:27+00:00,1.0
2021-04-23 18:47:45+00:00,1.0
2021-04-16 09:17:05+00:00,1.0
2021-04-07 15:16:35+00:00,1.0
2021-04-23 02:41:32+00:00,3.0
2021-04-05 00:54:48+00:00,1.0
2021-04-22 11:52:23+00:00,0.0
2021-04-13 18:43:41+00:00,1.0
2021-04-07 07:23:18+00:00,1.0
2021-04-24 22:06:28+00:00,1.0
2021-04-19 14:43:38+00:00,1.0
2021-04-06 16:52:33+00:00,1.0
2021-04-18 08:36:43+00:00,2.0
2021-04-29 07:30:45+00:00,0.0
2021-04-25 22:33:45+00:00,0.0
2021-04-16 20:06:15+00:00,0.0
2021-04-17 04:10:27+00:00,0.0
2021-05-03 01:13:35+00:00,1.0
2021-04-09 17:26:34+00:00,1.0
2021-04-07 11:02:07+00:00,1.0
2021-04-18 05:21:54+00:00,2.0
2021-05-02 00:38:56+00:00,0.0
2021-04-18 23:23:52+00:00,2.0
2021-04-30 00:19:44+00:00,0.0
2021-04-11 16:15:17+00:00,1.0
2021-04-28 04:30:38+00:00,0.0
2021-04-22 12:20:37+00:00,0.0
2021-04-08 14:31:30+00:00,1.0
2021-04-20 03:00:43+00:00,1.0
2021-04-10 13:07:42+00:00,1.95
2021-04-15 20:59:37+00:00,2.0
2021-04-13 16:38:50+00:00,2.0
2021-04-30 09:53:29+00:00,0.0
2021-04-21 04:39:53+00:00,0.0
2021-04-21 23:09:00+00:00,0.0
2021-04-08 12:01:44+00:00,1.0
2021-04-21 22:30:56+00:00,0.0
2021-04-23 14:21:18+00:00,159.0
2021-04-25 16:16:14+00:00,1.0
2021-04-13 08:40:52+00:00,1.0
2021-04-26 06:21:59+00:00,0.0
2021-04-26 16:54:45+00:00,0.0
2021-04-26 20:56:17+00:00,0.0
2021-04-24 17:14:22+00:00,1.0
2021-04-13 16:20:12+00:00,2.0
2021-04-23 02:50:23+00:00,3.0
2021-04-08 10:50:32+00:00,1.0
2021-04-13 20:36:36+00:00,1.0
2021-04-25 02:06:01+00:00,2.0
2021-04-22 21:12:39+00:00,0.0
2021-04-18 14:41:21+00:00,1.0
2021-04-30 13:22:25+00:00,0.0
2021-04-19 16:19:29+00:00,2.0
2021-04-24 17:59:25+00:00,1.0
2021-04-16 19:43:10+00:00,0.0
2021-04-07 03:43:43+00:00,1.0
2021-04-07 10:35:46+00:00,1.0
2021-05-01 08:45:44+00:00,0.0
2021-04-30 04:47:17+00:00,0.0
2021-04-05 18:26:22+00:00,1.0
2021-05-03 12:23:51+00:00,1.0
2021-05-01 22:44:20+00:00,0.0
2021-05-02 09:26:09+00:00,0.0
2021-04-06 18:50:43+00:00,1.0
2021-04-12 16:52:01+00:00,1.0
2021-04-07 16:24:03+00:00,1.0
2021-04-27 17:34:49+00:00,0.0
2021-04-23 20:40:24+00:00,1.0
2021-04-27 04:30:55+00:00,0.0
2021-04-26 12:10:43+00:00,0.0
2021-04-21 17:25:30+00:00,5.0
2021-05-02 07:16:34+00:00,0.0
2021-04-13 01:02:06+00:00,1.0
2021-04-08 19:53:24+00:00,2.0
2021-04-15 17:02:51+00:00,1.0
2021-04-30 19:11:10+00:00,0.0
2021-04-06 18:29:14+00:00,1.0
2021-04-25 22:03:31+00:00,0.0
2021-04-21 09:19:41+00:00,0.0
2021-05-03 23:31:49+00:00,1.0
2021-04-11 13:14:25+00:00,1.0
2021-04-30 15:12:02+00:00,0.0
2021-04-17 04:19:59+00:00,0.0
2021-04-22 00:47:55+00:00,0.0
2021-04-28 23:25:27+00:00,0.0
2021-04-07 22:03:00+00:00,1.0
2021-04-08 16:54:27+00:00,1.0
2021-04-05 02:26:03+00:00,1.0
2021-04-10 03:46:53+00:00,1.95
2021-04-11 10:44:20+00:00,2.0
2021-04-24 11:07:03+00:00,1.0
2021-04-07 08:57:01+00:00,1.0
2021-04-22 01:34:38+00:00,0.0
2021-04-23 23:45:43+00:00,1.0
2021-04-14 11:26:48+00:00,1.0
2021-04-15 11:34:52+00:00,1.0
2021-04-22 16:02:44+00:00,0.0
2021-05-01 07:26:58+00:00,0.0
2021-04-08 18:57:59+00:00,2.0
2021-05-02 13:59:49+00:00,26.0
2021-04-14 10:39:22+00:00,1.0
2021-04-16 04:19:33+00:00,2.0
2021-04-14 02:11:57+00:00,2.0
2021-04-18 20:20:25+00:00,1.0
2021-04-21 11:44:33+00:00,0.0
2021-04-21 10:37:50+00:00,0.0
2021-04-14 10:03:43+00:00,2.0
2021-04-12 11:27:13+00:00,2.0
2021-04-30 01:32:55+00:00,0.0
2021-04-21 06:01:51+00:00,0.0
2021-04-16 22:30:50+00:00,0.0
2021-04-26 08:42:37+00:00,0.0
2021-04-29 10:08:10+00:00,0.0
2021-04-12 03:43:38+00:00,1.0
2021-04-29 18:10:10+00:00,0.0
2021-05-03 16:22:23+00:00,1.0
2021-04-30 12:30:35+00:00,0.0
2021-04-26 04:02:51+00:00,0.0
2021-04-06 19:39:43+00:00,1.0
2021-05-02 23:33:02+00:00,1.0
2021-05-02 12:14:10+00:00,0.0
2021-04-10 11:07:28+00:00,1.95
2021-04-28 11:32:23+00:00,1.0
2021-04-07 17:40:33+00:00,1.0
2021-04-18 10:23:20+00:00,2.0
2021-04-14 12:02:15+00:00,2.0
2021-04-23 03:35:37+00:00,3.0
2021-04-13 17:05:41+00:00,2.0
2021-04-23 14:55:58+00:00,26.0
2021-04-23 04:10:48+00:00,3.0
2021-04-09 08:24:39+00:00,1.0
2021-04-12 15:18:31+00:00,1.0
2021-04-20 11:53:31+00:00,2.0
2021-04-21 23:45:58+00:00,0.0
2021-04-12 08:32:33+00:00,1.0
2021-04-21 09:59:00+00:00,0.0
2021-04-16 22:57:37+00:00,0.0
2021-04-09 09:23:29+00:00,1.0
2021-04-08 07:49:27+00:00,1.0
2021-04-10 01:51:56+00:00,1.95
2021-04-15 15:18:22+00:00,1.0
2021-04-10 04:28:11+00:00,1.95
2021-04-16 23:06:40+00:00,0.0
2021-04-17 14:14:46+00:00,0.0
2021-04-24 01:12:22+00:00,1.0
2021-04-20 18:33:44+00:00,2.0
2021-04-08 12:48:27+00:00,1.0
2021-04-30 16:08:10+00:00,0.0
2021-04-19 13:10:34+00:00,2.0
2021-04-27 15:42:29+00:00,0.0
2021-04-10 16:54:15+00:00,160.0
2021-04-19 22:41:13+00:00,1.0
2021-04-29 09:17:17+00:00,0.0
2021-04-10 15:36:58+00:00,132.0
2021-04-06 04:50:12+00:00,1.0
2021-04-28 09:09:09+00:00,48.0
2021-05-02 22:01:16+00:00,1.0
2021-04-13 17:13:03+00:00,1.0
2021-05-01 05:52:17+00:00,0.0
2021-04-19 02:35:01+00:00,2.0
2021-04-21 03:29:40+00:00,0.0
2021-04-21 03:25:02+00:00,0.0
2021-04-19 13:55:41+00:00,1.0
2021-04-24 22:05:54+00:00,1.0
2021-04-11 10:13:09+00:00,1.0
2021-04-28 00:14:32+00:00,0.0
2021-04-26 08:44:54+00:00,0.0
2021-04-10 15:43:16+00:00,131.0
2021-04-22 11:37:32+00:00,0.0
2021-04-16 01:23:20+00:00,2.0
2021-04-17 03:47:09+00:00,0.0
2021-04-11 22:26:47+00:00,1.0
2021-04-10 21:23:36+00:00,1.0
2021-04-09 01:57:20+00:00,2.0
2021-04-15 13:37:57+00:00,1.0
2021-04-06 13:18:42+00:00,1.0
2021-04-11 14:42:48+00:00,1.0
2021-04-14 16:55:23+00:00,1.0
2021-04-15 03:01:59+00:00,2.0
2021-04-11 01:15:56+00:00,1.0
2021-04-05 05:42:48+00:00,1.0
2021-04-06 15:09:21+00:00,1.0
2021-05-02 14:50:43+00:00,1.0
2021-04-12 13:25:30+00:00,2.0
2021-04-07 17:07:24+00:00,1.0
2021-04-04 22:19:34+00:00,1.0
2021-04-20 20:35:13+00:00,1.0
2021-04-12 19:54:37+00:00,1.0
2021-04-14 10:22:07+00:00,1.0
2021-04-09 09:50:02+00:00,1.0
2021-04-10 07:23:40+00:00,1.95
2021-04-12 03:16:22+00:00,1.0
2021-04-06 17:34:56+00:00,1.0
2021-04-09 23:32:26+00:00,1.95
2021-04-18 09:23:33+00:00,2.0
2021-04-30 00:40:10+00:00,0.0
2021-04-17 19:11:56+00:00,1.0
2021-04-06 15:22:57+00:00,1.0
2021-04-27 19:37:46+00:00,0.0
2021-04-07 06:59:59+00:00,1.0
2021-04-25 13:05:25+00:00,1.0
2021-04-17 09:38:49+00:00,0.0
2021-04-06 11:18:37+00:00,1.0
2021-04-07 05:10:06+00:00,1.0
2021-04-17 20:03:31+00:00,2.0
2021-04-25 07:32:43+00:00,1.0
2021-04-16 07:18:53+00:00,1.0
2021-04-28 23:27:34+00:00,0.0
2021-04-14 05:55:25+00:00,1.0
2021-05-02 11:09:38+00:00,0.0
2021-04-25 17:49:53+00:00,1.0
2021-04-26 10:29:36+00:00,0.0
2021-04-15 07:11:32+00:00,1.0
2021-04-21 17:13:34+00:00,5.0
2021-04-14 11:23:13+00:00,1.0
2021-04-24 23:23:59+00:00,1.0
2021-04-20 23:22:21+00:00,0.0
2021-04-10 06:43:28+00:00,1.95
2021-05-02 23:07:48+00:00,1.0
2021-04-09 21:26:36+00:00,2.0
2021-04-15 05:24:38+00:00,1.0
2021-05-01 20:23:05+00:00,0.0
2021-04-29 04:54:39+00:00,0.0
2021-04-06 19:25:03+00:00,1.0
2021-04-29 10:12:52+00:00,0.0
2021-04-07 17:15:11+00:00,1.0
2021-04-25 15:16:43+00:00,1.0
2021-04-08 04:39:05+00:00,1.0
2021-04-28 03:52:24+00:00,0.0
2021-04-10 19:48:35+00:00,1.0
2021-04-12 08:14:40+00:00,1.0
2021-04-18 11:31:54+00:00,1.0
2021-04-14 22:16:36+00:00,1.0
2021-04-12 03:01:20+00:00,2.0
2021-04-25 11:40:31+00:00,1.0
2021-04-09 10:32:30+00:00,1.0
2021-04-25 00:14:48+00:00,1.0
2021-04-05 05:56:52+00:00,1.0
2021-04-15 02:26:10+00:00,2.0
2021-04-23 18:01:46+00:00,1.0
2021-04-12 00:48:48+00:00,2.0
2021-04-23 02:48:53+00:00,3.0
2021-04-15 02:47:56+00:00,1.0
2021-04-21 14:53:26+00:00,0.0
2021-04-29 15:38:45+00:00,0.0
2021-05-02 13:55:26+00:00,140.0
2021-04-08 05:14:49+00:00,1.0
2021-04-12 15:09:54+00:00,1.0
2021-04-30 17:58:35+00:00,0.0
2021-04-25 08:53:28+00:00,1.0
2021-04-22 15:14:05+00:00,0.0
2021-04-07 23:51:54+00:00,1.0
2021-04-23 12:24:00+00:00,49.0
2021-04-23 22:43:22+00:00,1.0
2021-04-30 19:39:38+00:00,0.0
2021-04-05 08:14:10+00:00,1.0
2021-04-26 01:03:35+00:00,0.0
2021-04-21 19:42:31+00:00,1.0
2021-05-01 06:07:41+00:00,0.0
2021-04-14 08:49:28+00:00,1.0
2021-04-20 14:41:22+00:00,1.0
2021-04-28 18:34:01+00:00,1.0
2021-05-02 18:02:15+00:00,1.0
2021-04-23 05:22:23+00:00,3.0
2021-04-09 19:07:30+00:00,1.0
2021-04-08 04:05:20+00:00,1.0
2021-05-02 07:24:59+00:00,0.0
2021-04-26 00:23:37+00:00,0.0
2021-04-15 12:41:24+00:00,1.0
2021-04-08 10:54:47+00:00,1.0
2021-04-12 19:18:57+00:00,2.0
2021-04-09 12:29:52+00:00,2.0
2021-04-25 13:13:11+00:00,1.0
2021-04-10 04:06:49+00:00,1.95
2021-04-05 03:46:07+00:00,1.0
2021-04-09 09:41:16+00:00,2.0
2021-04-21 18:11:50+00:00,2.0
2021-04-25 06:55:42+00:00,1.0
2021-04-08 18:25:23+00:00,1.0
2021-04-13 07:58:28+00:00,2.0
2021-04-07 01:26:11+00:00,1.0
2021-04-16 15:43:56+00:00,1.0
2021-04-09 14:10:23+00:00,1.0
2021-04-05 05:38:14+00:00,1.0
2021-04-05 12:17:30+00:00,1.0
2021-04-17 21:54:25+00:00,1.0
2021-04-07 02:23:24+00:00,1.0
2021-04-19 15:38:14+00:00,1.0
2021-04-10 17:21:36+00:00,397.0
2021-04-07 07:10:14+00:00,1.0
2021-05-03 14:56:21+00:00,1.0
2021-04-11 07:57:32+00:00,2.0
2021-04-15 22:17:26+00:00,1.0
2021-04-24 21:06:24+00:00,1.0
2021-04-25 07:24:00+00:00,1.0
2021-04-21 23:53:25+00:00,0.0
2021-04-19 08:33:05+00:00,1.0
2021-04-14 22:50:31+00:00,1.0
2021-04-06 09:39:42+00:00,1.0
2021-04-23 19:30:53+00:00,1.0
2021-05-01 07:44:20+00:00,0.0
2021-04-14 11:16:04+00:00,1.0
2021-04-22 21:23:43+00:00,0.0
2021-04-09 07:24:05+00:00,2.0
2021-04-30 10:18:27+00:00,0.0
2021-04-10 19:58:39+00:00,1.0
2021-04-06 19:45:56+00:00,1.0
2021-04-13 08:26:31+00:00,1.0
2021-04-26 18:44:31+00:00,0.0
2021-04-09 11:55:31+00:00,2.0
2021-04-16 07:00:31+00:00,1.0
2021-05-03 21:24:23+00:00,1.0
2021-04-30 05:29:56+00:00,0.0
2021-04-16 13:38:43+00:00,1.0
2021-04-23 09:46:27+00:00,42.0
2021-04-16 15:02:20+00:00,1.0
2021-04-05 04:23:23+00:00,1.0
2021-04-21 16:03:38+00:00,17.0
2021-04-28 22:21:20+00:00,0.0
2021-04-17 02:34:20+00:00,0.0
2021-05-03 05:58:12+00:00,1.0
2021-04-10 06:10:16+00:00,1.95
2021-04-23 14:06:12+00:00,167.0
2021-04-25 05:48:32+00:00,1.0
2021-04-24 16:44:00+00:00,1.0
2021-04-16 16:22:44+00:00,1.0
2021-04-07 03:31:14+00:00,1.0
2021-04-22 19:15:37+00:00,0.0
2021-04-16 15:10:30+00:00,1.0
2021-04-27 23:40:08+00:00,0.0
2021-05-02 03:08:36+00:00,0.0
2021-05-03 23:39:50+00:00,1.0
2021-04-14 14:26:05+00:00,1.0
2021-04-28 18:41:00+00:00,1.0
2021-04-13 08:19:03+00:00,1.0
2021-04-24 23:22:50+00:00,1.0
2021-05-03 13:26:19+00:00,1.0
2021-04-19 23:56:56+00:00,1.0
2021-04-11 10:10:42+00:00,1.0
2021-04-13 13:44:09+00:00,1.0
2021-04-26 14:12:25+00:00,0.0
2021-04-28 04:45:37+00:00,0.0
2021-04-10 09:40:51+00:00,1.95
2021-04-14 03:52:34+00:00,1.0
2021-04-07 01:59:45+00:00,1.0
2021-04-13 22:48:33+00:00,1.0
2021-04-20 19:57:32+00:00,1.0
2021-04-21 21:42:57+00:00,0.0
2021-05-01 11:11:42+00:00,0.0
2021-05-01 07:19:26+00:00,0.0
2021-04-19 07:01:05+00:00,2.0
2021-04-16 13:14:01+00:00,1.0
2021-04-27 09:55:45+00:00,0.0
2021-04-15 04:26:20+00:00,2.0
2021-04-12 11:38:04+00:00,1.0
2021-04-06 05:19:59+00:00,1.0
2021-04-16 00:40:11+00:00,1.0
2021-04-06 07:26:02+00:00,1.0
2021-04-17 16:20:28+00:00,0.0
2021-04-22 11:50:39+00:00,0.0
2021-04-26 02:27:41+00:00,0.0
2021-04-05 13:34:00+00:00,1.0
2021-04-07 09:07:43+00:00,1.0
2021-04-11 02:21:17+00:00,1.0
2021-04-26 10:33:40+00:00,0.0
2021-04-23 03:34:14+00:00,3.0
2021-05-02 11:15:07+00:00,0.0
2021-04-16 07:17:47+00:00,1.0
2021-04-08 15:11:10+00:00,1.0
2021-04-21 21:19:00+00:00,1.0
2021-04-07 06:26:39+00:00,1.0
2021-05-02 20:27:16+00:00,1.0
2021-04-28 22:34:40+00:00,0.0
2021-04-27 21:21:37+00:00,0.0
2021-04-29 10:24:48+00:00,0.0
2021-04-17 18:27:49+00:00,1.0
2021-04-30 01:28:36+00:00,0.0
2021-04-12 14:13:19+00:00,1.0
2021-04-10 00:43:24+00:00,1.95
2021-04-27 07:07:59+00:00,0.0
2021-04-10 22:09:09+00:00,1.0
2021-04-24 20:48:54+00:00,1.0
2021-05-01 05:05:19+00:00,0.0
2021-04-25 09:49:39+00:00,55.0
2021-04-26 14:07:21+00:00,0.0
2021-04-05 08:47:51+00:00,1.0
2021-05-01 23:28:58+00:00,0.0
2021-04-28 21:20:54+00:00,1.0
2021-05-03 18:48:20+00:00,1.0
2021-04-20 14:15:57+00:00,2.0
2021-04-11 02:22:17+00:00,1.0
2021-04-14 00:28:57+00:00,2.0
2021-04-09 06:44:05+00:00,1.0
2021-04-24 12:54:00+00:00,1.0
2021-04-29 20:56:59+00:00,0.0
2021-04-11 12:19:27+00:00,1.0
2021-04-12 22:43:13+00:00,1.0
2021-05-02 15:49:10+00:00,1.0
2021-04-14 21:05:27+00:00,1.0
2021-04-07 12:57:49+00:00,1.0
2021-04-30 14:51:26+00:00,0.0
2021-04-14 10:37:43+00:00,1.0
2021-04-18 00:54:24+00:00,1.0
2021-04-19 15:54:08+00:00,1.0
2021-04-20 04:18:44+00:00,1.0
2021-04-16 11:35:08+00:00,1.0
2021-04-06 01:14:32+00:00,1.0
2021-04-29 20:23:55+00:00,0.0
2021-04-24 20:36:04+00:00,1.0
2021-04-20 05:26:39+00:00,2.0
2021-04-18 14:34:41+00:00,1.0
2021-04-05 07:59:11+00:00,1.0
2021-04-13 09:05:41+00:00,1.0
2021-04-05 13:01:34+00:00,1.0
2021-04-22 14:21:22+00:00,0.0
2021-04-13 00:57:50+00:00,1.0
2021-04-19 14:18:36+00:00,1.0
2021-04-25 18:29:09+00:00,1.0
2021-04-17 23:24:37+00:00,1.0
2021-04-29 09:07:05+00:00,0.0
2021-04-29 18:01:09+00:00,0.0
2021-04-12 09:19:30+00:00,1.0
2021-05-01 21:49:15+00:00,0.0
2021-04-18 01:56:59+00:00,1.0
2021-04-16 02:55:39+00:00,1.0
2021-04-05 17:51:34+00:00,1.0
2021-05-02 20:14:21+00:00,1.0
2021-04-06 14:12:54+00:00,1.0
2021-04-20 19:14:11+00:00,2.0
2021-04-11 05:58:38+00:00,1.0
2021-04-06 21:40:18+00:00,1.0
2021-04-08 17:00:37+00:00,1.0
2021-04-14 21:47:48+00:00,2.0
2021-04-12 04:35:44+00:00,2.0
2021-04-22 01:20:21+00:00,0.0
2021-04-25 08:26:43+00:00,1.0
2021-04-09 22:45:29+00:00,1.95
2021-04-06 18:58:57+00:00,1.0
2021-04-10 13:24:35+00:00,1.95
2021-04-21 11:21:49+00:00,0.0
2021-04-09 23:45:29+00:00,1.95
2021-04-21 19:10:28+00:00,2.0
2021-04-14 20:15:27+00:00,2.0
2021-04-13 09:03:42+00:00,1.0
2021-04-23 23:52:19+00:00,1.0
2021-04-26 16:06:31+00:00,0.0
2021-04-22 13:56:59+00:00,0.0
2021-04-05 09:56:58+00:00,1.0
2021-05-01 11:53:29+00:00,0.0
2021-04-17 09:09:38+00:00,0.0
2021-04-12 15:20:09+00:00,1.0
2021-04-05 09:30:56+00:00,1.0
2021-04-10 12:39:11+00:00,1.95
2021-04-15 12:30:52+00:00,1.0
2021-04-11 22:40:38+00:00,2.0
2021-04-17 21:07:00+00:00,1.0
2021-04-20 08:06:50+00:00,1.0
2021-04-12 05:28:13+00:00,2.0
2021-04-28 11:30:35+00:00,1.0
2021-04-26 11:05:19+00:00,0.0
2021-04-20 07:31:06+00:00,1.0
2021-04-05 21:53:02+00:00,1.0
2021-04-05 10:37:18+00:00,1.0
2021-04-06 02:11:06+00:00,1.0
2021-04-10 23:05:29+00:00,1.0
2021-04-22 06:25:44+00:00,0.0
2021-04-29 16:29:31+00:00,0.0
2021-04-06 08:15:24+00:00,1.0
2021-04-19 08:48:30+00:00,2.0
2021-04-16 08:56:27+00:00,1.0
2021-04-15 00:14:34+00:00,1.0
2021-04-26 17:59:50+00:00,0.0
2021-04-06 04:31:43+00:00,1.0
2021-04-05 21:48:55+00:00,1.0
2021-04-06 06:18:38+00:00,1.0
2021-04-21 13:22:06+00:00,0.0
2021-04-11 13:04:35+00:00,1.0
2021-04-27 08:22:30+00:00,0.0
2021-04-11 03:30:29+00:00,1.0
2021-04-12 16:39:02+00:00,2.0
2021-04-30 07:19:14+00:00,0.0
2021-04-06 01:49:35+00:00,1.0
2021-04-19 19:51:25+00:00,1.0
2021-05-02 02:27:05+00:00,0.0
2021-04-16 01:49:37+00:00,1.0
2021-04-12 16:46:26+00:00,1.0
2021-05-01 08:42:16+00:00,0.0
2021-04-13 02:11:39+00:00,1.0
2021-04-14 14:26:20+00:00,1.0
2021-05-01 02:17:00+00:00,0.0
2021-04-21 23:54:36+00:00,0.0
2021-04-13 00:02:59+00:00,1.0
2021-04-21 07:41:15+00:00,0.0
2021-04-19 14:44:12+00:00,1.0
2021-04-24 11:54:22+00:00,1.0
2021-04-21 00:23:17+00:00,0.0
2021-04-21 03:08:21+00:00,0.0
2021-04-22 10:23:01+00:00,0.0
2021-05-01 03:46:51+00:00,0.0
2021-04-18 11:17:46+00:00,1.0
2021-04-15 15:03:32+00:00,1.0
2021-04-23 17:31:44+00:00,1.0
2021-04-27 11:26:27+00:00,0.0
2021-05-02 22:42:07+00:00,1.0
2021-04-13 01:59:28+00:00,1.0
2021-05-01 23:19:21+00:00,0.0
2021-04-30 12:46:12+00:00,0.0
2021-05-02 22:59:19+00:00,1.0
2021-04-11 00:25:13+00:00,2.0
2021-04-17 15:13:38+00:00,0.0
2021-04-14 11:56:11+00:00,1.0
2021-04-15 06:28:20+00:00,1.0
2021-04-12 03:21:59+00:00,1.0
2021-04-20 06:26:15+00:00,1.0
2021-04-09 08:38:04+00:00,1.0
2021-04-19 09:49:24+00:00,2.0
2021-04-13 19:57:40+00:00,1.0
2021-04-09 09:24:22+00:00,1.0
2021-05-03 10:05:57+00:00,1.0
2021-05-02 04:10:14+00:00,0.0
2021-04-11 19:32:29+00:00,1.0
2021-04-12 00:03:38+00:00,2.0
2021-04-06 00:20:26+00:00,1.0
2021-04-19 09:14:25+00:00,1.0
2021-04-06 18:34:17+00:00,1.0
2021-04-24 17:53:59+00:00,1.0
2021-04-30 10:47:34+00:00,0.0
2021-04-19 01:59:44+00:00,1.0
2021-04-21 08:46:44+00:00,0.0
2021-04-14 20:46:51+00:00,2.0
2021-04-24 09:35:20+00:00,1.0
2021-04-14 10:27:36+00:00,1.0
2021-04-27 14:54:31+00:00,0.0
2021-05-01 21:53:13+00:00,0.0
2021-04-05 12:45:11+00:00,1.0
2021-04-07 13:15:49+00:00,1.0
2021-04-25 12:43:08+00:00,1.0
2021-04-09 06:11:30+00:00,1.0
2021-04-17 09:45:47+00:00,0.0
2021-04-24 21:17:14+00:00,1.0
2021-04-06 14:12:00+00:00,1.0
2021-04-28 16:25:00+00:00,1.0
2021-04-18 19:43:43+00:00,1.0
2021-04-14 18:19:18+00:00,2.0
2021-04-22 16:33:31+00:00,0.0
2021-04-17 18:59:22+00:00,1.0
2021-04-05 15:31:50+00:00,1.0
2021-04-07 06:59:06+00:00,1.0
2021-04-11 05:49:48+00:00,1.0
2021-04-06 06:15:58+00:00,1.0
2021-04-29 15:06:40+00:00,0.0
2021-04-29 13:53:31+00:00,0.0
2021-04-28 18:32:23+00:00,1.0
2021-05-02 15:57:55+00:00,1.0
2021-04-06 09:54:32+00:00,1.0
2021-04-24 07:02:09+00:00,1.0
2021-04-13 20:23:38+00:00,2.0
2021-04-29 03:29:19+00:00,0.0
2021-04-18 16:27:42+00:00,1.0
2021-04-26 09:48:10+00:00,0.0
2021-04-26 09:30:15+00:00,0.0
2021-04-21 02:46:20+00:00,0.0
2021-04-30 20:39:39+00:00,0.0
2021-04-24 13:27:12+00:00,1.0
2021-04-19 13:02:54+00:00,2.0
2021-04-29 23:07:27+00:00,0.0
2021-04-19 04:08:04+00:00,2.0
2021-04-18 10:24:22+00:00,1.0
2021-04-28 13:53:31+00:00,1.0
2021-04-27 12:40:32+00:00,0.0
2021-04-25 06:14:18+00:00,1.0
2021-05-03 06:06:06+00:00,1.0
2021-04-13 09:49:04+00:00,1.0
2021-04-19 21:25:05+00:00,2.0
2021-04-21 12:38:10+00:00,0.0
2021-04-20 06:35:25+00:00,2.0
2021-04-12 04:45:22+00:00,2.0
2021-05-02 07:33:57+00:00,0.0
2021-04-11 09:29:48+00:00,1.0
2021-04-11 17:53:03+00:00,1.0
2021-04-19 23:21:14+00:00,1.0
2021-05-02 06:48:19+00:00,0.0
2021-04-09 08:10:32+00:00,2.0
2021-04-11 22:20:17+00:00,1.0
2021-04-13 12:33:32+00:00,1.0
2021-04-21 11:10:41+00:00,0.0
2021-04-16 07:57:50+00:00,1.0
2021-04-12 09:57:39+00:00,1.0
2021-04-15 10:56:46+00:00,1.0
2021-04-12 01:19:18+00:00,1.0
2021-05-01 11:25:25+00:00,0.0
2021-04-05 08:08:49+00:00,1.0
2021-04-26 04:39:49+00:00,0.0
2021-05-02 05:08:30+00:00,0.0
2021-04-25 04:52:42+00:00,1.0
2021-05-02 04:16:29+00:00,0.0
2021-04-09 02:56:42+00:00,2.0
2021-04-25 08:07:23+00:00,1.0
2021-04-05 01:01:44+00:00,1.0
2021-04-22 06:17:00+00:00,0.0
2021-04-20 15:11:19+00:00,2.0
2021-04-11 20:55:18+00:00,1.0
2021-04-22 03:01:54+00:00,0.0
2021-04-11 02:26:07+00:00,2.0
2021-04-08 05:30:24+00:00,1.0
2021-04-29 04:21:39+00:00,0.0
2021-04-11 01:00:37+00:00,1.0
2021-04-06 11:11:55+00:00,1.0
2021-04-28 22:58:44+00:00,0.0
2021-04-27 06:51:19+00:00,0.0
2021-04-27 16:41:37+00:00,0.0
2021-04-12 02:11:09+00:00,2.0
2021-05-02 18:14:30+00:00,1.0
2021-04-14 23:59:38+00:00,1.0
2021-04-23 08:56:04+00:00,8.5
2021-04-23 12:05:55+00:00,85.0
2021-04-05 19:50:11+00:00,1.0
2021-05-03 03:22:52+00:00,1.0
2021-04-21 15:35:09+00:00,0.0
2021-04-15 05:16:17+00:00,2.0
2021-04-07 20:47:41+00:00,1.0
2021-04-30 04:41:53+00:00,0.0
2021-04-11 09:00:18+00:00,1.0
2021-04-08 15:42:02+00:00,1.0
2021-04-19 07:39:05+00:00,2.0
2021-04-20 07:36:28+00:00,1.0
2021-04-15 06:14:22+00:00,1.0
2021-04-25 21:23:29+00:00,0.0
2021-04-09 12:30:54+00:00,1.0
2021-04-06 02:30:53+00:00,2.0
2021-04-20 07:50:37+00:00,1.0
2021-04-12 16:50:06+00:00,1.0
2021-04-08 09:40:22+00:00,38.0
2021-04-25 15:29:58+00:00,1.0
2021-05-02 09:02:58+00:00,0.0
2021-04-23 11:05:52+00:00,98.0
2021-04-24 19:53:53+00:00,1.0
2021-04-13 08:57:33+00:00,1.0
2021-04-22 05:44:20+00:00,0.0
2021-04-08 12:05:42+00:00,1.0
2021-04-25 10:45:32+00:00,1.0
2021-04-11 09:42:08+00:00,1.0
2021-04-08 20:19:45+00:00,2.0
2021-04-29 21:25:36+00:00,0.0
2021-05-02 09:34:00+00:00,0.0
2021-05-03 08:40:48+00:00,1.0
2021-04-26 11:18:15+00:00,0.0
2021-04-17 07:47:15+00:00,0.0
2021-04-29 20:33:57+00:00,0.0
2021-04-08 01:03:53+00:00,1.0
2021-04-05 11:08:30+00:00,1.0
2021-05-01 03:35:39+00:00,0.0
2021-04-04 22:30:13+00:00,1.0
2021-04-23 23:34:05+00:00,1.0
2021-04-21 19:32:00+00:00,1.0
2021-04-07 22:22:11+00:00,1.0
2021-04-25 11:38:27+00:00,1.0
2021-04-14 20:11:40+00:00,1.0
2021-04-13 15:52:26+00:00,1.0
2021-04-05 14:05:35+00:00,1.0
2021-04-11 15:29:33+00:00,1.0
2021-04-18 06:58:08+00:00,1.0
2021-04-16 18:48:40+00:00,0.0
2021-04-17 09:01:40+00:00,0.0
2021-04-15 16:29:22+00:00,1.0
2021-04-28 17:38:47+00:00,1.0
2021-05-01 06:03:27+00:00,0.0
2021-04-15 10:37:23+00:00,1.0
2021-04-23 08:34:59+00:00,8.5
2021-04-23 19:39:12+00:00,1.0
2021-05-02 13:02:29+00:00,0.0
2021-04-30 08:45:27+00:00,0.0
2021-04-15 10:48:19+00:00,1.0
2021-04-22 02:22:26+00:00,0.0
2021-04-27 12:02:41+00:00,0.0
2021-04-21 11:16:13+00:00,0.0
2021-04-06 07:33:00+00:00,1.0
2021-04-08 13:03:49+00:00,1.0
2021-04-29 13:07:55+00:00,0.0
2021-05-03 16:50:26+00:00,1.0
2021-04-11 12:08:30+00:00,1.0
2021-04-25 15:53:18+00:00,1.0
2021-04-20 12:12:37+00:00,1.0
2021-04-21 11:24:06+00:00,0.0
2021-04-07 22:24:09+00:00,2.0
2021-04-29 08:21:01+00:00,0.0
2021-04-08 07:05:15+00:00,1.0
2021-04-26 03:58:27+00:00,0.0
2021-04-21 14:54:07+00:00,0.0
2021-05-03 13:33:47+00:00,1.0
2021-04-05 07:28:34+00:00,1.0
2021-04-13 06:19:47+00:00,1.0
2021-04-16 11:54:57+00:00,1.0
2021-04-22 18:18:20+00:00,0.0
2021-04-17 07:39:35+00:00,0.0
2021-05-02 11:32:17+00:00,0.0
2021-04-25 22:24:19+00:00,0.0
2021-05-01 02:18:27+00:00,0.0
2021-04-24 02:42:57+00:00,1.0
2021-04-08 01:42:15+00:00,1.0
2021-04-11 17:36:59+00:00,1.0
2021-04-25 09:43:44+00:00,99.0
2021-04-09 05:28:31+00:00,1.0
2021-04-18 12:56:02+00:00,1.0
2021-04-28 03:13:07+00:00,0.0
2021-04-26 12:05:47+00:00,0.0
2021-04-14 00:48:09+00:00,2.0
2021-04-18 14:23:51+00:00,1.0
2021-04-26 10:50:44+00:00,0.0
2021-04-21 14:05:33+00:00,0.0
2021-04-17 10:26:38+00:00,0.0
2021-04-21 01:47:26+00:00,0.0
2021-04-30 23:19:01+00:00,0.0
2021-04-07 12:18:47+00:00,1.0
2021-04-06 20:42:44+00:00,1.0
2021-04-30 00:18:14+00:00,0.0
2021-04-10 07:27:36+00:00,1.95
2021-04-22 23:21:08+00:00,3.0
2021-04-24 07:06:47+00:00,1.0
2021-04-18 16:43:31+00:00,1.0
2021-04-09 13:05:46+00:00,1.0
2021-04-30 14:51:17+00:00,0.0
2021-04-19 02:43:18+00:00,1.0
2021-04-27 18:33:55+00:00,0.0
2021-05-01 02:12:48+00:00,0.0
2021-04-18 01:46:59+00:00,1.0
2021-04-24 11:05:43+00:00,1.0
2021-04-09 15:45:02+00:00,1.0
2021-04-23 18:56:08+00:00,1.0
2021-04-18 06:05:55+00:00,2.0
2021-04-10 12:30:48+00:00,1.95
2021-04-29 09:24:44+00:00,0.0
2021-04-23 11:58:35+00:00,94.0
2021-04-29 08:01:42+00:00,0.0
2021-04-06 19:32:34+00:00,1.0
2021-04-09 09:52:46+00:00,1.0
2021-04-08 07:40:55+00:00,1.0
2021-04-19 07:42:28+00:00,1.0
2021-04-28 10:20:37+00:00,1.0
2021-04-05 23:30:33+00:00,1.0
2021-04-19 18:46:40+00:00,2.0
2021-04-25 10:10:14+00:00,5.0
2021-04-12 09:00:53+00:00,1.0
2021-04-10 20:40:50+00:00,2.0
2021-04-08 20:45:16+00:00,1.0
2021-05-01 08:09:54+00:00,0.0
2021-04-09 17:46:41+00:00,1.0
2021-04-15 11:00:57+00:00,1.0
2021-04-18 22:48:27+00:00,2.0
2021-04-20 15:41:29+00:00,2.0
2021-04-12 04:20:50+00:00,2.0
2021-04-09 04:50:01+00:00,2.0
2021-05-03 21:27:12+00:00,1.0
2021-04-27 13:44:27+00:00,0.0
2021-04-06 04:43:39+00:00,1.0
2021-04-06 21:01:02+00:00,1.0
2021-04-16 04:46:05+00:00,2.0
2021-04-07 18:27:47+00:00,1.0
2021-04-15 06:41:39+00:00,2.0
2021-04-12 11:26:19+00:00,1.0
2021-04-14 09:59:32+00:00,1.0
2021-04-14 21:22:02+00:00,1.0
2021-05-03 07:27:11+00:00,1.0
2021-04-26 21:27:46+00:00,0.0
2021-04-22 01:28:22+00:00,0.0
2021-04-08 09:42:44+00:00,99.0
2021-04-06 05:19:48+00:00,1.0
2021-05-02 04:27:15+00:00,0.0
2021-04-29 12:01:36+00:00,0.0
2021-04-17 07:12:53+00:00,0.0
2021-04-13 06:00:07+00:00,1.0
2021-05-02 07:37:59+00:00,0.0
2021-04-22 10:20:39+00:00,0.0
2021-04-08 19:34:20+00:00,1.0
2021-04-15 00:10:15+00:00,1.0
2021-04-08 18:28:59+00:00,1.0
2021-04-09 07:17:24+00:00,1.0
2021-04-08 15:06:21+00:00,1.0
2021-04-27 07:28:20+00:00,0.0
2021-04-11 05:24:55+00:00,2.0
2021-04-20 07:50:59+00:00,1.0
2021-05-01 09:27:18+00:00,0.0
2021-04-29 09:06:41+00:00,0.0
2021-04-24 10:37:19+00:00,1.0
2021-04-14 09:14:12+00:00,1.0
2021-04-15 23:30:22+00:00,2.0
2021-04-07 16:15:02+00:00,1.0
2021-04-24 07:03:24+00:00,1.0
2021-04-13 15:30:43+00:00,1.0
2021-05-02 06:07:45+00:00,0.0
2021-04-30 19:00:52+00:00,0.0
2021-04-26 11:44:12+00:00,0.0
2021-05-01 23:52:11+00:00,0.0
2021-04-09 23:42:32+00:00,1.95
2021-04-23 05:03:04+00:00,3.0
2021-04-12 16:49:57+00:00,2.0
2021-04-17 22:05:44+00:00,1.0
2021-05-03 21:11:36+00:00,1.0
2021-04-12 07:48:25+00:00,1.0
2021-04-14 20:12:01+00:00,1.0
2021-04-25 23:26:56+00:00,0.0
2021-04-19 14:21:11+00:00,2.0
2021-04-18 10:03:20+00:00,1.0
2021-05-02 00:20:32+00:00,0.0
2021-04-13 18:31:44+00:00,1.0
2021-04-30 01:14:30+00:00,0.0
2021-04-14 21:18:40+00:00,1.0
2021-05-03 03:00:53+00:00,1.0
2021-05-03 19:17:46+00:00,1.0
2021-04-09 04:07:34+00:00,2.0
2021-04-12 00:50:08+00:00,2.0
2021-04-30 09:53:38+00:00,0.0
2021-05-02 05:29:16+00:00,0.0
2021-04-07 10:46:14+00:00,1.0
2021-04-06 19:27:40+00:00,1.0
2021-04-13 15:42:57+00:00,1.0
2021-04-18 00:35:53+00:00,1.0
2021-04-17 23:05:03+00:00,2.0
2021-04-15 07:35:43+00:00,2.0
2021-04-26 21:56:52+00:00,0.0
2021-04-13 11:51:23+00:00,1.0
2021-04-15 10:06:05+00:00,1.0
2021-04-11 22:02:56+00:00,1.0
2021-04-30 12:14:27+00:00,0.0
2021-04-24 00:22:36+00:00,1.0
2021-04-13 04:39:47+00:00,1.0
2021-04-19 18:20:38+00:00,1.0
2021-04-20 07:43:14+00:00,2.0
2021-05-01 11:56:36+00:00,0.0
2021-04-23 19:42:59+00:00,1.0
2021-04-28 10:01:53+00:00,1.0
2021-05-02 04:41:32+00:00,0.0
2021-04-13 03:36:14+00:00,1.0
2021-04-20 03:39:19+00:00,2.0
2021-04-14 17:20:12+00:00,1.0
2021-04-22 07:01:17+00:00,0.0
2021-05-02 14:15:11+00:00,393.0
2021-04-12 01:04:56+00:00,1.0
2021-04-20 13:59:45+00:00,1.0
2021-04-13 17:36:38+00:00,2.0
2021-04-19 12:47:25+00:00,1.0
2021-04-24 12:40:47+00:00,2.0
2021-04-09 23:57:42+00:00,1.95
2021-04-28 08:40:15+00:00,2429.0
2021-04-30 17:00:01+00:00,0.0
2021-04-24 18:15:38+00:00,1.0
2021-04-20 12:15:05+00:00,2.0
2021-04-10 16:01:09+00:00,150.0
2021-04-06 06:04:02+00:00,1.0
2021-04-30 23:31:56+00:00,0.0
2021-04-28 04:19:32+00:00,0.0
2021-05-01 15:14:05+00:00,0.0
2021-04-30 22:09:14+00:00,0.0
2021-04-08 21:48:26+00:00,2.0
2021-04-09 09:57:38+00:00,1.0
2021-04-12 00:29:33+00:00,2.0
2021-04-11 18:26:48+00:00,2.0
2021-04-26 09:00:40+00:00,0.0
2021-04-07 09:37:24+00:00,1.0
2021-04-19 07:16:13+00:00,2.0
2021-04-30 23:47:36+00:00,0.0
2021-04-13 23:12:51+00:00,1.0
2021-04-10 21:03:54+00:00,2.0
2021-04-16 01:05:56+00:00,1.0
2021-05-03 09:02:30+00:00,1.0
2021-04-21 07:04:02+00:00,0.0
2021-04-24 16:59:03+00:00,1.0
2021-04-16 03:41:44+00:00,1.0
2021-04-22 06:34:52+00:00,0.0
2021-04-12 19:04:52+00:00,1.0
2021-04-25 06:03:49+00:00,1.0
2021-04-17 15:30:44+00:00,0.0
2021-04-22 20:40:41+00:00,0.0
2021-04-17 03:55:56+00:00,0.0
2021-04-10 09:18:56+00:00,1.95
2021-04-11 17:51:06+00:00,1.0
2021-04-27 12:50:15+00:00,0.0
2021-04-22 08:13:11+00:00,0.0
2021-04-27 13:52:51+00:00,0.0
2021-04-19 15:49:22+00:00,1.0
2021-04-22 02:01:33+00:00,0.0
2021-04-07 18:47:46+00:00,1.0
2021-04-22 20:45:10+00:00,0.0
2021-04-07 16:40:32+00:00,1.0
2021-04-25 11:16:20+00:00,1.0
2021-04-17 06:48:24+00:00,0.0
2021-04-15 07:13:14+00:00,1.0
2021-04-07 02:58:09+00:00,1.0
2021-04-21 04:26:55+00:00,0.0
2021-04-19 17:54:48+00:00,1.0
2021-04-12 18:53:11+00:00,1.0
2021-04-06 03:36:55+00:00,1.0
2021-04-28 21:46:22+00:00,0.0
2021-04-16 14:18:04+00:00,1.0
2021-04-17 01:20:36+00:00,0.0
2021-04-27 17:34:31+00:00,0.0
2021-04-14 13:22:04+00:00,1.0
2021-04-21 00:38:57+00:00,0.0
2021-04-07 22:00:13+00:00,1.0
2021-04-17 22:47:13+00:00,1.0
2021-04-28 11:45:32+00:00,1.0
2021-04-28 08:38:55+00:00,2541.0
2021-04-27 19:37:30+00:00,0.0
2021-04-29 08:12:43+00:00,0.0
2021-04-07 09:14:29+00:00,1.0
2021-04-12 23:23:34+00:00,1.0
2021-05-01 18:28:45+00:00,0.0
2021-04-28 18:21:54+00:00,1.0
2021-04-08 04:47:42+00:00,2.0
2021-04-16 19:37:04+00:00,0.0
2021-05-02 15:25:49+00:00,1.0
2021-04-29 04:37:15+00:00,0.0
2021-05-01 00:01:09+00:00,0.0
2021-04-14 11:50:16+00:00,1.0
2021-04-07 23:14:20+00:00,1.0
2021-04-26 05:48:36+00:00,0.0
2021-04-29 19:06:09+00:00,0.0
2021-04-29 03:41:57+00:00,0.0
2021-04-11 19:53:07+00:00,1.0
2021-04-08 13:02:52+00:00,1.0
2021-05-01 00:49:17+00:00,0.0
2021-04-12 07:02:43+00:00,2.0
2021-04-30 13:46:17+00:00,0.0
2021-04-10 12:10:25+00:00,1.95
2021-04-30 19:17:28+00:00,0.0
2021-04-06 11:32:15+00:00,1.0
2021-04-18 18:49:41+00:00,1.0
2021-04-26 13:04:14+00:00,0.0
2021-04-20 09:55:11+00:00,1.0
2021-04-14 19:51:00+00:00,2.0
2021-04-13 10:30:10+00:00,2.0
2021-04-30 12:30:57+00:00,0.0
2021-05-02 13:52:16+00:00,20.0
2021-04-26 05:52:42+00:00,0.0
2021-04-06 02:57:21+00:00,1.0
2021-04-25 10:38:49+00:00,1.0
2021-04-30 08:09:04+00:00,0.0
2021-05-02 23:48:08+00:00,1.0
2021-04-05 04:11:00+00:00,1.0
2021-04-10 15:02:43+00:00,114.0
2021-04-05 12:22:30+00:00,1.0
2021-04-06 12:01:02+00:00,1.0
2021-04-26 21:47:25+00:00,0.0
2021-04-25 04:39:53+00:00,1.0
2021-04-21 07:58:23+00:00,0.0
2021-04-16 07:55:24+00:00,1.0
2021-05-01 16:40:53+00:00,0.0
2021-04-23 02:59:42+00:00,3.0
2021-04-07 13:33:36+00:00,1.0
2021-04-05 10:47:47+00:00,1.0
2021-04-25 15:42:12+00:00,1.0
2021-04-20 20:51:48+00:00,1.0
2021-04-11 18:13:01+00:00,1.0
2021-04-12 10:11:23+00:00,2.0
2021-04-13 01:45:18+00:00,1.0
2021-04-05 13:53:10+00:00,1.0
2021-04-14 16:09:40+00:00,2.0
2021-04-23 18:13:29+00:00,1.0
2021-04-17 21:03:05+00:00,1.0
2021-04-13 07:45:03+00:00,1.0
2021-04-11 10:01:20+00:00,1.0
2021-04-25 08:47:48+00:00,1.0
2021-04-11 10:55:34+00:00,2.0
2021-04-09 04:17:24+00:00,1.0
2021-04-17 00:02:07+00:00,0.0
2021-04-26 23:41:08+00:00,0.0
2021-04-12 20:46:38+00:00,1.0
2021-04-13 02:21:47+00:00,1.0
2021-04-28 21:20:41+00:00,1.0
2021-04-23 11:01:19+00:00,97.0
2021-04-24 02:25:29+00:00,1.0
2021-04-13 20:51:12+00:00,1.0
2021-04-30 13:20:30+00:00,0.0
2021-05-03 07:19:32+00:00,1.0
2021-04-27 08:20:37+00:00,0.0
2021-05-01 14:18:55+00:00,0.0
2021-04-19 13:47:12+00:00,2.0
2021-04-16 07:29:57+00:00,2.0
2021-04-21 12:54:39+00:00,0.0
2021-04-16 11:25:21+00:00,1.0
2021-05-02 17:22:29+00:00,1.0
2021-05-01 14:50:03+00:00,0.0
2021-04-13 07:49:10+00:00,1.0
2021-04-27 04:56:35+00:00,0.0
2021-04-15 02:55:01+00:00,2.0
2021-04-29 08:41:50+00:00,0.0
2021-04-29 01:02:20+00:00,0.0
2021-04-05 20:40:14+00:00,1.0
2021-04-05 12:36:58+00:00,1.0
2021-04-13 00:33:14+00:00,1.0
2021-04-09 05:24:55+00:00,1.0
2021-04-28 07:32:20+00:00,0.0
2021-04-07 17:11:26+00:00,1.0
2021-04-18 01:52:56+00:00,1.0
2021-04-11 12:47:25+00:00,2.0
2021-04-29 02:09:18+00:00,0.0
2021-04-17 13:43:50+00:00,0.0
2021-04-07 08:01:05+00:00,1.0
2021-04-10 12:42:33+00:00,1.95
2021-04-30 12:58:32+00:00,0.0
2021-04-29 08:08:11+00:00,0.0
2021-04-07 15:51:48+00:00,1.0
2021-04-10 14:31:51+00:00,1.95
2021-04-08 21:16:41+00:00,1.0
2021-04-27 04:56:31+00:00,0.0
2021-04-11 12:03:00+00:00,1.0
2021-04-27 00:29:14+00:00,0.0
2021-04-12 08:19:19+00:00,1.0
2021-04-26 01:59:43+00:00,0.0
2021-04-07 04:25:18+00:00,1.0
2021-04-22 16:34:04+00:00,0.0
2021-04-13 09:04:57+00:00,2.0
2021-04-17 01:50:39+00:00,0.0
2021-04-06 17:31:01+00:00,1.0
2021-05-03 14:28:25+00:00,1.0
2021-04-14 10:41:51+00:00,2.0
2021-04-20 21:17:20+00:00,1.0
2021-05-02 21:36:27+00:00,1.0
2021-04-21 20:21:10+00:00,1.0
2021-04-21 17:24:13+00:00,5.0
2021-04-20 23:29:52+00:00,0.0
2021-04-25 18:53:45+00:00,0.0
2021-04-10 04:37:09+00:00,1.95
2021-04-28 03:18:09+00:00,0.0
2021-05-02 11:59:03+00:00,0.0
2021-04-18 18:36:55+00:00,2.0
2021-04-13 22:59:13+00:00,1.0
2021-04-13 05:29:59+00:00,1.0
2021-04-12 00:35:58+00:00,1.0
2021-04-16 15:18:01+00:00,1.0
2021-04-17 22:59:46+00:00,1.0
2021-04-29 10:14:22+00:00,0.0
2021-04-20 16:32:10+00:00,1.0
2021-04-08 06:01:06+00:00,1.0
2021-04-07 06:47:30+00:00,1.0
2021-04-14 19:49:38+00:00,2.0
2021-04-18 20:36:16+00:00,1.0
2021-04-23 01:35:05+00:00,3.0
2021-04-22 20:26:41+00:00,0.0
2021-04-21 18:12:56+00:00,1.0
2021-04-13 23:24:34+00:00,1.0
2021-05-01 14:31:04+00:00,0.0
2021-04-26 04:55:02+00:00,0.0
2021-04-19 13:41:43+00:00,1.0
2021-04-05 17:00:07+00:00,1.0
2021-04-10 23:29:49+00:00,1.0
2021-04-10 11:29:14+00:00,1.95
2021-04-27 19:41:36+00:00,0.0
2021-04-14 17:33:19+00:00,2.0
2021-04-10 13:23:11+00:00,1.95
2021-04-28 02:47:03+00:00,0.0
2021-04-12 01:48:42+00:00,1.0
2021-04-18 01:44:06+00:00,1.0
2021-04-08 22:45:16+00:00,1.0
2021-04-12 07:24:31+00:00,1.0
2021-04-11 12:57:51+00:00,2.0
2021-04-11 05:52:26+00:00,1.0
2021-04-23 22:24:56+00:00,1.0
2021-04-23 14:17:08+00:00,159.0
2021-04-15 23:53:34+00:00,1.5
2021-04-22 06:47:44+00:00,0.0
2021-05-01 04:55:49+00:00,0.0
2021-04-25 23:23:27+00:00,0.0
2021-04-25 18:37:37+00:00,1.0
2021-04-16 14:13:39+00:00,1.0
2021-04-09 11:09:13+00:00,1.0
2021-04-08 11:59:41+00:00,2.0
2021-04-11 23:34:19+00:00,1.0
2021-04-24 08:56:13+00:00,1.0
2021-04-06 09:12:41+00:00,1.0
2021-04-09 13:27:02+00:00,1.0
2021-04-10 01:00:32+00:00,1.95
2021-04-18 01:50:45+00:00,2.0
2021-04-22 08:54:14+00:00,0.0
2021-04-05 23:28:32+00:00,1.0
2021-04-08 20:19:40+00:00,2.0
2021-04-23 00:09:02+00:00,3.0
2021-04-19 09:29:49+00:00,1.0
2021-04-23 10:20:46+00:00,1.0
2021-04-20 08:56:59+00:00,1.0
2021-04-12 22:23:47+00:00,1.0
2021-04-06 16:17:01+00:00,1.0
2021-04-18 09:40:59+00:00,2.0
2021-04-15 08:23:02+00:00,1.0
2021-04-23 11:14:36+00:00,91.0
2021-04-14 21:07:09+00:00,2.0
2021-04-20 04:37:47+00:00,2.0
2021-04-16 03:01:53+00:00,2.0
2021-04-23 04:24:57+00:00,3.0
2021-05-03 04:20:53+00:00,1.0
2021-04-10 23:16:21+00:00,2.0
2021-04-06 14:35:29+00:00,1.0
2021-04-24 18:08:54+00:00,1.0
2021-04-20 03:08:31+00:00,2.0
2021-04-05 16:35:26+00:00,1.0
2021-04-17 10:54:58+00:00,0.0
2021-04-30 08:44:27+00:00,0.0
2021-04-08 22:46:03+00:00,1.0
2021-04-09 05:42:10+00:00,2.0
2021-04-12 00:10:13+00:00,1.0
2021-04-26 10:06:35+00:00,0.0
2021-04-22 19:34:13+00:00,0.0
2021-04-13 19:23:03+00:00,1.0
2021-04-11 03:43:11+00:00,2.0
2021-04-23 13:18:34+00:00,25.0
2021-04-11 22:57:35+00:00,2.0
2021-04-24 19:24:12+00:00,1.0
2021-04-18 11:58:02+00:00,2.0
2021-04-06 08:10:13+00:00,1.0
2021-04-30 09:37:02+00:00,0.0
2021-04-21 15:57:11+00:00,2496.0
2021-04-20 17:18:29+00:00,1.0
2021-04-16 08:51:13+00:00,2.0
2021-04-21 04:11:47+00:00,0.0
2021-04-10 17:08:32+00:00,145.0
2021-04-29 09:01:09+00:00,0.0
2021-04-14 12:36:13+00:00,1.0
2021-04-06 18:45:51+00:00,1.0
2021-04-09 11:35:25+00:00,2.0
2021-04-28 07:54:55+00:00,0.0
2021-04-11 08:48:50+00:00,2.0
2021-04-14 15:57:57+00:00,1.0
2021-04-13 20:03:36+00:00,1.0
2021-04-11 10:22:30+00:00,1.0
2021-04-23 06:31:59+00:00,5.0
2021-04-17 06:49:20+00:00,0.0
2021-04-08 14:59:43+00:00,1.0
2021-05-01 15:09:04+00:00,0.0
2021-04-19 09:41:09+00:00,1.0
2021-04-11 07:04:30+00:00,1.0
2021-04-12 00:13:56+00:00,1.0
2021-04-19 12:31:44+00:00,2.0
2021-04-23 11:49:12+00:00,93.5
2021-04-17 07:55:46+00:00,0.0
2021-04-06 20:52:35+00:00,1.0
2021-04-06 10:22:30+00:00,1.0
2021-04-05 18:28:21+00:00,1.0
2021-04-19 13:36:23+00:00,2.0
2021-04-07 00:03:49+00:00,1.0
2021-04-08 07:11:06+00:00,1.0
2021-04-29 05:49:35+00:00,0.0
2021-04-06 03:24:22+00:00,1.0
2021-04-30 09:59:53+00:00,0.0
2021-04-18 22:01:14+00:00,1.0
2021-04-24 09:27:02+00:00,1.0
2021-04-05 02:05:22+00:00,1.0
2021-04-30 16:02:55+00:00,0.0
2021-04-24 02:03:46+00:00,1.0
2021-04-05 19:16:09+00:00,1.0
2021-04-10 18:20:04+00:00,1.0
2021-04-12 08:00:32+00:00,2.0
2021-04-28 06:17:19+00:00,0.0
2021-05-03 07:43:48+00:00,1.0
2021-04-09 22:32:51+00:00,1.95
2021-04-20 22:47:48+00:00,0.0
2021-04-16 23:10:14+00:00,0.0
2021-05-03 04:01:00+00:00,1.0
2021-05-01 19:51:04+00:00,0.0
2021-04-19 03:17:29+00:00,1.0
2021-04-22 03:39:21+00:00,0.0
2021-04-28 01:18:04+00:00,0.0
2021-04-27 05:43:19+00:00,0.0
2021-05-02 16:48:55+00:00,1.0
2021-04-10 22:52:38+00:00,1.0
2021-04-30 04:33:47+00:00,0.0
2021-04-07 22:38:51+00:00,1.0
2021-04-06 23:33:38+00:00,1.0
2021-04-08 23:31:06+00:00,1.0
2021-05-02 17:27:03+00:00,1.0
2021-04-16 11:08:37+00:00,1.0
2021-04-17 01:20:18+00:00,0.0
2021-04-12 14:14:53+00:00,2.0
2021-05-02 10:54:55+00:00,0.0
2021-05-02 14:10:30+00:00,108.0
2021-04-26 15:51:59+00:00,0.0
2021-04-16 07:11:34+00:00,1.0
2021-04-20 14:46:11+00:00,1.0
2021-04-18 09:43:42+00:00,1.0
2021-04-25 15:49:58+00:00,1.0
2021-04-29 11:28:59+00:00,0.0
2021-04-13 14:03:15+00:00,2.0
2021-04-10 08:38:01+00:00,1.95
2021-04-19 05:38:42+00:00,1.0
2021-04-21 06:00:45+00:00,0.0
2021-05-01 03:14:52+00:00,0.0
2021-04-07 05:31:49+00:00,1.0
2021-04-11 20:24:52+00:00,1.0
2021-04-05 11:10:11+00:00,1.0
2021-04-08 17:53:59+00:00,2.0
2021-04-21 13:09:26+00:00,0.0
2021-05-03 13:37:12+00:00,1.0
2021-04-06 14:17:49+00:00,1.0
2021-04-27 11:34:37+00:00,0.0
2021-04-24 22:57:11+00:00,1.0
2021-04-20 18:29:40+00:00,1.0
2021-04-17 17:07:49+00:00,0.0
2021-04-05 03:56:03+00:00,1.0
2021-04-25 16:26:52+00:00,1.0
2021-04-19 03:03:05+00:00,2.0
2021-04-16 21:21:42+00:00,0.0
2021-04-10 15:07:23+00:00,2429.0
2021-04-18 04:15:38+00:00,1.0
2021-05-02 12:52:50+00:00,0.0
2021-04-22 06:46:50+00:00,0.0
2021-04-14 23:18:17+00:00,2.0
2021-04-09 22:05:54+00:00,1.95
2021-04-11 10:12:22+00:00,1.0
2021-04-27 00:22:00+00:00,0.0
2021-04-24 08:38:25+00:00,1.0
2021-04-19 18:22:28+00:00,1.0
2021-04-27 16:44:30+00:00,0.0
2021-04-16 18:03:24+00:00,0.0
2021-05-02 18:00:50+00:00,1.0
2021-04-20 01:08:44+00:00,1.0
2021-04-17 05:04:05+00:00,0.0
2021-04-11 12:04:25+00:00,1.0
2021-04-24 09:03:47+00:00,1.0
2021-04-21 14:40:57+00:00,0.0
2021-04-29 21:57:19+00:00,0.0
2021-04-22 15:40:03+00:00,0.0
2021-04-30 06:47:23+00:00,0.0
2021-04-09 07:20:14+00:00,2.0
2021-04-07 22:15:28+00:00,1.0
2021-04-19 07:30:18+00:00,1.0
2021-04-06 04:42:29+00:00,1.0
2021-04-08 19:23:28+00:00,2.0
2021-04-15 18:52:38+00:00,1.0
2021-04-17 07:36:29+00:00,0.0
2021-04-11 20:29:55+00:00,1.0
2021-04-20 12:40:34+00:00,1.0
2021-04-22 22:24:48+00:00,2.0
2021-04-30 18:11:41+00:00,0.0
2021-04-24 09:13:34+00:00,1.0
2021-04-26 10:07:36+00:00,0.0
2021-04-11 05:56:02+00:00,2.0
2021-04-15 21:00:25+00:00,1.0
2021-04-14 16:12:23+00:00,1.0
2021-04-28 04:40:35+00:00,0.0
2021-04-11 22:10:17+00:00,2.0
2021-04-16 22:28:05+00:00,0.0
2021-05-02 09:37:07+00:00,0.0
2021-04-10 06:14:50+00:00,1.95
2021-04-27 15:21:33+00:00,0.0
2021-05-03 13:51:47+00:00,1.0
2021-05-01 07:08:51+00:00,0.0
2021-04-12 11:12:34+00:00,1.0
2021-04-15 03:36:28+00:00,2.0
2021-04-29 00:46:21+00:00,0.0
2021-04-30 02:10:43+00:00,0.0
2021-04-05 08:33:41+00:00,1.0
2021-04-25 18:19:29+00:00,1.0
2021-04-05 07:42:00+00:00,1.0
2021-04-29 16:56:40+00:00,0.0
2021-04-21 10:47:23+00:00,0.0
2021-04-17 22:26:14+00:00,2.0
2021-04-24 10:00:00+00:00,1.0
2021-04-22 08:55:20+00:00,0.0
2021-04-16 13:58:20+00:00,1.0
2021-04-09 13:55:45+00:00,1.0
2021-04-07 19:11:12+00:00,1.0
2021-04-23 16:53:44+00:00,1.0
2021-05-03 20:39:43+00:00,1.0
2021-04-30 09:21:42+00:00,0.0
2021-04-14 18:49:24+00:00,1.0
2021-04-06 09:10:33+00:00,1.0
2021-04-08 21:49:01+00:00,1.0
2021-05-01 18:29:55+00:00,0.0
2021-04-23 08:52:26+00:00,8.5
2021-04-22 20:44:15+00:00,0.0
2021-04-19 10:29:54+00:00,2.0
2021-04-24 00:46:13+00:00,1.0
2021-04-30 19:03:51+00:00,0.0
2021-04-27 15:23:03+00:00,0.0
2021-04-23 03:35:19+00:00,3.0
2021-04-15 03:29:30+00:00,1.0
2021-04-22 08:06:42+00:00,0.0
2021-04-29 06:18:45+00:00,0.0
2021-04-17 06:10:57+00:00,0.0
2021-04-28 14:52:52+00:00,1.0
2021-04-18 17:51:34+00:00,1.0
2021-04-19 14:45:53+00:00,1.0
2021-04-25 05:50:34+00:00,1.0
2021-04-30 14:55:47+00:00,0.0
2021-04-27 03:47:48+00:00,0.0
2021-04-16 23:45:41+00:00,0.0
2021-04-19 12:31:42+00:00,2.0
2021-04-26 16:13:55+00:00,0.0
2021-04-19 08:35:36+00:00,1.0
2021-04-23 18:53:51+00:00,1.0
2021-04-16 04:47:36+00:00,2.0
2021-04-05 13:03:21+00:00,1.0
2021-04-05 00:07:29+00:00,1.0
2021-04-25 08:35:20+00:00,1.0
2021-04-26 05:08:24+00:00,0.0
2021-04-15 11:45:25+00:00,1.0
2021-05-02 21:25:38+00:00,1.0
2021-04-08 13:44:27+00:00,1.0
2021-04-22 08:33:12+00:00,0.0
2021-04-08 20:13:45+00:00,1.0
2021-04-13 17:22:12+00:00,1.0
2021-04-24 21:05:20+00:00,1.0
2021-04-15 00:55:21+00:00,1.0
2021-04-20 13:49:38+00:00,1.0
2021-04-27 10:37:02+00:00,0.0
2021-05-02 09:45:57+00:00,0.0
2021-04-11 10:04:00+00:00,1.0
2021-04-20 09:20:57+00:00,2.0
2021-04-16 08:03:12+00:00,1.0
2021-04-12 08:00:23+00:00,1.0
2021-04-13 09:11:53+00:00,1.0
2021-04-08 21:44:29+00:00,2.0
2021-04-07 21:44:15+00:00,1.0
2021-04-22 16:24:34+00:00,0.0
2021-04-17 05:03:43+00:00,0.0
2021-04-07 17:33:25+00:00,1.0
2021-04-21 16:26:11+00:00,173.0
2021-04-29 20:23:48+00:00,0.0
2021-04-22 01:24:41+00:00,0.0
2021-04-06 03:15:49+00:00,1.0
2021-04-25 10:27:04+00:00,1.0
2021-04-19 20:23:18+00:00,1.0
2021-04-28 02:21:40+00:00,0.0
2021-04-15 07:39:22+00:00,1.0
2021-04-11 02:51:31+00:00,1.0
2021-05-02 19:44:33+00:00,1.0
2021-04-18 18:50:09+00:00,1.0
2021-04-27 09:26:04+00:00,0.0
2021-04-08 08:12:40+00:00,1.0
2021-04-21 10:16:10+00:00,0.0
2021-04-27 16:57:54+00:00,0.0
2021-04-15 19:15:11+00:00,1.0
2021-04-29 11:10:07+00:00,0.0
2021-04-18 20:49:54+00:00,2.0
2021-04-30 01:10:37+00:00,0.0
2021-04-05 13:44:51+00:00,1.0
2021-04-22 15:46:07+00:00,0.0
2021-05-02 16:45:30+00:00,1.0
2021-05-01 17:50:53+00:00,0.0
2021-05-01 18:35:24+00:00,0.0
2021-04-08 19:07:02+00:00,1.0
2021-04-07 17:18:02+00:00,1.0
2021-05-03 06:07:27+00:00,1.0
2021-04-11 03:34:04+00:00,2.0
2021-04-14 09:03:47+00:00,1.0
2021-04-29 14:06:52+00:00,0.0
2021-04-29 21:33:49+00:00,0.0
2021-04-05 10:38:53+00:00,1.0
2021-04-25 05:06:20+00:00,1.0
2021-04-09 22:14:16+00:00,1.95
2021-04-16 06:14:41+00:00,1.0
2021-04-13 09:29:52+00:00,2.0
2021-04-17 23:28:37+00:00,1.0
2021-04-23 13:48:17+00:00,2507.0
2021-04-16 16:39:43+00:00,1.0
2021-04-20 13:04:01+00:00,1.0
2021-04-25 23:12:44+00:00,0.0
2021-04-11 06:36:36+00:00,2.0
2021-04-12 19:25:08+00:00,1.0
2021-04-22 05:37:09+00:00,0.0
2021-04-06 17:14:25+00:00,1.0
2021-04-06 07:33:25+00:00,1.0
2021-04-22 22:40:34+00:00,3.0
2021-04-16 12:05:43+00:00,1.0
2021-04-27 20:19:47+00:00,0.0
2021-05-02 05:42:11+00:00,0.0
2021-04-27 17:12:57+00:00,0.0
2021-04-09 00:34:45+00:00,1.0
2021-04-11 08:29:35+00:00,2.0
2021-04-12 22:34:45+00:00,1.0
2021-04-30 20:15:49+00:00,0.0
2021-04-14 07:49:14+00:00,1.0
2021-04-08 01:45:59+00:00,1.0
2021-04-30 00:41:19+00:00,0.0
2021-04-05 02:29:29+00:00,1.0
2021-05-01 17:03:28+00:00,0.0
2021-04-26 14:17:44+00:00,0.0
2021-04-18 15:10:18+00:00,1.0
2021-04-30 04:28:25+00:00,0.0
2021-04-27 12:22:21+00:00,0.0
2021-04-26 06:58:32+00:00,0.0
2021-04-26 15:08:34+00:00,0.0
2021-04-14 12:48:33+00:00,1.0
2021-04-06 07:28:49+00:00,1.0
2021-04-07 12:17:08+00:00,1.0
2021-04-28 15:57:10+00:00,1.0
2021-04-15 22:44:20+00:00,2.0
2021-04-25 04:51:31+00:00,1.0
2021-04-26 14:26:51+00:00,0.0
2021-04-08 15:24:44+00:00,1.0
2021-04-24 10:34:09+00:00,1.0
2021-04-21 00:34:21+00:00,0.0
2021-05-03 18:13:56+00:00,1.0
2021-04-08 23:04:43+00:00,1.0
2021-04-10 10:57:44+00:00,1.95
2021-04-16 23:09:04+00:00,0.0
2021-04-24 12:43:16+00:00,1.0
2021-05-03 05:37:17+00:00,1.0
2021-04-28 23:45:08+00:00,0.0
2021-04-21 15:32:08+00:00,0.0
2021-04-20 04:16:36+00:00,1.0
2021-04-11 23:16:00+00:00,2.0
2021-04-20 04:00:40+00:00,2.0
2021-04-10 06:28:06+00:00,1.95
2021-04-28 14:49:37+00:00,1.0
2021-04-10 02:31:37+00:00,1.95
2021-04-17 02:09:25+00:00,0.0
2021-05-03 19:00:17+00:00,1.0
2021-04-18 12:47:37+00:00,1.0
2021-04-15 13:55:40+00:00,1.0
2021-04-17 12:19:46+00:00,0.0
2021-04-21 21:41:36+00:00,0.0
2021-04-19 06:12:28+00:00,2.0
2021-04-07 07:06:23+00:00,1.0
2021-04-29 16:37:48+00:00,0.0
2021-04-10 03:03:32+00:00,1.95
2021-05-03 00:11:49+00:00,1.0
2021-04-16 09:40:55+00:00,2.0
2021-04-25 18:01:04+00:00,1.0
2021-04-26 12:09:03+00:00,0.0
2021-04-25 08:00:37+00:00,1.0
2021-04-13 01:55:37+00:00,1.0
2021-04-12 14:47:58+00:00,2.0
2021-04-22 16:17:04+00:00,0.0
2021-04-18 16:34:03+00:00,1.0
2021-04-25 19:12:23+00:00,0.0
2021-04-29 04:35:17+00:00,0.0
2021-04-06 19:14:21+00:00,1.0
2021-04-22 00:25:00+00:00,0.0
2021-04-16 03:34:23+00:00,2.0
2021-05-01 20:22:51+00:00,0.0
2021-04-22 10:27:56+00:00,0.0
2021-04-29 13:32:46+00:00,0.0
2021-04-07 01:31:57+00:00,1.0
2021-05-02 03:32:10+00:00,0.0
2021-04-11 01:57:55+00:00,1.0
2021-04-29 04:35:02+00:00,0.0
2021-04-20 00:29:39+00:00,1.0
2021-04-24 04:26:00+00:00,1.0
2021-04-08 12:10:17+00:00,1.0
2021-04-19 21:45:50+00:00,2.0
2021-04-16 08:46:54+00:00,1.0
2021-04-07 12:59:41+00:00,1.0
2021-04-07 07:39:48+00:00,1.0
2021-04-26 16:36:00+00:00,0.0
2021-04-23 17:33:40+00:00,1.0
2021-04-22 06:37:44+00:00,0.0
2021-04-16 02:38:00+00:00,1.0
2021-04-14 08:23:39+00:00,1.0
2021-04-23 13:29:38+00:00,2429.0
2021-04-23 07:08:21+00:00,3.0
2021-04-06 16:54:23+00:00,1.0
2021-04-21 23:49:50+00:00,0.0
2021-04-19 08:23:03+00:00,2.0
2021-04-05 01:15:54+00:00,1.0
2021-04-18 04:03:06+00:00,1.0
2021-05-01 11:54:50+00:00,0.0
2021-04-24 13:00:49+00:00,1.0
2021-05-02 09:52:32+00:00,0.0
2021-04-29 02:13:52+00:00,0.0
2021-04-30 07:36:23+00:00,0.0
2021-04-07 01:29:26+00:00,1.0
2021-04-23 12:31:10+00:00,90.0
2021-04-08 05:14:39+00:00,1.0
2021-04-11 14:20:07+00:00,1.0
2021-04-22 01:14:09+00:00,0.0
2021-04-25 01:17:29+00:00,1.0
2021-04-12 08:44:50+00:00,1.0
2021-04-25 22:49:54+00:00,0.0
2021-04-12 00:41:53+00:00,2.0
2021-04-12 11:06:26+00:00,2.0
2021-04-15 05:45:02+00:00,2.0
2021-04-22 03:14:13+00:00,0.0
2021-04-24 09:58:52+00:00,1.0
2021-04-09 07:56:56+00:00,2.0
2021-04-04 22:00:23+00:00,1.0
2021-05-03 01:39:42+00:00,1.0
2021-04-29 13:48:08+00:00,0.0
2021-04-12 21:16:55+00:00,1.0
2021-04-23 12:33:53+00:00,39.75
2021-05-03 06:03:40+00:00,1.0
2021-04-18 02:38:07+00:00,2.0
2021-04-16 14:11:53+00:00,1.0
2021-04-05 18:22:31+00:00,1.0
2021-04-13 14:20:27+00:00,1.0
2021-04-19 05:09:03+00:00,2.0
2021-04-24 17:18:03+00:00,1.0
2021-04-18 23:52:48+00:00,1.0
2021-04-22 13:32:30+00:00,0.0
2021-04-16 21:51:56+00:00,0.0
2021-04-05 21:58:51+00:00,1.0
2021-04-10 11:08:34+00:00,1.95
2021-04-30 18:50:42+00:00,0.0
2021-04-20 13:06:07+00:00,1.0
2021-04-08 11:21:35+00:00,1.0
2021-04-07 08:10:48+00:00,1.0
2021-04-26 07:51:32+00:00,0.0
2021-04-29 05:17:12+00:00,0.0
2021-04-28 06:46:05+00:00,0.0
2021-05-02 07:50:37+00:00,0.0
2021-04-25 14:38:37+00:00,1.0
2021-04-14 11:30:59+00:00,1.0
2021-04-17 00:39:53+00:00,0.0
2021-04-11 20:33:14+00:00,1.0
2021-04-05 13:48:37+00:00,1.0
2021-04-29 11:58:31+00:00,0.0
2021-04-28 07:14:58+00:00,0.0
2021-04-09 01:55:49+00:00,1.0
2021-04-06 06:14:42+00:00,1.0
2021-04-08 01:05:20+00:00,1.0
2021-04-30 18:43:35+00:00,0.0
2021-04-19 03:48:48+00:00,2.0
2021-04-07 19:09:58+00:00,1.0
2021-04-30 13:41:38+00:00,0.0
2021-04-17 12:56:32+00:00,0.0
2021-05-03 16:23:26+00:00,1.0
2021-04-26 17:31:37+00:00,0.0
2021-04-21 06:07:24+00:00,0.0
2021-04-14 12:59:14+00:00,1.0
2021-04-26 16:42:09+00:00,0.0
2021-04-12 06:06:03+00:00,2.0
2021-04-19 00:10:21+00:00,1.0
2021-04-30 10:02:00+00:00,0.0
2021-04-12 22:10:19+00:00,1.0
2021-04-13 00:17:36+00:00,1.0
2021-05-01 19:55:29+00:00,0.0
2021-04-16 11:27:10+00:00,2.0
2021-04-30 12:37:53+00:00,0.0
2021-04-28 22:08:18+00:00,0.0
2021-04-14 02:03:14+00:00,1.0
2021-04-09 14:03:11+00:00,1.0
2021-04-10 09:57:21+00:00,1.95
2021-04-05 06:12:04+00:00,1.0
2021-04-22 15:11:36+00:00,0.0
2021-04-27 14:54:48+00:00,0.0
2021-05-01 20:06:26+00:00,0.0
2021-04-28 16:10:31+00:00,1.0
2021-04-19 20:15:21+00:00,1.0
2021-04-21 14:36:48+00:00,0.0
2021-04-30 03:36:17+00:00,0.0
2021-04-24 15:28:51+00:00,1.0
2021-04-27 05:14:49+00:00,0.0
2021-04-13 03:42:13+00:00,1.0
2021-04-24 13:37:14+00:00,1.0
2021-04-17 13:25:10+00:00,0.0
2021-05-03 02:10:02+00:00,1.0
2021-05-02 10:32:02+00:00,0.0
2021-04-28 13:40:39+00:00,1.0
2021-04-13 00:01:39+00:00,1.0
2021-04-22 20:07:54+00:00,0.0
2021-04-08 16:16:56+00:00,1.0
2021-04-26 23:47:36+00:00,0.0
2021-04-24 12:19:07+00:00,1.0
2021-04-29 23:40:28+00:00,0.0
2021-04-28 23:40:13+00:00,0.0
2021-05-03 15:21:23+00:00,1.0
2021-04-05 22:26:51+00:00,1.0
2021-04-22 01:39:27+00:00,0.0
2021-04-13 15:38:50+00:00,2.0
2021-04-26 07:40:08+00:00,0.0
2021-04-27 05:20:43+00:00,0.0
2021-04-09 14:53:22+00:00,1.0
2021-04-20 15:25:21+00:00,2.0
2021-04-05 16:04:34+00:00,1.0
2021-04-24 18:42:10+00:00,1.0
2021-04-06 21:53:30+00:00,1.0
2021-04-19 05:11:26+00:00,2.0
2021-04-22 09:04:33+00:00,0.0
2021-04-28 16:14:43+00:00,1.0
2021-04-21 09:42:04+00:00,0.0
2021-04-30 19:06:09+00:00,0.0
2021-04-11 00:42:05+00:00,2.0
2021-04-30 07:38:00+00:00,0.0
2021-04-16 14:44:17+00:00,1.0
2021-04-19 23:23:42+00:00,1.0
2021-04-12 05:25:23+00:00,1.0
2021-04-16 00:20:55+00:00,2.0
2021-04-21 14:10:00+00:00,0.0
2021-04-19 13:01:19+00:00,1.0
2021-04-16 04:42:21+00:00,2.0
2021-04-11 16:39:09+00:00,1.0
2021-05-03 05:16:54+00:00,1.0
2021-04-28 06:38:15+00:00,0.0
2021-04-06 12:58:29+00:00,1.0
2021-04-20 14:46:49+00:00,2.0
2021-04-24 23:29:13+00:00,1.0
2021-05-03 07:41:08+00:00,1.0
2021-04-28 09:53:24+00:00,1.0
2021-04-07 07:25:47+00:00,1.0
2021-04-08 15:16:28+00:00,1.0
2021-04-29 08:55:57+00:00,0.0
2021-04-18 16:21:48+00:00,1.0
2021-04-29 18:54:12+00:00,0.0
2021-04-21 03:53:30+00:00,0.0
2021-04-12 02:10:15+00:00,1.0
2021-04-26 22:21:50+00:00,0.0
2021-04-21 11:12:47+00:00,0.0
2021-04-22 11:59:23+00:00,0.0
2021-04-15 03:36:44+00:00,1.0
2021-04-09 23:05:45+00:00,1.95
2021-05-02 16:47:20+00:00,1.0
2021-04-15 02:14:24+00:00,1.0
2021-05-03 10:46:41+00:00,1.0
2021-04-05 13:14:48+00:00,1.0
2021-04-27 22:27:07+00:00,0.0
2021-04-19 23:54:39+00:00,1.0
2021-04-27 23:41:37+00:00,0.0
2021-04-05 08:57:34+00:00,1.0
2021-04-13 05:17:58+00:00,1.0
2021-04-12 07:59:07+00:00,2.0
2021-04-11 11:15:51+00:00,1.0
2021-04-27 17:55:44+00:00,0.0
2021-04-23 21:04:34+00:00,1.0
2021-04-26 16:11:54+00:00,0.0
2021-04-17 08:16:41+00:00,0.0
2021-04-30 09:54:22+00:00,0.0
2021-04-21 23:21:47+00:00,0.0
2021-04-16 15:46:27+00:00,1.0
2021-04-07 05:27:48+00:00,1.0
2021-04-05 16:59:41+00:00,1.0
2021-04-13 07:31:33+00:00,2.0
2021-04-13 08:17:39+00:00,1.0
2021-04-24 21:06:15+00:00,1.0
2021-04-23 05:05:08+00:00,3.0
2021-04-07 02:16:54+00:00,1.0
2021-04-29 16:20:28+00:00,0.0
2021-04-15 07:19:28+00:00,2.0
2021-04-11 11:33:53+00:00,1.0
2021-04-21 17:45:51+00:00,2.0
2021-04-26 03:49:00+00:00,0.0
2021-04-14 16:54:11+00:00,1.0
2021-04-29 15:46:52+00:00,0.0
2021-04-07 09:00:11+00:00,1.0
2021-04-19 23:16:44+00:00,1.0
2021-04-19 04:08:50+00:00,2.0
2021-04-20 03:11:17+00:00,2.0
2021-05-02 10:45:08+00:00,0.0
2021-04-15 12:28:27+00:00,2.0
2021-04-14 18:03:29+00:00,1.0
2021-04-24 08:46:51+00:00,1.0
2021-04-10 08:39:03+00:00,1.95
2021-04-19 03:57:08+00:00,2.0
2021-05-01 09:25:17+00:00,0.0
2021-04-20 23:49:51+00:00,0.0
2021-05-01 13:26:07+00:00,0.0
2021-04-29 22:57:40+00:00,0.0
2021-04-20 22:24:00+00:00,0.0
2021-04-22 09:16:48+00:00,0.0
2021-04-28 21:12:39+00:00,1.0
2021-04-27 19:35:29+00:00,0.0
2021-04-17 12:28:21+00:00,0.0
2021-04-09 21:59:47+00:00,1.95
2021-04-08 20:16:48+00:00,1.0
2021-04-07 15:47:58+00:00,1.0
2021-04-14 03:39:55+00:00,1.0
2021-04-12 06:02:16+00:00,1.0
2021-04-16 03:11:28+00:00,2.0
2021-04-08 20:27:39+00:00,1.0
2021-04-12 15:01:56+00:00,1.0
2021-04-28 02:16:12+00:00,0.0
2021-04-13 14:46:47+00:00,1.0
2021-04-24 04:55:08+00:00,1.0
2021-04-11 15:29:51+00:00,1.0
2021-04-06 11:33:47+00:00,1.0
2021-04-19 04:07:58+00:00,1.0
2021-04-08 23:07:06+00:00,2.0
2021-04-08 14:43:24+00:00,1.0
2021-04-24 12:59:04+00:00,1.0
2021-05-03 00:53:31+00:00,1.0
2021-04-25 22:32:46+00:00,0.0
2021-04-17 11:15:51+00:00,0.0
2021-04-12 20:09:50+00:00,1.0
2021-04-10 16:53:28+00:00,24.0
2021-04-27 13:30:11+00:00,0.0
2021-04-23 09:53:53+00:00,264.0
2021-04-17 13:27:50+00:00,0.0
2021-04-05 11:22:07+00:00,1.0
2021-04-16 01:42:58+00:00,1.0
2021-04-24 17:19:09+00:00,1.0
2021-04-11 14:02:44+00:00,1.0
2021-04-06 16:41:08+00:00,1.0
2021-04-10 19:59:16+00:00,1.0
2021-04-23 02:54:40+00:00,3.0
2021-04-25 06:41:13+00:00,1.0
2021-04-17 07:36:42+00:00,0.0
2021-05-03 07:37:41+00:00,1.0
2021-04-11 13:41:54+00:00,2.0
2021-04-26 06:24:22+00:00,0.0
2021-04-28 00:17:34+00:00,0.0
2021-04-13 00:02:41+00:00,1.0
2021-04-17 17:14:39+00:00,0.0
2021-04-28 10:36:42+00:00,1.0
2021-04-21 21:13:58+00:00,2.0
2021-04-29 10:10:48+00:00,0.0
2021-04-25 02:11:42+00:00,1.0
2021-04-09 18:42:41+00:00,1.0
2021-04-17 21:51:34+00:00,2.0
2021-04-10 14:09:56+00:00,1.95
2021-04-07 02:04:04+00:00,1.0
2021-04-21 09:29:49+00:00,0.0
2021-04-16 00:54:23+00:00,1.0
2021-04-08 10:45:43+00:00,1.0
2021-04-17 19:14:28+00:00,1.0
2021-04-05 14:11:13+00:00,1.0
2021-04-27 13:48:46+00:00,0.0
2021-04-21 20:11:27+00:00,1.0
2021-04-20 12:36:09+00:00,2.0
2021-04-15 22:29:19+00:00,2.0
2021-04-20 10:18:17+00:00,1.0
2021-05-03 05:42:24+00:00,1.0
2021-04-24 11:09:11+00:00,1.0
2021-04-16 07:11:17+00:00,1.0
2021-04-11 07:49:26+00:00,2.0
2021-04-09 09:57:08+00:00,1.0
2021-04-29 06:40:14+00:00,0.0
2021-04-16 02:33:29+00:00,2.0
2021-04-11 23:17:45+00:00,1.0
2021-04-28 19:33:33+00:00,1.0
2021-04-12 17:22:18+00:00,1.0
2021-04-25 11:55:58+00:00,1.0
2021-04-09 18:18:44+00:00,1.0
2021-04-09 22:24:10+00:00,1.95
2021-05-01 23:34:54+00:00,0.0
2021-04-14 09:52:22+00:00,1.0
2021-04-15 23:20:49+00:00,2.0
2021-04-16 14:05:05+00:00,1.0
2021-04-08 08:59:04+00:00,1.0
2021-04-08 23:54:54+00:00,2.0
2021-04-16 03:49:30+00:00,2.0
2021-04-17 16:16:52+00:00,0.0
2021-04-15 13:25:57+00:00,1.0
2021-04-19 06:21:54+00:00,2.0
2021-04-13 21:32:40+00:00,1.0
2021-04-15 21:45:51+00:00,1.0
2021-04-13 16:27:16+00:00,2.0
2021-04-14 23:22:50+00:00,1.0
2021-04-22 10:03:36+00:00,0.0
2021-04-19 19:13:18+00:00,1.0
2021-04-28 02:11:49+00:00,0.0
2021-04-14 09:16:22+00:00,1.0
2021-04-09 20:07:28+00:00,1.0
2021-04-30 19:21:34+00:00,0.0
2021-04-25 12:07:54+00:00,1.0
2021-04-12 23:59:26+00:00,1.0
2021-04-20 09:54:04+00:00,1.0
2021-04-15 05:55:40+00:00,1.0
2021-04-24 08:23:42+00:00,1.0
2021-04-21 01:26:37+00:00,0.0
2021-05-02 19:38:35+00:00,1.0
2021-04-14 14:19:56+00:00,1.0
2021-04-23 21:23:34+00:00,1.0
2021-04-22 02:23:46+00:00,0.0
2021-04-09 04:54:58+00:00,1.0
2021-04-26 03:34:10+00:00,0.0
2021-04-24 13:20:33+00:00,1.0
2021-04-30 02:26:53+00:00,0.0
2021-04-23 04:14:35+00:00,3.0
2021-04-15 13:46:36+00:00,1.0
2021-04-25 02:26:42+00:00,1.0
2021-04-29 21:55:39+00:00,0.0
2021-04-10 03:24:39+00:00,1.95
2021-04-17 06:30:19+00:00,0.0
2021-04-25 02:54:18+00:00,1.0
2021-04-09 05:06:36+00:00,2.0
2021-04-16 01:28:33+00:00,2.0
2021-04-04 21:53:01+00:00,1.0
2021-04-21 12:42:27+00:00,0.0
2021-04-06 10:06:00+00:00,1.0
2021-04-25 20:28:03+00:00,0.0
2021-05-03 03:59:21+00:00,1.0
2021-04-23 12:11:29+00:00,86.0
2021-04-23 22:50:19+00:00,1.0
2021-04-10 18:27:19+00:00,1.0
2021-04-29 02:54:48+00:00,0.0
2021-04-21 01:15:40+00:00,0.0
2021-04-24 06:16:16+00:00,1.0
2021-04-30 14:43:29+00:00,0.0
2021-04-05 23:37:43+00:00,1.0
2021-04-29 16:24:17+00:00,0.0
2021-04-26 16:15:36+00:00,0.0
2021-04-24 21:19:45+00:00,1.0
2021-04-25 00:20:43+00:00,1.0
2021-04-27 00:50:08+00:00,0.0
2021-04-08 06:50:39+00:00,1.0
2021-04-17 02:17:44+00:00,0.0
2021-05-02 21:48:38+00:00,1.0
2021-05-02 17:29:59+00:00,1.0
2021-04-25 05:33:58+00:00,1.0
2021-04-06 10:58:31+00:00,1.0
2021-04-05 14:28:34+00:00,1.0
2021-04-22 06:42:49+00:00,0.0
2021-04-30 23:38:49+00:00,0.0
2021-04-10 16:30:20+00:00,5.0
2021-04-18 20:57:59+00:00,1.0
2021-04-08 04:29:36+00:00,1.0
2021-04-12 02:42:11+00:00,2.0
2021-04-22 23:57:23+00:00,3.0
2021-04-17 07:31:21+00:00,0.0
2021-04-13 12:09:29+00:00,1.0
2021-04-12 19:05:03+00:00,1.0
2021-04-15 08:30:32+00:00,1.0
2021-04-13 16:54:50+00:00,2.0
2021-04-10 02:01:32+00:00,1.95
2021-04-05 16:39:52+00:00,1.0
2021-04-08 21:04:26+00:00,2.0
2021-05-03 08:59:38+00:00,1.0
2021-04-24 17:46:07+00:00,1.0
2021-04-17 19:19:11+00:00,1.0
2021-04-27 15:20:36+00:00,0.0
2021-04-06 11:55:11+00:00,1.0
2021-04-17 08:32:05+00:00,0.0
2021-05-01 15:45:04+00:00,0.0
2021-04-21 21:21:14+00:00,2.0
2021-04-17 22:29:55+00:00,1.0
2021-04-23 17:57:06+00:00,1.0
2021-05-01 20:43:06+00:00,0.0
2021-04-08 21:08:04+00:00,1.0
2021-04-15 17:04:46+00:00,1.0
2021-04-22 19:09:10+00:00,0.0
2021-04-16 23:46:11+00:00,0.0
2021-04-05 00:14:34+00:00,1.0
2021-04-23 00:38:53+00:00,3.0
2021-04-19 11:49:03+00:00,1.0
2021-04-15 12:47:35+00:00,2.0
2021-04-20 01:31:18+00:00,1.0
2021-04-10 06:57:02+00:00,1.95
2021-04-26 18:06:05+00:00,0.0
2021-04-10 09:50:47+00:00,1.95
2021-04-30 02:48:35+00:00,0.0
2021-04-30 09:17:18+00:00,0.0
2021-04-13 08:27:12+00:00,1.0
2021-04-21 23:06:30+00:00,0.0
2021-04-11 03:22:55+00:00,1.0
2021-04-14 19:45:36+00:00,2.0
2021-04-16 19:20:11+00:00,0.0
2021-05-02 07:00:14+00:00,0.0
2021-04-12 03:39:52+00:00,1.0
2021-04-09 11:25:30+00:00,2.0
2021-04-26 01:05:45+00:00,0.0
2021-04-25 02:35:45+00:00,1.0
2021-04-29 18:42:38+00:00,0.0
2021-04-21 15:21:51+00:00,0.0
2021-04-26 17:29:02+00:00,0.0
2021-04-27 22:48:12+00:00,0.0
2021-04-21 15:29:41+00:00,0.0
2021-04-06 23:06:50+00:00,1.0
2021-04-20 12:08:10+00:00,1.0
2021-04-13 01:06:41+00:00,1.0
2021-04-25 04:22:59+00:00,1.0
2021-04-26 10:46:50+00:00,0.0
2021-04-26 02:36:22+00:00,0.0
2021-04-06 20:57:11+00:00,1.0
2021-04-08 21:54:13+00:00,1.0
2021-04-19 05:06:25+00:00,2.0
2021-04-14 05:06:57+00:00,2.0
2021-04-06 07:46:57+00:00,1.0
2021-04-24 02:10:21+00:00,1.0
2021-04-09 19:42:19+00:00,2.0
2021-04-27 05:35:22+00:00,0.0
2021-04-14 01:37:41+00:00,2.0
2021-04-24 04:33:34+00:00,1.0
2021-04-13 17:06:49+00:00,1.0
2021-04-08 07:24:32+00:00,1.0
2021-04-20 01:51:41+00:00,2.0
2021-05-02 19:16:51+00:00,1.0
2021-04-14 20:49:12+00:00,2.0
2021-04-16 02:59:54+00:00,2.0
2021-04-27 04:35:29+00:00,0.0
2021-04-07 18:01:58+00:00,1.0
2021-04-06 17:03:22+00:00,1.0
2021-05-03 23:58:05+00:00,1.0
2021-05-03 23:26:49+00:00,1.0
2021-04-07 13:18:20+00:00,1.0
2021-04-26 14:19:58+00:00,0.0
2021-05-03 10:29:07+00:00,1.0
2021-04-17 11:59:31+00:00,0.0
2021-04-08 21:05:09+00:00,2.0
2021-04-22 15:15:43+00:00,0.0
2021-04-26 07:47:29+00:00,0.0
2021-04-09 22:27:37+00:00,1.95
2021-04-07 03:32:56+00:00,1.0
2021-04-27 19:49:12+00:00,0.0
2021-04-11 13:08:39+00:00,1.0
2021-04-06 19:51:21+00:00,1.0
2021-04-13 13:19:46+00:00,2.0
2021-04-24 20:28:12+00:00,1.0
2021-04-15 19:29:17+00:00,1.0
2021-05-03 22:57:53+00:00,1.0
2021-04-16 04:04:41+00:00,2.0
2021-04-25 21:13:11+00:00,0.0
2021-05-02 16:01:40+00:00,1.0
2021-04-22 10:03:42+00:00,0.0
2021-04-13 17:26:30+00:00,1.0
2021-04-26 21:45:39+00:00,0.0
2021-04-14 03:37:41+00:00,1.0
2021-04-23 10:24:25+00:00,1.0
2021-04-15 03:39:49+00:00,2.0
2021-04-10 05:53:51+00:00,1.95
2021-04-13 21:37:08+00:00,2.0
2021-04-18 10:54:53+00:00,1.0
2021-04-09 08:04:08+00:00,1.0
2021-04-23 04:28:34+00:00,2.0
2021-04-11 22:22:04+00:00,2.0
2021-04-10 20:54:47+00:00,1.0
2021-04-27 23:45:06+00:00,0.0
2021-05-03 15:27:29+00:00,1.0
2021-04-30 09:38:40+00:00,0.0
2021-04-26 19:36:24+00:00,0.0
2021-04-08 12:27:53+00:00,1.0
2021-04-06 23:49:46+00:00,1.0
2021-04-22 05:43:48+00:00,0.0
2021-04-10 00:33:32+00:00,1.95
2021-04-24 07:07:28+00:00,1.0
2021-05-03 22:49:48+00:00,1.0
2021-04-08 11:06:05+00:00,1.0
2021-04-30 12:05:30+00:00,0.0
2021-04-11 20:33:05+00:00,1.0
2021-04-08 11:11:37+00:00,1.0
2021-04-27 15:40:56+00:00,0.0
2021-04-13 12:00:13+00:00,1.0
2021-04-17 03:10:53+00:00,0.0
2021-04-17 04:03:24+00:00,0.0
2021-04-09 07:50:52+00:00,2.0
2021-04-24 19:17:40+00:00,1.0
2021-05-02 02:37:55+00:00,0.0
2021-04-17 21:06:40+00:00,1.0
2021-04-06 00:27:00+00:00,2.0
2021-04-10 16:12:00+00:00,147.0
2021-04-26 13:09:06+00:00,0.0
2021-04-15 11:45:48+00:00,1.0
2021-04-13 12:40:17+00:00,2.0
2021-04-26 17:19:50+00:00,0.0
2021-04-19 23:52:23+00:00,1.0
2021-04-24 02:24:25+00:00,1.0
2021-04-23 09:17:35+00:00,8.5
2021-04-08 13:32:47+00:00,1.0
2021-04-17 00:29:46+00:00,0.0
2021-04-25 02:54:59+00:00,1.0
2021-04-12 05:22:26+00:00,1.0
2021-04-17 03:14:32+00:00,0.0
2021-04-28 19:42:08+00:00,1.0
2021-04-07 09:11:34+00:00,1.0
2021-05-03 23:36:24+00:00,1.0
2021-04-17 02:47:14+00:00,0.0
2021-05-02 16:37:24+00:00,1.0
2021-04-06 05:02:30+00:00,1.0
2021-05-03 04:21:44+00:00,1.0
2021-04-10 22:59:21+00:00,1.0
2021-04-08 17:40:20+00:00,1.0
2021-04-19 21:00:50+00:00,1.0
2021-04-15 11:28:21+00:00,1.0
2021-04-28 11:37:00+00:00,1.0
2021-04-24 13:16:02+00:00,1.0
2021-04-27 04:49:56+00:00,0.0
2021-04-06 12:31:38+00:00,1.0
2021-04-22 19:51:00+00:00,0.0
2021-04-23 02:49:18+00:00,2.0
2021-04-09 09:02:58+00:00,2.0
2021-04-17 14:28:33+00:00,0.0
2021-04-04 23:09:19+00:00,1.0
2021-04-27 02:20:02+00:00,0.0
2021-04-17 01:19:26+00:00,0.0
2021-04-19 22:04:43+00:00,1.0
2021-04-07 13:33:47+00:00,1.0
2021-04-15 03:17:11+00:00,1.0
2021-04-06 18:16:25+00:00,1.0
2021-04-28 11:58:30+00:00,2.0
2021-04-11 07:57:02+00:00,2.0
2021-04-15 15:42:57+00:00,2.0
2021-04-08 07:35:15+00:00,1.0
2021-04-25 09:40:44+00:00,109.0
2021-04-11 00:14:20+00:00,1.0
2021-04-19 22:12:20+00:00,1.0
2021-04-18 08:24:08+00:00,1.0
2021-04-28 18:59:49+00:00,1.0
2021-04-28 03:36:26+00:00,0.0
2021-05-01 11:15:12+00:00,0.0
2021-04-11 02:08:35+00:00,1.0
2021-04-30 22:59:34+00:00,0.0
2021-04-17 10:52:59+00:00,0.0
2021-04-07 08:15:05+00:00,1.0
2021-04-12 03:52:49+00:00,2.0
2021-04-21 04:12:55+00:00,0.0
2021-04-18 03:18:01+00:00,2.0
2021-04-08 12:17:57+00:00,1.0
2021-04-06 16:35:42+00:00,1.0
2021-04-26 22:57:33+00:00,0.0
2021-04-22 06:15:25+00:00,0.0
2021-04-20 16:11:01+00:00,1.0
2021-04-23 15:45:58+00:00,1.0
2021-04-15 16:27:16+00:00,2.0
2021-04-12 03:48:21+00:00,1.0
2021-04-17 23:25:35+00:00,2.0
2021-04-19 16:09:44+00:00,1.0
2021-05-02 09:56:36+00:00,0.0
2021-04-07 14:46:00+00:00,1.0
2021-04-29 08:06:09+00:00,0.0
2021-04-25 12:03:05+00:00,1.0
2021-04-29 17:31:19+00:00,0.0
2021-04-30 06:54:09+00:00,0.0
2021-04-10 06:34:55+00:00,1.95
2021-04-18 18:15:28+00:00,2.0
2021-04-28 08:08:09+00:00,0.0
2021-04-26 07:54:51+00:00,0.0
2021-04-10 07:35:09+00:00,1.95
2021-04-19 13:18:22+00:00,2.0
2021-04-23 04:31:10+00:00,3.0
2021-04-10 10:53:19+00:00,1.95
2021-05-03 13:23:46+00:00,1.0
2021-04-26 14:23:20+00:00,0.0
2021-04-12 07:10:37+00:00,2.0
2021-04-16 12:00:53+00:00,1.0
2021-04-09 17:52:05+00:00,1.0
2021-05-02 06:33:36+00:00,0.0
2021-04-05 04:49:17+00:00,1.0
2021-04-30 05:18:18+00:00,0.0
2021-04-11 15:19:15+00:00,1.0
2021-04-28 09:31:57+00:00,5.0
2021-04-19 10:51:43+00:00,2.0
2021-04-18 08:14:22+00:00,2.0
2021-04-30 22:45:26+00:00,0.0
2021-04-20 14:16:13+00:00,1.0
2021-04-10 22:30:08+00:00,1.0
2021-04-11 00:32:41+00:00,1.0
2021-04-20 06:30:55+00:00,2.0
2021-04-07 03:47:00+00:00,1.0
2021-04-18 12:34:58+00:00,1.0
2021-04-07 01:56:01+00:00,1.0
2021-04-26 18:12:56+00:00,0.0
2021-04-23 15:51:28+00:00,1.0
2021-04-07 21:16:09+00:00,1.0
2021-04-26 16:58:37+00:00,0.0
2021-04-15 16:35:34+00:00,1.0
2021-04-14 12:10:25+00:00,1.0
2021-04-29 10:43:13+00:00,0.0
2021-04-06 20:51:01+00:00,1.0
2021-04-21 04:02:48+00:00,0.0
2021-04-11 21:55:54+00:00,2.0
2021-04-26 09:57:04+00:00,0.0
2021-05-03 13:35:00+00:00,1.0
2021-04-29 18:35:02+00:00,0.0
2021-04-08 08:31:58+00:00,1.0
2021-04-26 17:15:05+00:00,0.0
2021-04-22 10:02:15+00:00,0.0
2021-04-12 17:22:06+00:00,1.0
2021-04-15 10:00:17+00:00,2.0
2021-04-17 08:20:03+00:00,0.0
2021-04-17 19:33:16+00:00,1.0
2021-04-09 01:27:22+00:00,1.0
2021-05-01 11:17:11+00:00,0.0
2021-04-29 12:28:37+00:00,0.0
2021-04-10 06:27:39+00:00,1.95
2021-04-23 07:09:12+00:00,3.0
2021-04-17 18:54:38+00:00,2.0
2021-04-11 23:01:03+00:00,1.0
2021-04-28 10:17:47+00:00,1.0
2021-05-02 18:35:10+00:00,1.0
2021-04-16 17:55:06+00:00,0.0
2021-05-03 13:11:39+00:00,1.0
2021-04-22 03:36:22+00:00,0.0
2021-04-26 13:01:43+00:00,0.0
2021-04-17 11:28:45+00:00,0.0
2021-04-21 05:23:34+00:00,0.0
2021-04-12 23:40:02+00:00,1.0
2021-04-24 11:30:59+00:00,1.0
2021-05-01 06:39:37+00:00,0.0
2021-04-23 17:59:24+00:00,1.0
2021-04-17 15:26:09+00:00,0.0
2021-04-18 07:55:31+00:00,1.0
2021-05-03 20:53:03+00:00,1.0
2021-04-06 00:36:35+00:00,1.0
2021-05-01 17:17:57+00:00,0.0
2021-04-05 20:57:41+00:00,1.0
2021-04-22 10:55:59+00:00,0.0
2021-04-29 18:57:22+00:00,0.0
2021-04-15 11:35:03+00:00,1.0
2021-04-27 14:44:26+00:00,0.0
2021-04-22 08:18:14+00:00,0.0
2021-04-28 16:14:09+00:00,1.0
2021-04-07 02:33:36+00:00,1.0
2021-04-28 20:53:49+00:00,1.0
2021-04-21 15:51:49+00:00,2474.0
2021-04-11 11:55:00+00:00,1.0
2021-04-05 05:40:02+00:00,1.0
2021-04-18 09:49:22+00:00,1.0
2021-04-08 11:35:58+00:00,1.0
2021-04-30 05:29:33+00:00,0.0
2021-04-30 03:54:48+00:00,0.0
2021-04-20 02:14:50+00:00,1.0
2021-04-08 21:08:28+00:00,1.0
2021-04-21 20:36:00+00:00,1.0
2021-05-02 21:41:06+00:00,1.0
2021-04-16 15:03:19+00:00,2.0
2021-04-15 19:02:08+00:00,1.0
2021-05-01 16:57:10+00:00,0.0
2021-04-28 21:43:43+00:00,1.0
2021-04-28 07:15:47+00:00,0.0
2021-04-18 17:23:47+00:00,2.0
2021-04-27 03:24:09+00:00,0.0
2021-04-26 20:34:25+00:00,0.0
2021-04-07 21:33:38+00:00,1.0
2021-04-18 16:53:12+00:00,1.0
2021-04-11 09:18:30+00:00,2.0
2021-04-09 00:04:47+00:00,2.0
2021-04-07 02:31:05+00:00,1.0
2021-04-23 17:27:04+00:00,1.0
2021-04-21 05:41:57+00:00,0.0
2021-04-28 01:41:29+00:00,0.0
2021-04-30 17:41:28+00:00,0.0
2021-05-01 07:23:24+00:00,0.0
2021-04-22 19:34:15+00:00,0.0
2021-04-30 18:24:20+00:00,0.0
2021-04-28 17:57:46+00:00,1.0
2021-04-22 03:20:16+00:00,0.0
2021-04-10 02:20:04+00:00,1.95
2021-04-12 01:38:32+00:00,1.0
2021-04-30 10:00:47+00:00,0.0
2021-04-30 06:00:20+00:00,0.0
2021-04-16 07:18:40+00:00,1.0
2021-04-24 13:31:36+00:00,1.0
2021-04-29 02:54:58+00:00,0.0
2021-04-05 13:42:36+00:00,1.0
2021-04-08 13:02:00+00:00,1.0
2021-04-08 19:54:23+00:00,1.0
2021-04-18 02:25:45+00:00,1.0
2021-04-13 23:01:09+00:00,2.0
2021-04-17 04:55:17+00:00,0.0
2021-05-02 01:56:17+00:00,0.0
2021-04-15 06:51:49+00:00,2.0
2021-04-26 04:13:51+00:00,0.0
2021-04-08 05:12:34+00:00,1.0
2021-04-10 00:31:53+00:00,1.95
2021-04-13 09:42:47+00:00,1.0
2021-04-22 01:56:53+00:00,0.0
2021-04-26 22:21:40+00:00,0.0
2021-04-11 05:58:08+00:00,1.0
2021-04-17 21:17:19+00:00,1.0
2021-04-29 20:19:01+00:00,0.0
2021-04-30 17:58:56+00:00,0.0
2021-04-26 16:13:29+00:00,0.0
2021-05-03 06:24:31+00:00,1.0
2021-04-10 00:54:56+00:00,1.95
2021-04-13 02:18:39+00:00,1.0
2021-04-30 08:49:05+00:00,0.0
2021-04-13 13:27:14+00:00,2.0
2021-04-07 20:25:00+00:00,1.0
2021-04-12 03:12:50+00:00,2.0
2021-04-19 22:12:44+00:00,1.0
2021-04-07 01:05:46+00:00,1.0
2021-04-11 19:01:46+00:00,2.0
2021-04-08 13:16:57+00:00,1.0
2021-04-13 01:40:07+00:00,1.0
2021-04-22 19:46:44+00:00,0.0
2021-04-30 20:45:25+00:00,0.0
2021-04-24 20:21:01+00:00,1.0
2021-04-08 15:07:14+00:00,1.0
2021-04-10 13:18:29+00:00,1.95
2021-04-17 01:54:19+00:00,0.0
2021-04-17 12:12:57+00:00,0.0
2021-04-20 16:00:59+00:00,1.0
2021-04-25 17:13:36+00:00,1.0
2021-04-08 22:46:07+00:00,2.0
2021-04-08 02:18:39+00:00,1.0
2021-04-20 08:16:22+00:00,2.0
2021-04-24 12:49:00+00:00,2.0
2021-04-29 01:30:02+00:00,0.0
2021-04-21 14:15:53+00:00,0.0
2021-04-10 10:45:07+00:00,1.95
2021-05-02 02:21:14+00:00,0.0
2021-04-30 08:24:07+00:00,0.0
2021-04-15 10:25:14+00:00,2.0
2021-04-16 17:56:36+00:00,0.0
2021-04-21 15:37:12+00:00,31.0
2021-04-13 19:29:37+00:00,1.0
2021-05-02 03:16:03+00:00,0.0
2021-04-25 17:44:39+00:00,1.0
2021-04-11 09:11:33+00:00,1.0
2021-04-19 13:12:44+00:00,1.0
2021-04-27 18:34:20+00:00,0.0
2021-04-15 23:42:39+00:00,2.0
2021-04-23 23:19:01+00:00,1.0
2021-04-12 12:28:34+00:00,1.0
2021-05-03 11:38:03+00:00,1.0
2021-04-17 05:58:12+00:00,0.0
2021-04-30 16:41:00+00:00,0.0
2021-04-16 22:50:24+00:00,0.0
2021-04-08 21:10:21+00:00,1.0
2021-05-03 17:51:38+00:00,1.0
2021-04-23 20:46:44+00:00,1.0
2021-05-01 09:46:58+00:00,0.0
2021-04-11 09:37:46+00:00,1.0
2021-04-09 07:11:40+00:00,1.0
2021-05-01 04:16:57+00:00,0.0
2021-04-27 13:21:18+00:00,0.0
2021-04-21 21:46:52+00:00,0.0
2021-04-30 21:36:45+00:00,0.0
2021-04-16 23:54:16+00:00,0.0
2021-04-12 14:52:28+00:00,1.0
2021-04-12 04:37:42+00:00,2.0
2021-04-20 17:26:57+00:00,1.0
2021-04-10 09:03:27+00:00,1.95
2021-05-01 06:01:48+00:00,0.0
2021-04-18 15:07:17+00:00,1.0
2021-04-09 09:32:53+00:00,1.0
2021-04-26 12:18:29+00:00,0.0
2021-04-20 19:39:35+00:00,1.0
2021-04-21 08:17:57+00:00,0.0
2021-05-03 20:35:20+00:00,1.0
2021-05-01 22:25:07+00:00,0.0
2021-04-23 05:26:45+00:00,3.0
2021-04-20 08:04:42+00:00,2.0
2021-04-21 06:05:02+00:00,0.0
2021-04-19 04:33:00+00:00,2.0
2021-04-25 05:10:28+00:00,1.0
2021-05-03 23:51:45+00:00,1.0
2021-04-12 13:40:09+00:00,1.0
2021-04-18 13:08:14+00:00,2.0
2021-04-16 16:25:35+00:00,2.0
2021-04-25 15:17:30+00:00,1.0
2021-04-30 21:02:28+00:00,0.0
2021-04-08 06:30:00+00:00,1.0
2021-04-24 00:52:28+00:00,1.0
2021-04-10 14:39:06+00:00,1.95
2021-04-27 18:38:06+00:00,0.0
2021-04-07 03:41:55+00:00,1.0
2021-04-20 19:46:32+00:00,2.0
2021-04-24 15:14:39+00:00,1.0
2021-04-08 02:09:24+00:00,2.0
2021-04-24 21:24:10+00:00,1.0
2021-04-29 15:56:36+00:00,0.0
2021-04-23 18:24:59+00:00,1.0
2021-04-27 00:34:21+00:00,0.0
2021-04-21 00:27:10+00:00,0.0
2021-04-24 03:39:46+00:00,1.0
2021-04-13 00:21:51+00:00,1.0
2021-04-14 02:49:00+00:00,1.0
2021-04-12 01:21:29+00:00,1.0
2021-04-16 01:44:09+00:00,2.0
2021-04-29 19:56:17+00:00,0.0
2021-04-28 18:06:54+00:00,1.0
2021-04-27 11:25:20+00:00,0.0
2021-04-06 21:07:06+00:00,1.0
2021-04-15 08:59:49+00:00,2362.0
2021-04-20 11:43:01+00:00,1.0
2021-04-05 15:47:47+00:00,1.0
2021-04-19 08:33:18+00:00,2.0
2021-04-11 09:56:58+00:00,1.0
2021-04-17 17:00:13+00:00,0.0
2021-04-19 21:21:15+00:00,1.0
2021-04-26 16:58:38+00:00,0.0
2021-04-16 17:02:36+00:00,2.0
2021-04-26 01:43:33+00:00,0.0
2021-04-15 00:45:48+00:00,1.0
2021-04-11 16:06:55+00:00,2.0
2021-04-30 00:14:33+00:00,0.0
2021-04-10 15:23:37+00:00,147.0
2021-04-27 18:55:19+00:00,0.0
2021-04-21 00:02:34+00:00,0.0
2021-04-11 17:17:23+00:00,1.0
2021-04-28 22:39:17+00:00,0.0
2021-04-26 02:53:58+00:00,0.0
2021-04-15 02:36:34+00:00,1.0
2021-04-11 02:58:41+00:00,1.0
2021-04-13 14:11:45+00:00,1.0
2021-05-03 17:46:59+00:00,1.0
2021-04-20 14:31:06+00:00,1.0
2021-04-28 23:44:22+00:00,0.0
2021-04-07 17:07:30+00:00,1.0
2021-04-20 19:00:19+00:00,2.0
2021-04-22 03:48:47+00:00,0.0
2021-04-21 18:24:44+00:00,1.0
2021-05-01 01:50:20+00:00,0.0
2021-04-07 04:41:51+00:00,1.0
2021-05-01 08:39:54+00:00,0.0
2021-04-19 01:22:20+00:00,1.0
2021-04-28 08:49:21+00:00,106.0
2021-05-02 05:37:55+00:00,0.0
2021-04-24 19:41:35+00:00,1.0
2021-05-01 18:44:29+00:00,0.0
2021-04-24 19:42:57+00:00,1.0
2021-04-07 08:31:32+00:00,1.0
2021-04-20 01:52:03+00:00,1.0
2021-04-18 13:18:10+00:00,1.0
2021-04-23 23:11:25+00:00,1.0
2021-04-24 15:48:17+00:00,1.0
2021-04-22 17:02:04+00:00,0.0
2021-04-10 12:05:11+00:00,1.95
2021-04-24 20:16:05+00:00,1.0
2021-04-17 01:45:54+00:00,0.0
2021-04-11 04:16:27+00:00,2.0
2021-04-16 03:49:18+00:00,2.0
2021-04-22 19:23:21+00:00,0.0
2021-04-14 09:05:00+00:00,1.0
2021-04-30 15:34:28+00:00,0.0
2021-04-30 22:05:43+00:00,0.0
2021-04-07 12:12:37+00:00,1.0
2021-04-25 05:30:50+00:00,1.0
2021-04-21 08:14:28+00:00,0.0
2021-04-10 04:54:57+00:00,1.95
2021-04-12 18:28:36+00:00,1.0
2021-04-27 19:00:37+00:00,0.0
2021-04-16 19:41:42+00:00,0.0
2021-05-01 10:28:47+00:00,0.0
2021-04-06 17:29:25+00:00,1.0
2021-04-22 02:46:14+00:00,0.0
2021-04-30 02:14:39+00:00,0.0
2021-04-07 02:39:11+00:00,1.0
2021-04-29 11:47:22+00:00,0.0
2021-04-08 01:06:55+00:00,1.0
2021-04-14 18:18:07+00:00,1.0
2021-05-01 02:36:22+00:00,0.0
2021-04-07 17:24:09+00:00,1.0
2021-04-11 04:12:11+00:00,2.0
2021-04-12 16:59:46+00:00,1.0
2021-04-24 15:36:38+00:00,1.0
2021-04-20 13:59:34+00:00,1.0
2021-04-16 13:07:48+00:00,2.0
2021-04-22 12:07:28+00:00,0.0
2021-04-21 18:06:24+00:00,1.0
2021-04-17 21:31:33+00:00,2.0
2021-04-26 15:38:04+00:00,0.0
2021-04-08 15:59:47+00:00,1.0
2021-04-17 15:15:35+00:00,0.0
2021-04-06 16:23:30+00:00,1.0
2021-04-10 14:06:05+00:00,1.95
2021-04-08 10:23:47+00:00,1.0
2021-04-20 21:34:49+00:00,1.0
2021-04-30 16:37:11+00:00,0.0
2021-05-01 07:55:37+00:00,0.0
2021-04-22 06:20:17+00:00,0.0
2021-04-28 09:46:33+00:00,1.0
2021-04-14 14:42:41+00:00,1.0
2021-05-02 18:27:11+00:00,1.0
2021-04-23 13:54:34+00:00,2373.0
2021-04-27 22:08:57+00:00,0.0
2021-04-14 08:30:22+00:00,1.0
2021-04-25 08:03:04+00:00,1.0
2021-04-16 20:42:37+00:00,0.0
2021-04-08 07:21:28+00:00,1.0
2021-04-08 09:56:44+00:00,139.0
2021-05-02 22:08:30+00:00,1.0
2021-04-28 08:49:36+00:00,50.0
2021-04-20 04:56:58+00:00,2.0
2021-04-30 08:31:30+00:00,0.0
2021-05-02 07:19:52+00:00,0.0
2021-05-01 15:25:26+00:00,0.0
2021-05-02 17:20:43+00:00,1.0
2021-04-06 08:51:25+00:00,1.0
2021-04-10 19:26:38+00:00,1.0
2021-04-24 22:49:47+00:00,1.0
2021-05-03 16:26:49+00:00,1.0
2021-04-27 09:52:39+00:00,0.0
2021-04-23 01:53:21+00:00,3.0
2021-05-02 11:01:51+00:00,0.0
2021-04-05 21:04:56+00:00,1.0
2021-04-14 23:15:55+00:00,1.0
2021-04-13 03:18:47+00:00,1.0
2021-04-23 06:29:44+00:00,6.0
2021-04-19 23:40:28+00:00,1.5
2021-04-30 05:30:04+00:00,0.0
2021-04-29 22:16:46+00:00,0.0
2021-05-03 11:11:48+00:00,1.0
2021-04-15 09:16:31+00:00,114.0
2021-04-18 07:20:40+00:00,1.0
2021-04-08 06:17:49+00:00,1.0
2021-04-14 17:03:42+00:00,1.0
2021-04-25 04:20:34+00:00,1.0
2021-04-16 06:08:27+00:00,2.0
2021-04-30 16:29:53+00:00,0.0
2021-04-22 07:44:34+00:00,0.0
2021-04-15 11:23:40+00:00,2.0
2021-04-08 05:44:59+00:00,1.0
2021-04-07 16:14:40+00:00,1.0
2021-04-24 12:12:01+00:00,1.0
2021-04-21 14:19:08+00:00,0.0
2021-04-28 01:25:03+00:00,0.0
2021-04-23 20:42:31+00:00,1.0
2021-04-17 13:57:09+00:00,0.0
2021-04-26 11:29:40+00:00,0.0
2021-04-20 11:07:09+00:00,2.0
2021-04-21 02:50:45+00:00,0.0
2021-04-25 06:44:12+00:00,1.0
2021-05-03 19:41:10+00:00,1.0
2021-05-01 14:15:11+00:00,0.0
2021-04-11 19:52:49+00:00,2.0
2021-04-25 10:58:08+00:00,1.0
2021-04-09 02:18:07+00:00,1.0
2021-04-27 12:01:46+00:00,0.0
2021-04-17 19:29:18+00:00,1.0
2021-04-15 11:46:52+00:00,2.0
2021-04-07 12:53:51+00:00,1.0
2021-04-28 11:02:36+00:00,1.0
2021-04-07 18:22:25+00:00,1.0
2021-05-01 01:49:11+00:00,0.0
2021-04-24 04:31:46+00:00,1.0
2021-04-14 23:30:39+00:00,1.0
2021-04-17 08:37:03+00:00,0.0
2021-04-10 02:43:23+00:00,1.95
2021-04-30 06:30:40+00:00,0.0
2021-04-05 06:43:04+00:00,1.0
2021-04-16 23:22:05+00:00,0.0
2021-04-22 14:49:50+00:00,0.0
2021-04-24 01:46:15+00:00,1.0
2021-04-09 04:54:07+00:00,1.0
2021-04-12 07:52:06+00:00,1.0
2021-05-03 08:49:16+00:00,1.0
2021-04-24 05:03:05+00:00,1.0
2021-04-15 04:31:11+00:00,1.0
2021-04-21 21:21:09+00:00,2.0
2021-04-15 02:42:09+00:00,2.0
2021-04-16 00:59:43+00:00,2.0
2021-04-06 04:17:23+00:00,1.0
2021-04-12 03:04:06+00:00,1.0
2021-04-17 16:44:05+00:00,0.0
2021-04-05 16:52:46+00:00,1.0
2021-04-13 15:48:02+00:00,1.0
2021-04-15 11:42:14+00:00,1.0
2021-04-28 00:56:10+00:00,0.0
2021-04-25 09:30:49+00:00,82.0
2021-04-21 07:28:35+00:00,0.0
2021-04-20 08:59:50+00:00,1.0
2021-04-25 02:46:19+00:00,1.0
2021-04-27 23:40:45+00:00,0.0
2021-04-24 13:48:30+00:00,1.0
2021-04-27 15:03:21+00:00,0.0
2021-04-08 02:37:31+00:00,1.0
2021-04-18 02:00:59+00:00,1.0
2021-04-08 12:09:29+00:00,1.0
2021-04-07 09:20:00+00:00,1.0
2021-04-26 02:30:22+00:00,0.0
2021-04-26 17:25:00+00:00,0.0
2021-05-03 04:54:48+00:00,1.0
2021-04-06 00:31:42+00:00,1.0
2021-04-21 00:30:12+00:00,0.0
2021-04-06 16:00:52+00:00,1.0
2021-04-23 02:10:32+00:00,3.0
2021-04-21 07:40:19+00:00,0.0
2021-04-14 03:42:20+00:00,2.0
2021-04-12 12:59:37+00:00,1.0
2021-04-15 21:33:22+00:00,2.0
2021-04-26 19:43:01+00:00,0.0
2021-04-25 04:25:05+00:00,1.0
2021-04-17 14:24:41+00:00,0.0
2021-04-20 15:04:01+00:00,1.0
2021-05-01 02:14:30+00:00,0.0
2021-04-21 03:22:31+00:00,0.0
2021-05-03 04:23:48+00:00,1.0
2021-05-03 16:57:20+00:00,1.0
2021-04-16 07:11:14+00:00,1.0
2021-04-19 03:58:53+00:00,2.0
2021-04-09 02:14:38+00:00,1.0
2021-04-13 23:27:13+00:00,1.0
2021-04-14 13:26:03+00:00,2.0
2021-04-12 15:42:44+00:00,1.0
2021-04-17 12:01:11+00:00,0.0
2021-04-07 19:24:49+00:00,1.0
2021-04-11 02:18:41+00:00,1.0
2021-04-14 03:22:04+00:00,2.0
2021-04-19 06:37:50+00:00,2.0
2021-04-14 20:49:53+00:00,1.0
2021-04-25 19:16:41+00:00,0.0
2021-04-11 15:19:29+00:00,1.0
2021-04-25 17:15:29+00:00,1.0
2021-05-01 15:49:52+00:00,0.0
2021-05-01 07:56:08+00:00,0.0
2021-04-14 22:57:19+00:00,1.0
2021-04-19 12:43:35+00:00,2.0
2021-04-25 10:36:35+00:00,1.0
2021-04-17 15:49:01+00:00,0.0
2021-04-21 20:44:00+00:00,1.0
2021-04-22 22:09:44+00:00,6.0
2021-04-19 07:02:39+00:00,2.0
2021-04-19 00:16:36+00:00,2.0
2021-04-24 03:54:03+00:00,1.0
2021-04-11 17:12:14+00:00,1.0
2021-04-17 03:22:34+00:00,0.0
2021-04-12 17:44:47+00:00,1.0
2021-05-02 00:24:58+00:00,0.0
2021-05-03 05:54:13+00:00,1.0
2021-05-01 11:55:11+00:00,0.0
2021-05-02 16:10:53+00:00,1.0
2021-04-18 02:54:02+00:00,2.0
2021-04-24 10:28:09+00:00,1.0
2021-04-29 05:48:41+00:00,0.0
2021-04-16 04:45:02+00:00,2.0
2021-04-07 11:18:02+00:00,1.0
2021-04-28 23:18:11+00:00,0.0
2021-04-27 09:47:27+00:00,0.0
2021-04-20 22:24:15+00:00,0.0
2021-04-06 17:49:27+00:00,1.0
2021-04-24 22:43:39+00:00,1.0
2021-04-16 14:57:24+00:00,1.0
2021-05-03 01:36:32+00:00,1.0
2021-04-16 04:21:03+00:00,2.0
2021-04-05 17:25:13+00:00,1.0
2021-04-24 02:11:54+00:00,1.0
2021-04-16 07:06:29+00:00,1.0
2021-04-08 16:48:50+00:00,1.0
2021-04-23 19:16:37+00:00,1.0
2021-05-01 17:30:24+00:00,0.0
2021-04-19 10:19:11+00:00,2.0
2021-04-16 10:28:49+00:00,1.0
2021-04-17 10:34:24+00:00,0.0
2021-04-10 21:28:16+00:00,1.0
2021-04-17 12:44:45+00:00,0.0
2021-04-08 20:46:44+00:00,1.0
2021-05-01 16:22:38+00:00,0.0
2021-04-12 01:11:33+00:00,1.0
2021-04-13 10:50:48+00:00,1.0
2021-04-12 04:39:08+00:00,2.0
2021-04-05 12:05:22+00:00,1.0
2021-04-21 20:07:14+00:00,2.0
2021-04-07 08:05:28+00:00,1.0
2021-04-12 03:38:41+00:00,2.0
2021-04-30 23:32:28+00:00,0.0
2021-04-24 20:46:06+00:00,1.0
2021-04-15 10:44:36+00:00,1.0
2021-04-05 10:55:23+00:00,1.0
2021-05-02 23:17:35+00:00,1.0
2021-04-20 22:40:16+00:00,0.0
2021-04-06 21:09:52+00:00,1.0
2021-04-17 01:55:22+00:00,0.0
2021-04-06 00:21:57+00:00,1.0
2021-04-21 20:55:09+00:00,2.0
2021-04-27 08:37:33+00:00,0.0
2021-04-22 23:21:14+00:00,3.0
2021-04-07 14:50:53+00:00,1.0
2021-04-14 04:55:18+00:00,2.0
2021-04-11 10:19:23+00:00,1.0
2021-04-12 04:43:04+00:00,1.0
2021-04-13 11:47:54+00:00,2.0
2021-04-26 22:13:54+00:00,0.0
2021-04-27 03:35:57+00:00,0.0
2021-04-28 01:05:34+00:00,0.0
2021-04-05 01:02:42+00:00,1.0
2021-04-29 06:01:04+00:00,0.0
2021-04-24 16:28:30+00:00,1.0
2021-04-13 02:16:02+00:00,1.0
2021-04-14 01:24:49+00:00,1.0
2021-04-17 08:38:25+00:00,0.0
2021-04-21 00:06:09+00:00,0.0
2021-05-01 20:43:22+00:00,0.0
2021-04-10 20:12:20+00:00,1.25
2021-04-23 20:43:30+00:00,1.0
2021-04-27 20:02:18+00:00,0.0
2021-04-29 14:34:22+00:00,0.0
2021-04-06 18:28:46+00:00,1.0
2021-04-15 23:40:09+00:00,1.0
2021-04-17 09:12:32+00:00,0.0
2021-04-12 20:27:27+00:00,1.0
2021-04-30 20:10:24+00:00,0.0
2021-04-06 08:27:47+00:00,1.0
2021-04-08 19:46:09+00:00,1.0
2021-04-22 16:34:00+00:00,0.0
2021-04-30 00:55:43+00:00,0.0
2021-05-01 12:36:29+00:00,0.0
2021-04-07 00:28:11+00:00,1.0
2021-04-12 05:47:53+00:00,1.0
2021-04-12 16:01:04+00:00,1.0
2021-04-06 00:15:01+00:00,1.0
2021-04-05 02:41:07+00:00,1.0
2021-04-25 08:20:10+00:00,1.0
2021-05-01 00:14:48+00:00,0.0
2021-04-15 21:32:11+00:00,1.0
2021-04-27 12:42:40+00:00,0.0
2021-04-09 20:36:16+00:00,2.0
2021-05-03 03:22:30+00:00,1.0
2021-04-23 00:14:19+00:00,3.0
2021-04-17 22:45:16+00:00,2.0
2021-04-22 04:13:42+00:00,0.0
2021-04-23 10:41:21+00:00,38.5
2021-04-10 01:20:02+00:00,1.95
2021-05-02 22:32:44+00:00,1.0
2021-04-09 13:57:49+00:00,1.0
2021-04-13 03:42:55+00:00,1.0
2021-04-17 16:08:56+00:00,0.0
2021-04-27 23:09:28+00:00,0.0
2021-04-15 11:54:58+00:00,1.0
2021-04-21 20:25:10+00:00,2.0
2021-04-20 09:46:27+00:00,1.0
2021-04-15 06:04:25+00:00,1.5
2021-04-27 15:40:26+00:00,0.0
2021-04-15 10:25:50+00:00,1.0
2021-04-18 03:32:18+00:00,2.0
2021-04-28 14:25:38+00:00,1.0
2021-04-26 21:18:21+00:00,0.0
2021-04-27 12:03:01+00:00,0.0
2021-04-21 04:17:19+00:00,0.0
2021-04-27 06:52:33+00:00,0.0
2021-04-14 13:20:55+00:00,1.0
2021-04-14 21:03:52+00:00,2.0
2021-04-18 12:38:59+00:00,1.0
2021-04-17 01:44:28+00:00,0.0
2021-05-02 10:07:57+00:00,0.0
2021-04-13 09:05:45+00:00,1.0
2021-04-22 11:06:50+00:00,0.0
2021-04-24 21:55:23+00:00,1.0
2021-04-08 07:43:45+00:00,1.0
2021-04-10 05:05:15+00:00,1.95
2021-04-14 00:19:47+00:00,2.0
2021-04-20 10:33:51+00:00,1.0
2021-04-09 13:24:05+00:00,1.0
2021-04-24 07:22:19+00:00,1.0
2021-05-01 15:35:04+00:00,0.0
2021-04-22 02:58:07+00:00,0.0
2021-04-27 11:40:56+00:00,0.0
2021-04-28 04:04:13+00:00,0.0
2021-04-17 03:36:16+00:00,0.0
2021-04-12 03:39:29+00:00,1.0
2021-04-19 16:19:31+00:00,2.0
2021-04-30 18:42:46+00:00,0.0
2021-04-17 13:03:34+00:00,0.0
2021-04-29 22:54:25+00:00,0.0
2021-04-19 13:04:17+00:00,2.0
2021-04-18 19:50:27+00:00,2.0
2021-04-12 06:53:17+00:00,2.0
2021-04-11 03:56:12+00:00,1.0
2021-04-12 09:48:00+00:00,1.0
2021-04-18 16:09:49+00:00,1.0
2021-04-05 15:45:27+00:00,1.0
2021-04-14 00:30:09+00:00,1.0
2021-04-08 20:58:46+00:00,1.0
2021-05-03 05:56:13+00:00,1.0
2021-04-18 20:23:43+00:00,1.0
2021-05-01 22:29:08+00:00,0.0
2021-04-25 09:47:02+00:00,25.0
2021-04-29 14:08:10+00:00,0.0
2021-04-24 21:55:38+00:00,1.0
2021-04-15 17:48:53+00:00,2.0
2021-04-14 10:29:24+00:00,2.0
2021-04-19 20:58:16+00:00,2.0
2021-04-09 00:45:07+00:00,2.0
2021-04-27 02:31:44+00:00,0.0
2021-04-29 22:24:40+00:00,0.0
2021-04-28 02:59:19+00:00,0.0
2021-04-21 20:55:07+00:00,2.0
2021-04-13 16:24:47+00:00,1.0
2021-04-17 18:52:44+00:00,2.0
2021-04-28 15:33:19+00:00,1.0
2021-04-29 02:26:02+00:00,0.0
2021-04-25 22:11:25+00:00,0.0
2021-04-10 11:28:47+00:00,1.95
2021-04-16 05:51:54+00:00,2.0
2021-04-20 04:36:36+00:00,1.0
2021-04-24 18:26:04+00:00,1.0
2021-04-13 15:02:32+00:00,1.0
2021-04-10 00:11:04+00:00,1.95
2021-05-02 15:02:17+00:00,1.0
2021-04-22 22:40:40+00:00,3.0
2021-04-18 15:09:33+00:00,1.0
2021-04-28 04:32:33+00:00,0.0
2021-04-12 11:02:25+00:00,1.0
2021-04-17 13:47:35+00:00,0.0
2021-04-09 07:48:31+00:00,1.0
2021-04-20 10:21:20+00:00,1.0
2021-04-17 07:33:25+00:00,0.0
2021-04-26 20:57:16+00:00,0.0
2021-04-27 11:41:57+00:00,0.0
2021-04-06 08:47:49+00:00,1.0
2021-04-14 17:51:24+00:00,1.0
2021-04-15 18:20:27+00:00,2.0
2021-04-28 12:28:57+00:00,1.0
2021-04-11 04:18:21+00:00,2.0
2021-04-05 14:14:55+00:00,1.0
2021-04-29 02:17:26+00:00,0.0
2021-04-19 21:35:01+00:00,1.0
2021-04-10 11:45:49+00:00,1.95
2021-04-06 02:49:59+00:00,1.0
2021-04-26 10:12:31+00:00,0.0
2021-04-23 11:56:25+00:00,88.0
2021-05-01 21:55:36+00:00,0.0
2021-04-20 18:06:13+00:00,2.0
2021-04-08 22:44:28+00:00,2.0
2021-04-06 16:22:16+00:00,1.0
2021-04-24 13:36:28+00:00,1.0
2021-04-17 10:18:44+00:00,0.0
2021-04-05 11:54:48+00:00,1.0
2021-04-27 18:12:56+00:00,0.0
2021-04-29 08:44:46+00:00,0.0
2021-05-02 01:39:03+00:00,0.0
2021-04-27 19:24:23+00:00,0.0
2021-04-24 12:24:15+00:00,1.0
2021-04-18 07:15:15+00:00,2.0
2021-04-21 18:35:22+00:00,1.0
2021-04-05 23:25:05+00:00,1.0
2021-04-21 13:10:20+00:00,0.0
2021-05-01 22:24:11+00:00,0.0
2021-04-08 14:06:58+00:00,1.0
2021-04-19 23:51:27+00:00,1.0
2021-04-13 15:58:34+00:00,1.0
2021-04-18 23:04:48+00:00,1.0
2021-04-30 20:53:29+00:00,0.0
2021-05-01 03:36:55+00:00,0.0
2021-04-24 10:31:25+00:00,1.0
2021-04-26 08:43:45+00:00,0.0
2021-04-13 03:24:53+00:00,1.0
2021-05-03 18:35:12+00:00,1.0
2021-04-13 11:42:38+00:00,1.0
2021-04-18 02:28:06+00:00,2.0
2021-04-23 19:59:30+00:00,1.0
2021-04-25 23:02:58+00:00,0.0
2021-04-28 11:33:27+00:00,1.0
2021-04-17 17:12:58+00:00,0.0
2021-04-06 23:03:31+00:00,1.0
2021-04-06 23:52:37+00:00,1.0
2021-04-08 08:57:52+00:00,1.0
2021-04-23 13:39:10+00:00,2518.0
2021-04-24 23:25:15+00:00,1.0
2021-04-28 00:53:11+00:00,0.0
2021-04-27 11:50:43+00:00,0.0
2021-04-18 00:07:32+00:00,1.0
2021-04-26 11:23:10+00:00,0.0
2021-04-29 23:49:23+00:00,0.0
2021-04-13 20:40:16+00:00,1.0
2021-04-06 18:38:25+00:00,1.0
2021-04-05 17:14:09+00:00,1.0
2021-04-12 16:45:00+00:00,1.0
2021-04-22 06:20:52+00:00,0.0
2021-04-21 06:03:47+00:00,0.0
2021-04-29 23:34:56+00:00,0.0
2021-04-15 22:54:07+00:00,1.0
2021-04-21 03:58:24+00:00,0.0
2021-04-23 21:59:00+00:00,1.0
2021-04-12 21:36:33+00:00,1.0
2021-04-18 06:57:55+00:00,1.0
2021-04-24 01:20:48+00:00,1.0
2021-04-30 19:41:59+00:00,0.0
2021-04-18 03:13:36+00:00,1.0
2021-04-11 06:51:54+00:00,1.0
2021-04-07 10:32:09+00:00,1.0
2021-04-05 02:51:23+00:00,1.0
2021-04-19 08:26:07+00:00,1.0
2021-04-16 19:36:54+00:00,0.0
2021-04-29 12:38:56+00:00,0.0
2021-04-24 08:18:33+00:00,1.0
2021-05-02 19:17:36+00:00,1.0
2021-04-10 08:12:19+00:00,1.95
2021-05-03 00:47:07+00:00,1.0
2021-04-10 12:26:11+00:00,1.95
2021-04-30 06:49:25+00:00,0.0
2021-05-03 13:52:15+00:00,1.0
2021-04-06 03:12:42+00:00,1.0
2021-04-17 18:25:27+00:00,1.0
2021-04-09 15:39:41+00:00,1.0
2021-04-20 09:16:58+00:00,2.0
2021-04-11 15:32:49+00:00,1.0
2021-04-21 05:40:03+00:00,0.0
2021-04-05 06:09:41+00:00,1.0
2021-04-13 20:55:03+00:00,1.0
2021-05-03 22:08:11+00:00,1.0
2021-04-23 10:08:12+00:00,5.0
2021-04-05 09:32:51+00:00,1.0
2021-04-18 03:25:04+00:00,1.0
2021-04-05 16:39:09+00:00,1.0
2021-04-08 04:48:40+00:00,1.0
2021-04-23 15:23:01+00:00,1.0
2021-04-25 21:57:27+00:00,0.0
2021-04-22 02:56:50+00:00,0.0
2021-04-13 19:47:03+00:00,1.0
2021-04-14 05:52:39+00:00,2.0
2021-04-18 08:28:26+00:00,1.0
2021-04-26 10:37:59+00:00,0.0
2021-04-16 16:10:09+00:00,2.0
2021-04-12 04:10:15+00:00,2.0
2021-04-15 06:49:00+00:00,1.0
2021-04-26 04:19:42+00:00,0.0
2021-04-10 14:40:13+00:00,1.95
2021-04-13 13:23:54+00:00,1.0
2021-05-03 06:50:52+00:00,1.0
2021-05-01 23:22:50+00:00,0.0
2021-04-20 09:02:34+00:00,1.0
2021-04-07 03:44:58+00:00,1.0
2021-04-27 00:32:08+00:00,0.0
2021-04-20 02:34:19+00:00,1.0
2021-04-13 05:05:49+00:00,1.0
2021-04-09 17:12:11+00:00,1.0
2021-04-30 05:45:48+00:00,0.0
2021-04-07 22:09:23+00:00,1.0
2021-04-05 18:15:39+00:00,1.0
2021-04-18 17:13:41+00:00,1.0
2021-04-28 05:41:40+00:00,0.0
2021-05-02 23:03:49+00:00,1.0
2021-04-10 03:21:16+00:00,1.95
2021-04-20 23:25:47+00:00,0.0
2021-04-22 09:48:50+00:00,0.0
2021-04-14 12:48:47+00:00,1.0
2021-04-14 04:50:21+00:00,1.0
2021-04-23 21:08:15+00:00,1.0
2021-04-24 20:08:07+00:00,1.0
2021-04-05 22:31:55+00:00,1.0
2021-05-03 08:01:19+00:00,1.0
2021-04-14 21:46:48+00:00,1.0
2021-04-09 09:38:55+00:00,1.0
2021-04-21 08:07:52+00:00,0.0
2021-04-22 09:18:34+00:00,0.0
2021-04-08 06:17:41+00:00,1.0
2021-05-01 20:58:30+00:00,0.0
2021-04-11 06:24:26+00:00,2.0
2021-04-16 05:05:37+00:00,2.0
2021-04-30 09:26:37+00:00,0.0
2021-04-08 02:04:08+00:00,1.0
2021-04-13 23:58:33+00:00,2.0
2021-04-19 02:10:25+00:00,1.0
2021-04-22 14:11:14+00:00,0.0
2021-04-26 21:37:20+00:00,0.0
2021-04-06 11:29:06+00:00,1.0
2021-04-10 18:30:43+00:00,2.0
2021-04-25 12:22:39+00:00,1.0
2021-04-12 13:41:10+00:00,2.0
2021-05-03 21:55:23+00:00,1.0
2021-04-22 14:39:11+00:00,0.0
2021-05-02 09:52:22+00:00,0.0
2021-05-03 15:34:57+00:00,1.0
2021-04-19 06:00:51+00:00,2.0
2021-04-05 14:03:41+00:00,1.0
2021-04-29 04:33:41+00:00,0.0
2021-04-30 09:35:23+00:00,0.0
2021-04-23 13:49:12+00:00,2529.0
2021-04-19 16:37:14+00:00,1.0
2021-04-07 01:42:33+00:00,1.0
2021-04-16 14:56:44+00:00,1.0
2021-04-22 08:33:24+00:00,0.0
2021-04-05 13:08:48+00:00,1.0
2021-04-29 19:33:45+00:00,0.0
2021-04-27 14:20:44+00:00,0.0
2021-04-27 05:46:16+00:00,0.0
2021-05-03 22:30:17+00:00,1.0
2021-04-24 04:50:43+00:00,1.0
2021-04-09 04:10:25+00:00,2.0
2021-05-02 09:40:42+00:00,0.0
2021-04-13 04:04:51+00:00,1.0
2021-04-18 01:32:20+00:00,1.0
2021-04-22 17:34:16+00:00,0.0
2021-04-16 07:20:46+00:00,2.0
2021-04-28 13:42:55+00:00,1.0
2021-04-26 23:27:22+00:00,0.0
2021-04-09 00:21:25+00:00,2.0
2021-04-19 11:31:08+00:00,1.0
2021-05-01 16:32:03+00:00,0.0
2021-04-30 12:59:03+00:00,0.0
2021-04-23 23:27:00+00:00,1.0
2021-04-10 04:27:46+00:00,1.95
2021-05-02 04:47:49+00:00,0.0
2021-04-18 14:11:15+00:00,1.0
2021-04-09 07:12:55+00:00,1.0
2021-04-28 13:19:36+00:00,1.0
2021-05-02 20:04:19+00:00,1.0
2021-04-12 01:38:49+00:00,2.0
2021-04-26 18:55:09+00:00,0.0
2021-04-05 10:02:26+00:00,1.0
2021-04-13 17:58:39+00:00,2.0
2021-04-11 20:08:16+00:00,1.0
2021-04-10 12:29:49+00:00,1.95
2021-04-30 09:24:16+00:00,0.0
2021-04-29 10:37:25+00:00,0.0
2021-05-03 08:12:39+00:00,1.0
2021-04-14 15:10:51+00:00,1.0
2021-04-18 17:11:19+00:00,1.0
2021-04-15 06:35:12+00:00,1.0
2021-04-07 13:54:32+00:00,1.0
2021-05-02 00:54:55+00:00,0.0
2021-04-12 18:39:19+00:00,1.0
2021-04-05 22:49:17+00:00,1.0
2021-05-03 15:41:14+00:00,1.0
2021-04-17 06:49:27+00:00,0.0
2021-04-26 13:52:47+00:00,0.0
2021-04-24 03:25:40+00:00,1.0
2021-04-07 12:54:46+00:00,1.0
2021-04-25 07:20:49+00:00,1.0
2021-04-27 18:29:39+00:00,0.0
2021-04-29 12:38:53+00:00,0.0
2021-04-23 04:06:56+00:00,3.0
2021-04-16 00:41:47+00:00,1.0
2021-05-02 23:48:25+00:00,1.0
2021-04-13 15:13:27+00:00,2.0
2021-04-29 13:25:44+00:00,0.0
2021-04-13 10:17:15+00:00,1.0
2021-04-18 15:14:23+00:00,1.0
2021-04-24 23:07:41+00:00,1.0
2021-04-07 03:45:32+00:00,1.0
2021-04-10 06:41:30+00:00,1.95
2021-04-24 15:53:24+00:00,1.0
2021-04-19 20:10:07+00:00,1.0
2021-04-10 10:09:48+00:00,1.95
2021-04-30 00:07:19+00:00,0.0
2021-05-02 16:49:57+00:00,1.0
2021-04-09 21:14:00+00:00,1.0
2021-04-21 18:38:44+00:00,1.0
2021-04-18 10:37:10+00:00,1.0
2021-05-02 20:32:34+00:00,1.0
2021-04-12 02:53:57+00:00,1.0
2021-04-26 22:45:48+00:00,0.0
2021-04-17 07:54:02+00:00,0.0
2021-05-01 16:14:54+00:00,0.0
2021-04-24 21:49:54+00:00,1.0
2021-04-19 04:22:46+00:00,2.0
2021-04-18 00:48:51+00:00,1.0
2021-05-01 09:11:23+00:00,0.0
2021-04-27 19:32:36+00:00,0.0
2021-04-21 21:34:23+00:00,0.0
2021-04-17 17:38:01+00:00,1.0
2021-05-02 13:14:56+00:00,98.0
2021-04-22 22:10:14+00:00,6.0
2021-04-08 19:51:41+00:00,1.0
2021-04-08 21:49:38+00:00,2.0
2021-04-18 09:41:42+00:00,2.0
2021-04-11 16:12:38+00:00,1.0
2021-05-01 23:05:12+00:00,0.0
2021-04-28 07:29:22+00:00,0.0
2021-04-24 18:30:44+00:00,1.0
2021-04-10 12:07:09+00:00,1.95
2021-04-24 21:52:50+00:00,1.0
2021-05-03 05:58:28+00:00,1.0
2021-04-27 15:45:16+00:00,0.0
2021-04-21 18:38:16+00:00,1.0
2021-05-02 20:25:15+00:00,1.0
2021-04-10 16:19:22+00:00,14.0
2021-04-13 23:43:26+00:00,1.0
2021-04-24 21:18:22+00:00,1.0
2021-04-22 09:21:02+00:00,0.0
2021-04-15 05:54:05+00:00,2.0
2021-04-27 11:52:33+00:00,0.0
2021-04-26 10:05:56+00:00,0.0
2021-04-11 19:23:12+00:00,1.0
2021-04-14 21:13:20+00:00,1.0
2021-04-28 04:34:07+00:00,0.0
2021-04-04 23:23:39+00:00,1.0
2021-04-29 01:43:06+00:00,0.0
2021-04-22 05:29:31+00:00,0.0
2021-04-24 17:49:36+00:00,1.0
2021-04-26 21:35:51+00:00,0.0
2021-04-11 14:13:20+00:00,1.0
2021-04-19 21:21:19+00:00,1.0
2021-04-24 08:21:24+00:00,1.0
2021-04-15 08:33:51+00:00,2.0
2021-04-25 15:19:40+00:00,1.0
2021-04-20 22:56:10+00:00,0.0
2021-04-05 08:24:51+00:00,1.0
2021-04-27 23:35:16+00:00,0.0
2021-04-22 04:15:32+00:00,0.0
2021-04-12 11:02:31+00:00,2.0
2021-05-02 03:55:11+00:00,0.0
2021-04-10 17:57:23+00:00,1.0
2021-05-01 07:47:32+00:00,0.0
2021-04-17 09:22:27+00:00,0.0
2021-04-27 21:58:55+00:00,0.0
2021-04-13 02:31:46+00:00,1.0
2021-04-06 10:07:16+00:00,1.0
2021-04-21 19:52:36+00:00,2.0
2021-04-21 18:01:33+00:00,1.0
2021-04-22 09:50:55+00:00,0.0
2021-04-23 00:13:47+00:00,3.0
2021-04-06 02:27:34+00:00,1.0
2021-04-08 00:09:23+00:00,1.0
2021-04-17 17:57:36+00:00,2.0
2021-04-19 09:47:09+00:00,1.0
2021-04-14 19:12:50+00:00,1.0
2021-04-17 09:40:25+00:00,0.0
2021-04-11 19:17:31+00:00,1.0
2021-04-27 14:00:35+00:00,0.0
2021-04-19 21:27:47+00:00,1.0
2021-04-07 06:37:19+00:00,1.0
2021-04-23 06:22:07+00:00,3.0
2021-04-06 16:07:03+00:00,1.0
2021-04-29 23:24:24+00:00,0.0
2021-04-06 14:12:40+00:00,1.0
2021-04-05 07:11:18+00:00,1.0
2021-04-26 00:50:00+00:00,0.0
2021-04-05 00:52:01+00:00,1.0
2021-04-26 05:31:52+00:00,0.0
2021-04-24 07:32:11+00:00,1.0
2021-04-17 09:54:46+00:00,0.0
2021-04-11 20:50:51+00:00,1.0
2021-04-17 11:48:35+00:00,0.0
2021-04-10 18:04:55+00:00,1.0
2021-04-30 11:10:41+00:00,0.0
2021-04-05 13:21:47+00:00,1.0
2021-04-16 22:47:00+00:00,0.0
2021-05-03 11:13:10+00:00,1.0
2021-04-17 01:36:26+00:00,0.0
2021-04-15 23:49:06+00:00,1.0
2021-04-16 00:25:10+00:00,2.0
2021-04-15 09:20:36+00:00,148.0
2021-04-27 11:43:25+00:00,0.0
2021-04-13 04:20:44+00:00,1.0
2021-05-02 02:29:56+00:00,0.0
2021-04-25 13:40:02+00:00,1.0
2021-05-02 00:20:31+00:00,0.0
2021-04-21 10:24:30+00:00,0.0
2021-04-22 22:02:22+00:00,0.0
2021-04-12 07:09:03+00:00,2.0
2021-04-07 10:21:44+00:00,1.0
2021-04-12 08:30:02+00:00,1.0
2021-04-26 15:47:00+00:00,0.0
2021-04-09 04:00:29+00:00,2.0
2021-04-23 09:10:22+00:00,8.5
2021-04-11 12:54:45+00:00,1.0
2021-04-15 20:21:43+00:00,1.0
2021-04-14 18:17:25+00:00,1.5
2021-04-30 21:05:56+00:00,0.0
2021-04-05 02:48:42+00:00,1.0
2021-04-13 05:10:31+00:00,1.0
2021-04-13 04:47:07+00:00,1.0
2021-04-15 21:24:23+00:00,1.0
2021-04-19 03:38:47+00:00,2.0
2021-04-30 16:12:06+00:00,0.0
2021-04-06 12:37:08+00:00,1.0
2021-04-16 03:03:11+00:00,1.0
2021-04-28 00:34:11+00:00,0.0
2021-04-30 22:46:48+00:00,0.0
2021-04-08 21:38:47+00:00,1.0
2021-04-27 23:15:32+00:00,0.0
2021-04-07 15:19:27+00:00,1.0
2021-05-02 15:49:28+00:00,1.0
2021-04-05 22:25:15+00:00,1.0
2021-04-14 10:07:34+00:00,1.0
2021-04-28 20:26:05+00:00,1.0
2021-04-08 15:35:21+00:00,1.0
2021-04-26 08:11:21+00:00,0.0
2021-04-07 15:29:56+00:00,1.0
2021-04-29 05:35:12+00:00,0.0
2021-04-12 19:27:19+00:00,1.0
2021-04-18 03:11:33+00:00,1.0
2021-04-25 23:23:47+00:00,0.0
2021-04-08 01:00:19+00:00,1.0
2021-04-20 11:27:48+00:00,1.0
2021-04-29 04:55:20+00:00,0.0
2021-05-03 02:38:11+00:00,1.0
2021-05-01 15:33:16+00:00,0.0
2021-04-05 21:07:11+00:00,1.0
2021-04-13 19:52:13+00:00,2.0
2021-04-17 19:34:27+00:00,1.0
2021-05-02 19:22:55+00:00,1.0
2021-04-11 10:21:37+00:00,2.0
2021-04-22 15:35:06+00:00,0.0
2021-04-06 00:57:57+00:00,1.0
2021-04-20 05:45:35+00:00,2.0
2021-04-05 02:04:41+00:00,1.0
2021-04-29 06:14:24+00:00,0.0
2021-04-10 23:09:32+00:00,1.0
2021-04-07 10:15:05+00:00,1.0
2021-04-19 15:01:54+00:00,2.0
2021-04-23 13:44:00+00:00,2518.0
2021-04-10 20:07:19+00:00,1.0
2021-04-17 11:43:05+00:00,0.0
2021-04-30 01:04:22+00:00,0.0
2021-04-06 21:12:14+00:00,1.0
2021-04-24 06:29:25+00:00,1.0
2021-04-16 18:11:31+00:00,0.0
2021-04-16 14:36:19+00:00,1.0
2021-04-23 03:11:05+00:00,2.0
2021-04-10 07:13:10+00:00,1.95
2021-04-10 11:51:37+00:00,1.95
2021-04-07 04:27:31+00:00,1.0
2021-04-27 14:31:56+00:00,0.0
2021-04-17 20:06:43+00:00,2.0
2021-05-03 11:30:42+00:00,1.0
2021-05-03 03:55:18+00:00,1.0
2021-04-20 23:14:10+00:00,0.0
2021-04-16 00:26:40+00:00,1.0
2021-04-18 23:47:51+00:00,2.0
2021-04-22 10:05:31+00:00,0.0
2021-04-15 03:45:48+00:00,2.0
2021-04-13 05:44:33+00:00,1.0
2021-04-14 19:33:55+00:00,1.0
2021-04-29 16:43:06+00:00,0.0
2021-04-14 07:55:09+00:00,2.0
2021-04-09 09:40:13+00:00,2.0
2021-05-01 14:55:34+00:00,0.0
2021-04-21 01:06:59+00:00,0.0
2021-04-09 18:33:50+00:00,1.0
2021-04-15 17:20:51+00:00,1.0
2021-04-24 23:56:56+00:00,1.0
2021-04-10 10:44:09+00:00,1.95
2021-04-25 11:23:15+00:00,1.0
2021-04-30 08:19:05+00:00,0.0
2021-04-06 10:40:20+00:00,1.0
2021-04-11 01:47:42+00:00,1.0
2021-04-23 21:55:55+00:00,1.0
2021-04-11 15:11:00+00:00,1.0
2021-04-18 10:51:47+00:00,1.0
2021-04-17 16:33:50+00:00,0.0
2021-04-08 11:28:29+00:00,1.0
2021-04-16 07:10:36+00:00,1.0
2021-04-15 21:33:28+00:00,2.0
2021-05-03 03:08:57+00:00,1.0
2021-04-17 04:18:43+00:00,0.0
2021-04-30 20:53:56+00:00,0.0
2021-04-30 22:27:41+00:00,0.0
2021-04-13 15:40:31+00:00,1.0
2021-04-28 07:51:04+00:00,0.0
2021-04-24 16:51:15+00:00,1.0
2021-04-08 11:18:33+00:00,1.0
2021-04-18 17:18:17+00:00,1.0
2021-04-18 18:59:14+00:00,1.0
2021-05-03 14:04:15+00:00,1.0
2021-04-21 11:14:46+00:00,0.0
2021-04-27 18:09:31+00:00,0.0
2021-04-29 08:39:52+00:00,0.0
2021-04-22 07:16:35+00:00,0.0
2021-04-19 00:09:50+00:00,1.0
2021-04-28 09:51:16+00:00,1.0
2021-04-07 16:38:19+00:00,1.0
2021-04-15 01:23:02+00:00,2.0
2021-04-09 10:03:08+00:00,1.0
2021-04-24 17:19:55+00:00,1.0
2021-04-23 10:22:16+00:00,1.0
2021-04-25 12:32:03+00:00,1.0
2021-04-10 08:47:26+00:00,1.95
2021-04-27 00:43:04+00:00,0.0
2021-04-13 00:02:34+00:00,1.0
2021-04-16 18:49:22+00:00,0.0
2021-04-28 01:57:16+00:00,0.0
2021-04-14 08:50:19+00:00,1.0
2021-04-16 18:37:31+00:00,0.0
2021-04-10 10:52:04+00:00,1.95
2021-04-30 04:49:35+00:00,0.0
2021-04-06 19:35:51+00:00,1.0
2021-05-03 13:16:20+00:00,1.0
2021-04-17 17:01:34+00:00,0.0
2021-04-12 10:53:26+00:00,1.0
2021-04-27 16:20:42+00:00,0.0
2021-04-20 12:37:47+00:00,2.0
2021-04-28 14:28:49+00:00,1.0
2021-04-06 06:03:36+00:00,1.0
2021-04-18 11:30:15+00:00,2.0
2021-05-01 11:00:49+00:00,0.0
2021-04-05 18:30:38+00:00,1.0
2021-04-23 21:14:00+00:00,1.0
2021-05-01 13:47:27+00:00,0.0
2021-04-12 07:07:12+00:00,1.0
2021-04-11 17:02:38+00:00,1.0
2021-04-16 02:52:30+00:00,1.0
2021-05-01 03:45:42+00:00,0.0
2021-04-05 12:50:25+00:00,1.0
2021-05-03 16:50:20+00:00,1.0
2021-04-11 09:28:00+00:00,2.0
2021-04-07 17:27:36+00:00,1.0
2021-05-01 22:38:51+00:00,0.0
2021-04-15 06:07:34+00:00,1.0
2021-04-22 06:37:39+00:00,0.0
2021-04-18 16:38:53+00:00,1.0
2021-04-22 09:49:04+00:00,0.0
2021-04-07 11:11:07+00:00,1.0
2021-04-25 18:12:50+00:00,1.0
2021-04-10 16:13:57+00:00,128.0
2021-04-17 23:39:38+00:00,1.0
2021-04-11 10:20:44+00:00,2.0
2021-04-16 19:42:40+00:00,0.0
2021-05-02 12:57:31+00:00,0.0
2021-04-08 20:42:58+00:00,1.0
2021-04-30 03:06:40+00:00,0.0
2021-04-15 07:42:23+00:00,2.0
2021-04-25 06:44:38+00:00,1.0
2021-04-13 01:14:58+00:00,1.0
2021-04-08 00:38:19+00:00,1.0
2021-04-08 14:09:47+00:00,1.0
2021-04-16 22:19:14+00:00,0.0
2021-04-25 10:06:37+00:00,485.0
2021-04-12 07:28:56+00:00,2.0
2021-04-21 19:04:18+00:00,1.0
2021-04-21 13:49:45+00:00,0.0
2021-04-25 06:34:27+00:00,1.0
2021-04-16 07:14:10+00:00,1.0
2021-04-30 00:29:50+00:00,0.0
2021-04-21 23:36:47+00:00,0.0
2021-04-15 20:43:13+00:00,1.0
2021-04-14 11:56:48+00:00,1.0
2021-04-17 23:56:21+00:00,1.0
2021-04-29 06:48:43+00:00,0.0
2021-04-27 10:34:35+00:00,0.0
2021-04-12 18:28:57+00:00,1.0
2021-04-10 21:59:18+00:00,1.0
2021-04-21 02:58:05+00:00,0.0
2021-04-13 07:23:38+00:00,1.0
2021-04-16 12:34:48+00:00,1.0
2021-04-12 18:51:39+00:00,1.0
2021-04-15 17:23:34+00:00,1.0
2021-04-12 16:29:17+00:00,1.0
2021-04-10 22:12:22+00:00,1.0
2021-04-26 18:57:47+00:00,0.0
2021-05-03 00:44:02+00:00,1.0
2021-04-17 14:14:55+00:00,0.0
2021-04-17 12:09:16+00:00,0.0
2021-04-12 10:05:28+00:00,1.0
2021-04-22 23:29:51+00:00,3.0
2021-04-19 17:38:45+00:00,2.0
2021-04-18 18:35:43+00:00,1.0
2021-04-20 02:32:08+00:00,2.0
2021-04-28 03:24:54+00:00,0.0
2021-04-22 17:46:13+00:00,0.0
2021-04-28 18:07:04+00:00,1.0
2021-05-02 23:59:26+00:00,1.0
2021-04-17 16:39:08+00:00,0.0
2021-04-17 05:55:23+00:00,0.0
2021-04-08 08:59:02+00:00,1.0
2021-04-26 16:46:42+00:00,0.0
2021-04-20 16:23:06+00:00,1.0
2021-04-25 09:56:15+00:00,28.0
2021-04-11 04:28:21+00:00,1.0
2021-04-15 06:45:56+00:00,2.0
2021-05-03 15:30:54+00:00,1.0
2021-04-20 09:52:47+00:00,1.0
2021-04-10 20:24:56+00:00,1.0
2021-04-10 12:16:41+00:00,1.95
2021-04-11 09:53:29+00:00,1.0
2021-04-28 13:38:17+00:00,1.0
2021-04-30 03:49:39+00:00,0.0
2021-04-18 04:18:30+00:00,2.0
2021-04-08 09:48:31+00:00,145.0
2021-05-01 20:41:16+00:00,0.0
2021-04-14 00:08:36+00:00,2.0
2021-04-21 22:02:56+00:00,0.0
2021-04-26 13:18:47+00:00,0.0
2021-04-12 05:13:59+00:00,1.0
2021-05-03 01:44:41+00:00,1.0
2021-04-05 03:33:43+00:00,1.0
2021-04-15 02:10:51+00:00,2.0
2021-04-06 06:59:39+00:00,1.0
2021-04-16 04:47:44+00:00,1.0
2021-04-29 16:05:31+00:00,0.0
2021-04-30 00:32:27+00:00,0.0
2021-04-05 20:01:10+00:00,1.0
2021-04-16 11:35:32+00:00,2.0
2021-04-24 13:43:18+00:00,1.0
2021-04-28 18:26:59+00:00,1.0
2021-04-14 01:37:17+00:00,1.0
2021-04-25 17:55:55+00:00,1.0
2021-05-01 06:28:33+00:00,0.0
2021-04-09 22:04:11+00:00,1.95
2021-04-26 03:23:06+00:00,0.0
2021-04-25 21:46:25+00:00,0.0
2021-04-28 21:42:09+00:00,1.0
2021-05-01 11:00:43+00:00,0.0
2021-04-25 21:27:14+00:00,0.0
2021-04-29 13:17:16+00:00,0.0
2021-04-07 08:56:47+00:00,1.0
2021-04-06 16:48:00+00:00,1.0
2021-04-24 17:12:07+00:00,1.0
2021-04-18 13:54:42+00:00,2.0
2021-04-11 22:20:47+00:00,1.0
2021-05-01 23:43:56+00:00,0.0
2021-04-14 15:35:00+00:00,1.0
2021-04-11 00:49:26+00:00,2.0
2021-04-05 15:57:43+00:00,1.0
2021-04-19 10:53:55+00:00,1.0
2021-04-25 06:29:27+00:00,1.0
2021-04-27 04:46:54+00:00,0.0
2021-04-11 12:45:06+00:00,2.0
2021-04-29 08:05:43+00:00,0.0
2021-04-15 20:25:33+00:00,1.0
2021-05-02 01:03:59+00:00,0.0
2021-04-21 15:21:49+00:00,0.0
2021-04-24 02:33:58+00:00,1.0
2021-04-10 07:27:45+00:00,1.95
2021-05-02 23:39:55+00:00,1.0
2021-04-12 19:41:38+00:00,1.0
2021-04-24 15:26:12+00:00,1.0
2021-04-14 02:01:39+00:00,1.0
2021-04-26 04:20:41+00:00,0.0
2021-04-12 16:14:13+00:00,2.0
2021-04-27 04:20:54+00:00,0.0
2021-04-28 08:00:57+00:00,0.0
2021-04-19 16:47:49+00:00,1.0
2021-04-25 12:07:18+00:00,1.0
2021-04-06 23:06:44+00:00,1.0
2021-04-15 10:08:20+00:00,1.0
2021-04-07 20:31:51+00:00,1.0
2021-04-30 14:10:40+00:00,0.0
2021-04-30 19:10:08+00:00,0.0
2021-04-11 18:07:31+00:00,1.0
2021-04-12 17:06:38+00:00,1.0
2021-04-19 05:16:10+00:00,2.0
2021-04-17 09:29:52+00:00,0.0
2021-04-29 07:42:53+00:00,0.0
2021-04-20 16:02:41+00:00,1.0
2021-04-23 21:01:04+00:00,1.0
2021-04-30 06:35:54+00:00,0.0
2021-04-26 01:02:33+00:00,0.0
2021-04-13 11:43:15+00:00,2.0
2021-04-21 00:06:36+00:00,0.0
2021-04-19 12:29:15+00:00,1.0
2021-04-07 08:29:15+00:00,1.0
2021-04-05 09:37:15+00:00,1.0
2021-04-06 06:23:31+00:00,1.0
2021-04-14 15:23:36+00:00,1.0
2021-04-26 10:46:46+00:00,0.0
2021-04-25 14:46:35+00:00,1.0
2021-05-03 12:49:17+00:00,1.0
2021-04-22 09:31:35+00:00,0.0
2021-04-15 20:06:24+00:00,2.0
2021-04-09 10:41:32+00:00,1.0
2021-04-05 00:46:53+00:00,1.0
2021-05-03 15:16:07+00:00,1.0
2021-04-08 12:54:13+00:00,1.0
2021-04-24 16:43:55+00:00,1.0
2021-04-24 19:41:12+00:00,1.0
2021-04-12 18:20:04+00:00,1.0
2021-05-03 00:12:38+00:00,1.0
2021-04-06 08:11:38+00:00,1.0
2021-04-15 08:23:37+00:00,2.0
2021-04-27 20:50:23+00:00,0.0
2021-04-14 12:07:05+00:00,2.0
2021-04-10 03:53:45+00:00,1.95
2021-04-30 20:54:41+00:00,0.0
2021-04-13 19:51:45+00:00,1.0
2021-04-23 15:28:30+00:00,1.0
2021-04-18 03:03:53+00:00,2.0
2021-04-30 20:38:16+00:00,0.0
2021-04-16 22:16:26+00:00,0.0
2021-04-29 07:34:41+00:00,0.0
2021-04-11 20:22:53+00:00,2.0
2021-04-15 13:09:38+00:00,1.0
2021-04-23 22:49:34+00:00,1.0
2021-05-01 20:42:41+00:00,0.0
2021-05-02 09:08:22+00:00,0.0
2021-04-10 19:18:25+00:00,1.0
2021-04-19 12:26:41+00:00,2.0
2021-04-21 12:54:59+00:00,0.0
2021-04-14 12:44:32+00:00,1.0
2021-04-30 12:52:32+00:00,0.0
2021-04-11 14:05:04+00:00,1.0
2021-04-07 11:36:45+00:00,1.0
2021-04-10 02:11:28+00:00,1.95
2021-04-06 13:16:39+00:00,1.0
2021-04-16 20:12:49+00:00,0.0
2021-04-22 23:37:03+00:00,3.0
2021-04-08 01:20:38+00:00,1.0
2021-04-06 17:08:50+00:00,1.0
2021-04-17 20:02:19+00:00,1.0
2021-04-29 09:09:07+00:00,0.0
2021-04-27 23:20:29+00:00,0.0
2021-05-03 14:07:24+00:00,1.0
2021-04-14 22:06:01+00:00,1.0
2021-04-11 11:14:12+00:00,1.0
2021-04-23 22:30:40+00:00,1.0
2021-04-29 05:37:34+00:00,0.0
2021-04-19 06:57:51+00:00,1.0
2021-04-06 05:35:06+00:00,1.0
2021-04-15 19:58:22+00:00,1.0
2021-04-23 19:13:10+00:00,1.0
2021-04-19 20:46:51+00:00,1.0
2021-04-07 05:17:14+00:00,1.0
2021-04-27 21:44:06+00:00,0.0
2021-04-10 00:01:05+00:00,1.95
2021-04-24 19:05:51+00:00,1.0
2021-04-30 03:56:51+00:00,0.0
2021-04-10 13:08:08+00:00,1.95
2021-05-01 16:51:04+00:00,0.0
2021-04-06 02:14:17+00:00,1.0
2021-04-07 15:36:34+00:00,2.0
2021-05-02 22:31:54+00:00,1.0
2021-04-13 10:35:42+00:00,1.0
2021-05-03 16:34:22+00:00,1.0
2021-05-03 06:26:02+00:00,1.0
2021-04-09 10:18:59+00:00,1.0
2021-04-15 02:04:30+00:00,2.0
2021-04-12 12:47:11+00:00,1.0
2021-04-23 05:15:40+00:00,3.0
2021-04-26 09:05:30+00:00,0.0
2021-04-23 02:15:18+00:00,3.0
2021-04-11 18:50:17+00:00,1.0
2021-04-21 17:22:37+00:00,5.0
2021-04-25 20:10:41+00:00,0.0
2021-04-14 08:25:16+00:00,1.0
2021-04-08 22:16:50+00:00,1.0
2021-04-10 03:14:15+00:00,1.95
2021-05-03 18:16:42+00:00,1.0
2021-04-25 16:17:39+00:00,1.0
2021-04-29 11:35:06+00:00,0.0
2021-04-24 00:57:08+00:00,1.0
2021-05-02 01:50:32+00:00,0.0
2021-04-07 11:30:40+00:00,1.0
2021-04-22 23:48:12+00:00,3.0
2021-04-24 13:40:12+00:00,1.0
2021-04-07 22:31:12+00:00,1.0
2021-04-08 18:25:05+00:00,1.0
2021-04-23 14:08:51+00:00,2373.0
2021-04-08 17:35:27+00:00,1.0
2021-04-06 22:40:22+00:00,1.0
2021-04-20 06:35:16+00:00,2.0
2021-04-06 00:16:22+00:00,1.0
2021-04-12 17:31:48+00:00,1.0
2021-04-27 03:13:41+00:00,0.0
2021-04-19 15:04:47+00:00,1.0
2021-04-11 18:59:32+00:00,2.0
2021-04-13 22:48:26+00:00,1.0
2021-04-14 13:35:00+00:00,1.0
2021-04-26 04:06:15+00:00,0.0
2021-04-18 07:45:56+00:00,2.0
2021-04-27 14:11:40+00:00,0.0
2021-04-15 21:02:05+00:00,1.0
2021-04-10 23:35:04+00:00,1.0
2021-04-23 18:01:24+00:00,1.0
2021-05-01 00:15:19+00:00,0.0
2021-04-28 23:33:51+00:00,0.0
2021-04-08 21:07:48+00:00,1.0
2021-04-16 23:13:31+00:00,0.0
2021-04-15 22:55:39+00:00,1.0
2021-04-26 15:50:49+00:00,0.0
2021-04-25 00:43:23+00:00,1.0
2021-04-30 23:06:53+00:00,0.0
2021-04-24 00:31:30+00:00,1.0
2021-04-16 23:20:16+00:00,0.0
2021-04-27 21:04:30+00:00,0.0
2021-04-23 12:47:37+00:00,312.0
2021-04-08 17:32:17+00:00,2.0
2021-04-25 11:47:30+00:00,1.0
2021-04-19 12:11:21+00:00,2.0
2021-04-16 00:12:13+00:00,1.0
2021-04-16 15:00:38+00:00,2.0
2021-04-21 04:28:41+00:00,0.0
2021-04-11 02:35:47+00:00,1.0
2021-04-20 23:46:56+00:00,0.0
2021-05-01 09:09:09+00:00,0.0
2021-04-27 13:50:21+00:00,0.0
2021-04-24 12:47:02+00:00,1.0
2021-04-08 01:44:10+00:00,1.0
2021-04-26 23:49:26+00:00,0.0
2021-04-05 22:56:56+00:00,1.0
2021-04-06 23:25:52+00:00,1.0
2021-04-30 23:28:54+00:00,0.0
2021-04-11 09:59:39+00:00,2.0
2021-04-30 22:03:45+00:00,0.0
2021-05-03 15:21:56+00:00,1.0
2021-04-21 17:02:58+00:00,5.0
2021-04-17 10:08:19+00:00,0.0
2021-04-25 15:36:14+00:00,1.0
2021-04-05 23:31:28+00:00,1.0
2021-04-08 23:34:12+00:00,1.0
2021-04-14 09:24:13+00:00,1.0
2021-04-18 06:57:41+00:00,1.0
2021-04-08 09:02:24+00:00,1.0
2021-04-18 06:01:27+00:00,2.0
2021-04-14 06:42:49+00:00,1.0
2021-04-22 01:47:14+00:00,0.0
2021-04-12 18:06:10+00:00,2.0
2021-04-15 01:13:32+00:00,2.0
2021-04-25 07:29:12+00:00,1.0
2021-04-14 04:00:28+00:00,1.0
2021-04-10 08:02:36+00:00,1.95
2021-04-29 12:31:02+00:00,0.0
2021-04-10 02:27:28+00:00,1.95
2021-04-14 23:56:54+00:00,2.0
2021-04-29 02:32:08+00:00,0.0
2021-04-09 01:35:40+00:00,1.0
2021-04-10 20:01:50+00:00,1.0
2021-04-10 18:43:42+00:00,2.0
2021-04-18 09:22:58+00:00,1.0
2021-04-25 15:27:46+00:00,1.0
2021-04-10 16:47:22+00:00,137.0
2021-04-16 08:15:13+00:00,1.0
2021-04-10 10:35:18+00:00,1.95
2021-04-08 18:04:09+00:00,1.0
2021-04-09 06:39:50+00:00,1.0
2021-04-05 02:42:48+00:00,1.0
2021-04-30 08:12:02+00:00,0.0
2021-05-03 00:54:35+00:00,1.0
2021-04-22 17:47:05+00:00,0.0
2021-04-27 22:33:04+00:00,0.0
2021-04-10 07:50:31+00:00,1.95
2021-04-14 12:06:43+00:00,1.0
2021-04-25 04:22:21+00:00,1.0
2021-04-23 02:55:54+00:00,3.0
2021-04-04 23:32:47+00:00,1.0
2021-04-21 11:09:51+00:00,0.0
2021-04-05 04:41:15+00:00,1.0
2021-04-30 12:31:49+00:00,0.0
2021-04-29 18:10:08+00:00,0.0
2021-05-03 19:53:14+00:00,1.0
2021-04-09 18:41:47+00:00,1.0
2021-04-20 21:13:03+00:00,2.0
2021-04-30 12:45:25+00:00,0.0
2021-04-16 03:21:16+00:00,2.0
2021-04-18 09:29:53+00:00,1.0
2021-04-16 15:30:28+00:00,1.0
2021-04-29 03:36:01+00:00,0.0
2021-04-23 08:42:18+00:00,8.5
2021-04-22 04:43:50+00:00,0.0
2021-04-06 02:14:55+00:00,1.0
2021-04-30 11:54:26+00:00,0.0
2021-04-08 00:20:55+00:00,1.0
2021-04-13 14:31:01+00:00,2.0
2021-04-15 01:40:25+00:00,1.5
2021-04-17 20:55:04+00:00,1.0
2021-04-12 20:00:26+00:00,1.0
2021-04-13 15:24:43+00:00,1.0
2021-04-05 03:46:36+00:00,1.0
2021-04-20 18:57:35+00:00,2.0
2021-04-23 09:21:35+00:00,8.5
2021-04-15 16:58:05+00:00,1.0
2021-04-06 05:52:18+00:00,1.0
2021-04-27 22:42:43+00:00,0.0
2021-04-05 12:40:04+00:00,1.0
2021-05-03 16:04:53+00:00,1.0
2021-04-06 05:06:52+00:00,1.0
2021-04-18 13:47:29+00:00,1.0
2021-04-08 22:56:34+00:00,2.0
2021-04-24 01:11:50+00:00,1.0
2021-04-12 21:59:43+00:00,1.0
2021-04-05 22:17:18+00:00,1.0
2021-04-30 15:08:58+00:00,0.0
2021-04-06 12:31:36+00:00,1.0
2021-04-24 03:35:49+00:00,1.0
2021-04-18 16:39:16+00:00,2.0
2021-04-25 12:01:42+00:00,1.0
2021-04-21 11:34:09+00:00,0.0
2021-04-23 20:29:13+00:00,1.0
2021-04-08 10:56:22+00:00,1.0
2021-04-08 10:21:22+00:00,5.0
2021-04-06 10:26:08+00:00,1.0
2021-05-03 18:59:13+00:00,1.0
2021-04-12 11:05:15+00:00,1.0
2021-04-22 12:51:33+00:00,0.0
2021-04-30 06:22:16+00:00,0.0
2021-04-16 16:47:33+00:00,1.0
2021-04-28 14:16:07+00:00,1.0
2021-04-26 09:33:00+00:00,0.0
2021-04-10 18:03:20+00:00,2.0
2021-04-22 09:01:32+00:00,0.0
2021-04-24 11:23:27+00:00,1.0
2021-04-05 20:53:10+00:00,1.0
2021-04-27 02:20:00+00:00,0.0
2021-04-21 19:36:19+00:00,1.0
2021-05-02 23:40:54+00:00,1.0
2021-04-21 16:17:45+00:00,120.0
2021-04-06 15:00:11+00:00,1.0
2021-04-16 06:36:19+00:00,1.0
2021-04-24 05:31:21+00:00,1.0
2021-04-21 07:40:57+00:00,0.0
2021-04-10 18:25:44+00:00,1.0
2021-04-14 20:28:24+00:00,2.0
2021-04-21 21:22:43+00:00,1.0
2021-04-29 17:31:24+00:00,0.0
2021-04-10 05:23:49+00:00,1.95
2021-05-02 12:13:08+00:00,0.0
2021-04-16 21:01:44+00:00,0.0
2021-04-22 01:56:18+00:00,0.0
2021-04-23 04:28:14+00:00,3.0
2021-04-17 22:46:49+00:00,1.0
2021-04-25 22:05:05+00:00,0.0
2021-04-17 22:00:48+00:00,1.0
2021-04-12 01:02:22+00:00,1.0
2021-04-29 07:48:32+00:00,0.0
2021-04-08 16:05:56+00:00,1.0
2021-04-26 05:39:17+00:00,0.0
2021-04-08 04:47:55+00:00,1.0
2021-04-27 18:03:39+00:00,0.0
2021-04-10 13:41:12+00:00,1.95
2021-04-23 15:24:31+00:00,1.0
2021-04-27 09:18:14+00:00,0.0
2021-04-15 14:08:53+00:00,1.0
2021-05-02 17:21:18+00:00,1.0
2021-04-29 06:02:08+00:00,0.0
2021-04-19 13:47:04+00:00,2.0
2021-04-25 21:55:08+00:00,0.0
2021-04-23 07:03:50+00:00,3.0
2021-04-23 19:59:50+00:00,1.0
2021-04-19 08:36:56+00:00,2.0
2021-04-20 04:46:45+00:00,2.0
2021-04-08 13:03:57+00:00,1.0
2021-04-11 00:53:02+00:00,2.0
2021-04-10 17:47:50+00:00,1.0
2021-04-05 07:13:52+00:00,1.0
2021-04-30 22:39:35+00:00,0.0
2021-04-19 20:23:19+00:00,1.0
2021-04-10 04:47:51+00:00,1.95
2021-04-30 06:33:20+00:00,0.0
2021-04-07 05:44:33+00:00,1.0
2021-04-30 07:20:52+00:00,0.0
2021-04-15 13:47:52+00:00,1.0
2021-04-27 21:16:04+00:00,0.0
2021-04-07 05:01:32+00:00,1.0
2021-05-02 11:07:27+00:00,0.0
2021-04-20 09:04:50+00:00,2.0
2021-04-27 23:58:37+00:00,0.0
2021-04-15 20:32:21+00:00,2.0
2021-04-06 23:24:53+00:00,1.0
2021-04-11 07:39:29+00:00,1.0
2021-04-20 23:11:16+00:00,0.0
2021-04-12 06:53:42+00:00,2.0
2021-04-10 12:00:01+00:00,1.95
2021-04-22 22:18:50+00:00,3.0
2021-04-14 20:34:18+00:00,2.0
2021-04-10 16:13:22+00:00,139.0
2021-04-07 10:31:15+00:00,1.0
2021-04-28 07:37:56+00:00,0.0
2021-04-26 16:05:04+00:00,0.0
2021-04-27 11:16:10+00:00,0.0
2021-04-25 05:43:04+00:00,1.0
2021-04-09 16:12:27+00:00,1.0
2021-05-03 16:00:51+00:00,1.0
2021-04-22 15:34:52+00:00,0.0
2021-04-27 08:58:14+00:00,0.0
2021-05-01 06:06:29+00:00,0.0
2021-04-26 12:02:31+00:00,0.0
2021-04-26 11:47:33+00:00,0.0
2021-04-17 06:43:03+00:00,0.0
2021-04-10 03:19:05+00:00,1.95
2021-04-24 03:08:39+00:00,1.0
2021-04-25 12:04:03+00:00,1.0
2021-04-19 18:35:29+00:00,1.0
2021-04-28 09:13:47+00:00,185.0
2021-04-13 22:54:10+00:00,2.0
2021-04-05 03:49:39+00:00,1.0
2021-04-08 00:23:15+00:00,1.0
2021-04-12 07:12:13+00:00,1.0
2021-04-25 14:44:28+00:00,1.0
2021-04-19 01:11:13+00:00,1.0
2021-04-29 08:03:43+00:00,0.0
2021-04-25 13:19:06+00:00,1.0
2021-04-22 23:13:27+00:00,3.0
2021-04-05 22:36:10+00:00,1.0
2021-05-03 19:54:28+00:00,1.0
2021-04-18 17:58:02+00:00,1.0
2021-04-15 21:23:48+00:00,2.0
2021-05-03 06:16:54+00:00,1.0
2021-04-20 02:58:25+00:00,1.0
2021-04-29 10:10:15+00:00,0.0
2021-04-28 03:25:56+00:00,0.0
2021-04-07 08:29:28+00:00,1.0
2021-04-23 13:39:36+00:00,2395.0
2021-04-21 15:27:44+00:00,0.0
2021-04-21 11:54:25+00:00,0.0
2021-04-10 11:26:28+00:00,1.95
2021-04-23 11:26:01+00:00,97.0
2021-04-17 22:00:37+00:00,2.0
2021-04-13 06:43:05+00:00,1.0
2021-04-30 13:15:32+00:00,0.0
2021-04-08 19:16:03+00:00,2.0
2021-04-17 10:42:51+00:00,0.0
2021-04-10 14:29:49+00:00,1.95
2021-04-14 23:51:14+00:00,1.0
2021-04-09 16:55:13+00:00,2.0
2021-04-10 20:54:45+00:00,1.0
2021-04-08 23:06:15+00:00,1.0
2021-04-13 18:56:35+00:00,1.0
2021-04-21 22:46:42+00:00,0.0
2021-05-01 21:06:20+00:00,0.0
2021-04-18 23:17:10+00:00,2.0
2021-04-09 21:24:52+00:00,1.0
2021-04-20 08:06:26+00:00,2.0
2021-04-10 20:35:02+00:00,1.0
2021-04-10 07:38:04+00:00,1.95
2021-05-02 07:22:21+00:00,0.0
2021-04-24 23:52:40+00:00,1.0
2021-04-14 18:03:03+00:00,1.0
2021-04-13 08:39:14+00:00,1.0
2021-04-08 00:10:14+00:00,1.0
2021-04-11 01:38:11+00:00,1.0
2021-04-25 06:04:30+00:00,1.0
2021-04-12 19:51:33+00:00,1.0
2021-04-14 02:52:34+00:00,1.0
2021-04-20 16:04:58+00:00,1.0
2021-04-24 12:10:10+00:00,1.0
2021-04-29 14:42:23+00:00,0.0
2021-04-11 22:58:24+00:00,1.0
2021-04-14 03:35:51+00:00,2.0
2021-04-06 08:05:12+00:00,2.0
2021-04-21 14:58:02+00:00,0.0
2021-04-06 01:04:07+00:00,1.0
2021-05-01 23:40:43+00:00,0.0
2021-04-10 17:32:34+00:00,5.0
2021-04-25 01:16:41+00:00,1.0
2021-04-05 02:01:21+00:00,1.0
2021-04-28 01:46:26+00:00,0.0
2021-04-21 21:57:19+00:00,0.0
2021-04-13 04:40:01+00:00,1.0
2021-04-20 05:48:20+00:00,2.0
2021-04-12 10:35:49+00:00,1.0
2021-04-24 13:13:03+00:00,1.0
2021-04-28 14:32:15+00:00,1.0
2021-04-07 20:54:17+00:00,1.0
2021-04-12 10:59:24+00:00,1.0
2021-04-25 00:52:49+00:00,1.0
2021-04-18 01:40:32+00:00,2.0
2021-04-08 00:40:27+00:00,1.0
2021-04-07 11:24:50+00:00,1.0
2021-05-01 23:04:41+00:00,0.0
2021-04-08 15:44:13+00:00,1.0
2021-04-08 13:19:44+00:00,1.0
2021-04-23 22:14:30+00:00,1.0
2021-04-20 19:34:01+00:00,1.0
2021-04-14 12:09:12+00:00,2.0
2021-04-20 21:02:06+00:00,1.0
2021-04-05 18:45:23+00:00,1.0
2021-04-23 19:05:15+00:00,1.0
2021-05-02 03:26:22+00:00,0.0
2021-04-12 09:42:40+00:00,1.0
2021-04-05 03:23:31+00:00,1.0
2021-04-05 19:16:04+00:00,1.0
2021-04-30 09:43:20+00:00,0.0
2021-04-23 05:22:31+00:00,3.0
2021-04-17 01:36:49+00:00,0.0
2021-04-10 07:18:47+00:00,1.95
2021-05-03 06:48:16+00:00,1.0
2021-04-27 18:44:52+00:00,0.0
2021-05-01 20:55:29+00:00,0.0
2021-04-14 20:57:26+00:00,2.0
2021-05-01 11:21:26+00:00,0.0
2021-04-12 16:08:03+00:00,1.0
2021-04-09 18:24:34+00:00,1.0
2021-04-28 18:51:50+00:00,1.0
2021-04-29 11:08:17+00:00,0.0
2021-04-29 14:59:35+00:00,0.0
2021-04-06 11:41:21+00:00,1.0
2021-04-27 09:21:03+00:00,0.0
2021-04-23 00:54:47+00:00,3.0
2021-04-24 04:09:54+00:00,1.0
2021-04-16 14:16:46+00:00,1.0
2021-05-01 20:04:20+00:00,0.0
2021-04-23 04:47:19+00:00,3.0
2021-04-21 10:25:31+00:00,0.0
2021-04-16 15:30:11+00:00,1.0
2021-04-21 14:13:44+00:00,0.0
2021-04-14 06:41:49+00:00,2.0
2021-04-10 13:59:07+00:00,1.95
2021-04-06 21:36:41+00:00,1.0
2021-04-15 23:38:31+00:00,2.0
2021-04-21 18:55:03+00:00,1.0
2021-04-21 20:11:53+00:00,1.0
2021-04-20 04:23:26+00:00,1.0
2021-04-13 16:39:42+00:00,2.0
2021-04-18 05:55:24+00:00,2.0
2021-04-07 04:41:18+00:00,1.0
2021-04-13 00:48:33+00:00,1.0
2021-04-06 11:17:53+00:00,1.0
2021-04-14 08:33:18+00:00,1.0
2021-04-20 22:42:44+00:00,0.0
2021-04-09 11:39:10+00:00,2.0
2021-04-06 11:41:17+00:00,1.0
2021-04-19 00:59:35+00:00,1.0
2021-04-08 22:35:38+00:00,1.0
2021-04-18 19:26:56+00:00,1.0
2021-04-05 17:51:00+00:00,1.0
2021-04-10 04:03:43+00:00,1.95
2021-05-01 14:14:05+00:00,0.0
2021-04-09 07:24:10+00:00,2.0
2021-04-21 22:05:28+00:00,0.0
2021-05-02 17:10:00+00:00,1.0
2021-05-01 07:38:33+00:00,0.0
2021-04-12 01:50:04+00:00,1.0
2021-04-15 07:09:45+00:00,2.0
2021-04-18 12:56:58+00:00,2.0
2021-04-12 11:33:42+00:00,1.0
2021-04-23 10:33:20+00:00,44.0
2021-04-13 19:53:27+00:00,1.0
2021-05-01 17:17:47+00:00,0.0
2021-04-20 20:10:58+00:00,1.0
2021-04-11 20:40:46+00:00,1.0
2021-04-15 09:01:55+00:00,2445.5
2021-04-28 09:27:22+00:00,485.0
2021-05-03 06:02:19+00:00,1.0
2021-04-06 00:01:42+00:00,1.0
2021-04-18 20:27:42+00:00,1.0
2021-04-30 00:25:47+00:00,0.0
2021-04-19 14:44:20+00:00,1.0
2021-04-27 02:14:59+00:00,0.0
2021-04-12 17:24:18+00:00,1.0
2021-04-08 19:11:15+00:00,1.0
2021-04-29 02:18:00+00:00,0.0
2021-04-22 13:48:43+00:00,0.0
2021-04-13 08:26:10+00:00,2.0
2021-04-30 02:58:55+00:00,0.0
2021-04-11 19:58:36+00:00,2.0
2021-04-13 01:27:04+00:00,1.0
2021-04-17 08:47:27+00:00,0.0
2021-04-18 17:27:42+00:00,1.0
2021-04-25 12:06:28+00:00,1.0
2021-04-14 05:27:13+00:00,2.0
2021-04-11 22:51:24+00:00,2.0
2021-04-05 17:06:42+00:00,1.0
2021-04-28 04:18:54+00:00,0.0
2021-04-18 03:49:45+00:00,1.0
2021-04-05 05:36:22+00:00,1.0
2021-05-01 16:00:17+00:00,0.0
2021-05-01 23:33:48+00:00,0.0
2021-04-20 00:55:05+00:00,1.0
2021-04-11 12:48:26+00:00,2.0
2021-04-24 04:58:00+00:00,1.0
2021-04-13 04:52:36+00:00,1.0
2021-04-05 19:58:33+00:00,1.0
2021-04-20 00:20:58+00:00,2.0
2021-05-02 04:29:32+00:00,0.0
2021-04-27 04:10:36+00:00,0.0
2021-04-18 00:42:28+00:00,2.0
2021-04-24 06:21:13+00:00,1.0
2021-04-14 22:07:36+00:00,2.0
2021-05-02 13:55:01+00:00,120.5
2021-04-05 01:50:03+00:00,1.0
2021-04-21 12:52:08+00:00,0.0
2021-04-16 19:43:38+00:00,0.0
2021-04-14 16:13:22+00:00,1.0
2021-04-17 16:58:22+00:00,0.0
2021-04-21 07:30:11+00:00,0.0
2021-04-27 09:17:29+00:00,0.0
2021-04-11 20:10:41+00:00,1.0
2021-04-18 19:01:42+00:00,2.0
2021-04-05 22:15:02+00:00,1.0
2021-04-19 11:33:10+00:00,1.0
2021-04-10 22:41:40+00:00,2.0
2021-05-02 11:53:54+00:00,0.0
2021-04-14 06:07:41+00:00,2.0
2021-04-16 10:21:46+00:00,1.0
2021-04-08 01:24:20+00:00,1.0
2021-04-21 03:05:29+00:00,0.0
2021-04-17 21:12:40+00:00,1.0
2021-04-16 07:14:34+00:00,1.0
2021-04-14 17:06:59+00:00,1.0
2021-04-07 01:59:38+00:00,1.0
2021-04-13 02:24:31+00:00,1.0
2021-04-26 22:03:22+00:00,0.0
2021-04-14 13:49:47+00:00,2.0
2021-04-14 11:47:24+00:00,1.0
2021-04-15 22:52:20+00:00,2.0
2021-04-12 15:50:01+00:00,1.0
2021-05-02 12:58:04+00:00,0.0
2021-04-27 00:39:46+00:00,0.0
2021-04-29 23:49:15+00:00,0.0
2021-04-27 08:32:54+00:00,0.0
2021-04-21 06:02:26+00:00,0.0
2021-04-18 04:47:14+00:00,2.0
2021-04-23 11:53:58+00:00,93.5
2021-04-14 00:31:31+00:00,2.0
2021-04-19 20:55:12+00:00,1.0
2021-04-06 08:03:11+00:00,1.0
2021-05-01 13:05:40+00:00,0.0
2021-05-01 21:08:00+00:00,0.0
2021-04-09 11:26:47+00:00,1.0
2021-04-27 18:24:41+00:00,0.0
2021-05-02 06:12:52+00:00,0.0
2021-04-15 19:48:28+00:00,1.0
2021-05-01 17:07:22+00:00,0.0
2021-05-01 14:51:28+00:00,0.0
2021-04-13 15:10:24+00:00,2.0
2021-04-30 00:36:03+00:00,0.0
2021-04-24 21:41:19+00:00,1.0
2021-04-15 12:52:11+00:00,2.0
2021-04-23 15:29:17+00:00,1.0
2021-04-23 03:00:06+00:00,3.0
2021-04-11 21:29:29+00:00,2.0
2021-04-17 01:29:59+00:00,0.0
2021-04-28 23:10:04+00:00,0.0
2021-05-02 11:44:25+00:00,0.0
2021-04-16 12:38:51+00:00,2.0
2021-05-03 23:42:07+00:00,2.0
2021-04-12 02:28:43+00:00,1.0
2021-05-03 08:02:22+00:00,1.0
2021-04-05 04:22:34+00:00,1.0
2021-04-28 06:43:31+00:00,0.0
2021-04-30 21:52:04+00:00,0.0
2021-04-05 01:02:02+00:00,1.0
2021-04-14 11:20:34+00:00,2.0
2021-05-02 18:19:02+00:00,1.0
2021-04-29 18:22:19+00:00,0.0
2021-04-19 14:06:37+00:00,1.0
2021-04-17 12:46:35+00:00,0.0
2021-05-02 21:35:20+00:00,1.0
2021-04-11 00:48:30+00:00,2.0
2021-04-16 17:17:05+00:00,0.0
2021-04-28 14:03:20+00:00,1.0
2021-04-25 07:09:17+00:00,1.0
2021-04-18 21:33:14+00:00,1.0
2021-04-15 09:25:49+00:00,114.0
2021-04-24 22:29:12+00:00,1.0
2021-04-24 18:34:30+00:00,1.0
2021-04-10 01:25:50+00:00,1.95
2021-04-26 20:49:24+00:00,0.0
2021-04-12 11:44:55+00:00,1.0
2021-04-05 01:38:28+00:00,1.0
2021-04-28 12:38:21+00:00,1.0
2021-04-08 15:41:11+00:00,1.0
2021-04-09 22:32:07+00:00,1.95
2021-04-14 06:29:19+00:00,2.0
2021-05-01 04:05:02+00:00,0.0
2021-04-15 22:08:38+00:00,1.0
2021-04-23 04:35:12+00:00,3.0
2021-04-12 01:37:05+00:00,1.0
2021-04-28 19:34:24+00:00,1.0
2021-04-11 03:25:27+00:00,1.0
2021-04-18 12:31:54+00:00,1.0
2021-04-17 03:19:01+00:00,0.0
2021-04-16 11:50:03+00:00,1.0
2021-04-14 07:01:05+00:00,1.0
2021-04-17 03:15:11+00:00,0.0
2021-04-09 15:56:54+00:00,1.0
2021-04-23 21:35:54+00:00,1.0
2021-04-04 23:12:17+00:00,1.0
2021-04-12 15:50:29+00:00,1.0
2021-04-14 00:06:01+00:00,2.0
2021-04-14 10:55:56+00:00,2.0
2021-05-01 21:32:45+00:00,0.0
2021-05-01 03:09:35+00:00,0.0
2021-04-30 10:49:13+00:00,0.0
2021-04-16 11:18:27+00:00,1.0
2021-05-02 08:26:36+00:00,0.0
2021-04-23 07:52:18+00:00,8.5
2021-04-20 18:41:29+00:00,1.0
2021-04-27 19:16:38+00:00,0.0
2021-05-01 08:59:26+00:00,0.0
2021-04-11 12:23:23+00:00,2.0
2021-04-25 06:52:07+00:00,1.0
2021-04-14 23:07:10+00:00,1.0
2021-04-16 04:10:49+00:00,1.0
2021-04-14 05:49:40+00:00,2.0
2021-04-14 15:11:11+00:00,1.0
2021-04-06 04:46:13+00:00,1.0
2021-04-07 06:37:15+00:00,1.0
2021-04-11 16:39:08+00:00,1.0
2021-05-02 02:43:16+00:00,0.0
2021-04-18 19:19:39+00:00,2.0
2021-04-21 16:28:51+00:00,26.0
2021-04-25 02:29:55+00:00,1.0
2021-04-24 16:31:28+00:00,1.0
2021-04-29 03:12:24+00:00,0.0
2021-04-15 19:07:34+00:00,2.0
2021-04-29 15:41:25+00:00,0.0
2021-04-21 22:20:56+00:00,0.0
2021-04-17 20:05:34+00:00,1.0
2021-05-02 19:16:07+00:00,1.0
2021-04-26 20:22:36+00:00,0.0
2021-04-29 14:47:18+00:00,0.0
2021-04-27 19:39:47+00:00,0.0
2021-04-30 04:30:13+00:00,0.0
2021-04-21 10:11:31+00:00,0.0
2021-04-25 07:07:59+00:00,1.0
2021-04-16 18:42:22+00:00,0.0
2021-04-10 11:31:53+00:00,1.95
2021-04-25 23:23:19+00:00,0.0
2021-04-24 08:18:57+00:00,1.0
2021-04-14 15:37:08+00:00,1.0
2021-04-24 00:01:55+00:00,1.0
2021-04-08 05:27:37+00:00,1.0
2021-04-28 12:03:57+00:00,1.0
2021-04-20 11:11:07+00:00,1.0
2021-05-01 19:18:10+00:00,0.0
2021-04-09 11:39:08+00:00,1.0
2021-04-22 12:56:59+00:00,0.0
2021-04-27 10:17:49+00:00,0.0
2021-05-03 06:43:14+00:00,1.0
2021-04-30 15:35:53+00:00,0.0
2021-04-09 09:16:45+00:00,1.0
2021-04-15 11:16:21+00:00,1.0
2021-04-08 16:35:08+00:00,1.0
2021-04-23 00:59:34+00:00,3.0
2021-04-22 15:07:35+00:00,0.0
2021-05-02 02:08:01+00:00,0.0
2021-04-19 08:03:59+00:00,2.0
2021-04-15 18:26:02+00:00,1.0
2021-04-14 23:18:08+00:00,2.0
2021-04-12 00:44:17+00:00,1.0
2021-04-13 19:37:48+00:00,1.0
2021-04-17 14:01:39+00:00,0.0
2021-04-30 20:44:03+00:00,0.0
2021-04-28 10:49:01+00:00,1.0
2021-04-09 14:31:12+00:00,2.0
2021-04-17 00:37:34+00:00,0.0
2021-04-29 02:12:57+00:00,0.0
2021-04-18 17:40:04+00:00,1.0
2021-04-22 11:23:43+00:00,0.0
2021-04-14 11:13:38+00:00,1.0
2021-04-09 05:20:21+00:00,2.0
2021-04-23 05:11:13+00:00,3.0
2021-04-09 05:06:15+00:00,1.0
2021-04-18 15:44:39+00:00,1.0
2021-04-08 16:04:56+00:00,1.0
2021-04-22 16:42:45+00:00,0.0
2021-04-25 18:28:02+00:00,1.0
2021-04-09 19:56:57+00:00,1.0
2021-04-15 12:48:55+00:00,2.0
2021-04-18 00:19:52+00:00,1.0
2021-04-07 04:36:46+00:00,1.0
2021-04-22 00:54:02+00:00,0.0
2021-04-15 15:54:31+00:00,1.0
2021-04-11 08:14:18+00:00,2.0
2021-04-12 07:34:57+00:00,1.0
2021-04-09 13:42:36+00:00,2.0
2021-04-13 14:50:42+00:00,1.0
2021-04-06 08:48:46+00:00,1.0
2021-04-12 07:02:30+00:00,1.0
2021-04-20 11:15:01+00:00,1.0
2021-04-19 05:29:50+00:00,1.0
2021-04-14 10:28:20+00:00,2.0
2021-04-30 14:26:15+00:00,0.0
2021-04-08 16:49:27+00:00,1.0
2021-04-14 22:26:43+00:00,1.0
2021-04-29 18:08:19+00:00,0.0
2021-04-22 08:58:39+00:00,0.0
2021-04-16 09:26:59+00:00,1.0
2021-04-24 00:31:16+00:00,1.0
2021-04-08 14:44:35+00:00,1.0
2021-05-03 11:46:03+00:00,1.0
2021-05-03 17:40:52+00:00,1.0
2021-04-07 09:50:07+00:00,1.0
2021-04-27 00:32:29+00:00,0.0
2021-04-29 00:02:09+00:00,0.0
2021-04-24 20:05:05+00:00,1.0
2021-05-02 05:41:20+00:00,0.0
2021-04-19 14:36:20+00:00,1.0
2021-04-13 07:51:38+00:00,1.0
2021-04-08 08:25:20+00:00,1.0
2021-04-24 21:15:55+00:00,1.0
2021-04-07 04:14:17+00:00,1.0
2021-04-17 13:32:29+00:00,0.0
2021-04-16 20:35:01+00:00,0.0
2021-04-12 03:32:04+00:00,2.0
2021-04-05 22:46:54+00:00,1.0
2021-04-11 18:46:19+00:00,2.0
2021-04-12 07:35:37+00:00,2.0
2021-04-13 19:07:54+00:00,1.0
2021-04-09 18:48:06+00:00,2.0
2021-04-12 09:18:52+00:00,2.0
2021-04-17 19:49:12+00:00,1.0
2021-04-14 13:24:31+00:00,2.0
2021-04-14 18:38:21+00:00,1.0
2021-04-05 22:28:04+00:00,1.0
2021-04-18 03:31:10+00:00,1.0
2021-04-24 02:17:30+00:00,1.0
2021-04-07 08:57:48+00:00,1.0
2021-04-15 19:48:23+00:00,1.0
2021-04-08 08:37:44+00:00,1.0
2021-04-29 09:17:06+00:00,0.0
2021-04-19 14:07:30+00:00,1.0
2021-04-25 17:36:08+00:00,1.0
2021-04-16 15:41:05+00:00,1.0
2021-04-05 16:12:23+00:00,1.0
2021-04-16 23:58:26+00:00,0.0
2021-04-11 17:23:02+00:00,1.0
2021-04-23 06:56:53+00:00,3.0
2021-04-07 19:41:03+00:00,1.0
2021-04-22 02:44:32+00:00,0.0
2021-04-14 03:41:46+00:00,2.0
2021-04-25 04:19:11+00:00,1.0
2021-04-11 18:50:37+00:00,2.0
2021-04-13 22:24:43+00:00,2.0
2021-04-12 14:18:19+00:00,1.0
2021-04-23 00:05:00+00:00,3.0
2021-04-15 01:49:40+00:00,1.0
2021-04-30 11:49:56+00:00,0.0
2021-04-28 06:35:28+00:00,0.0
2021-05-01 04:23:29+00:00,0.0
2021-04-29 22:02:46+00:00,0.0
2021-04-11 08:01:14+00:00,1.0
2021-04-10 09:11:48+00:00,1.95
2021-04-27 05:19:37+00:00,0.0
2021-04-24 00:16:51+00:00,1.0
2021-04-24 07:21:41+00:00,1.0
2021-04-07 02:35:30+00:00,1.0
2021-04-15 15:19:45+00:00,2.0
2021-04-09 17:14:22+00:00,1.0
2021-04-08 22:32:55+00:00,1.0
2021-04-07 14:05:53+00:00,1.0
2021-05-01 09:17:09+00:00,0.0
2021-04-27 12:39:20+00:00,0.0
2021-04-06 21:58:45+00:00,1.0
2021-04-11 18:35:36+00:00,1.0
2021-04-08 12:49:50+00:00,1.0
2021-04-29 09:18:13+00:00,0.0
2021-04-27 07:36:16+00:00,0.0
2021-04-30 17:54:32+00:00,0.0
2021-04-22 19:15:08+00:00,0.0
2021-04-15 13:16:13+00:00,1.0
2021-04-05 17:30:46+00:00,1.0
2021-04-20 08:41:15+00:00,1.0
2021-04-10 10:01:55+00:00,1.95
2021-04-16 13:41:55+00:00,2.0
2021-04-22 03:41:57+00:00,0.0
2021-04-16 11:19:43+00:00,1.0
2021-04-27 17:42:59+00:00,0.0
2021-04-27 08:13:50+00:00,0.0
2021-04-14 11:03:28+00:00,1.0
2021-04-28 16:06:26+00:00,1.0
2021-04-09 08:35:08+00:00,2.0
2021-04-09 02:54:38+00:00,2.0
2021-04-26 11:24:24+00:00,0.0
2021-04-12 22:21:17+00:00,1.0
2021-04-07 19:54:27+00:00,1.0
2021-05-03 19:13:35+00:00,1.0
2021-04-17 02:26:41+00:00,0.0
2021-04-13 23:53:37+00:00,2.0
2021-04-26 09:37:48+00:00,0.0
2021-04-17 22:27:02+00:00,2.0
2021-04-18 12:13:45+00:00,1.0
2021-04-06 08:34:26+00:00,1.0
2021-04-29 23:19:53+00:00,0.0
2021-04-06 04:37:25+00:00,1.0
2021-04-22 03:02:57+00:00,0.0
2021-04-11 11:31:11+00:00,2.0
2021-04-21 06:33:04+00:00,0.0
2021-04-10 21:58:32+00:00,1.0
2021-04-30 10:02:45+00:00,0.0
2021-04-17 14:42:20+00:00,0.0
2021-04-30 14:58:20+00:00,0.0
2021-04-09 16:25:20+00:00,1.0
2021-04-21 09:37:53+00:00,0.0
2021-04-05 07:43:01+00:00,1.0
2021-04-05 14:15:15+00:00,1.0
2021-04-10 11:15:27+00:00,1.95
2021-04-05 18:31:39+00:00,1.0
2021-04-25 13:48:21+00:00,1.0
2021-05-03 05:18:08+00:00,1.0
2021-04-08 12:47:59+00:00,2.0
2021-04-04 23:37:15+00:00,1.0
2021-04-12 02:31:43+00:00,1.0
2021-04-14 01:16:02+00:00,2.0
2021-04-07 18:51:28+00:00,1.0
2021-04-10 14:49:36+00:00,1.95
2021-04-19 22:33:51+00:00,1.0
2021-04-05 23:46:38+00:00,1.0
2021-04-23 18:15:31+00:00,1.0
2021-04-08 18:50:50+00:00,2.0
2021-04-05 21:27:07+00:00,1.0
2021-04-19 05:13:01+00:00,1.0
2021-04-11 11:17:59+00:00,1.0
2021-04-17 19:35:50+00:00,2.0
2021-04-11 07:00:30+00:00,2.0
2021-04-07 06:35:08+00:00,1.0
2021-04-08 17:03:41+00:00,1.0
2021-05-01 04:11:25+00:00,0.0
2021-04-30 23:17:21+00:00,0.0
2021-04-26 22:32:12+00:00,0.0
2021-04-08 14:21:18+00:00,1.0
2021-04-13 22:38:04+00:00,1.0
2021-04-27 17:31:16+00:00,0.0
2021-04-07 01:23:38+00:00,1.0
2021-04-29 02:46:56+00:00,0.0
2021-05-02 13:18:32+00:00,2451.0
2021-04-21 05:42:42+00:00,0.0
2021-05-02 19:25:30+00:00,1.0
2021-04-30 13:38:10+00:00,0.0
2021-04-25 05:24:13+00:00,1.0
2021-04-14 02:32:26+00:00,1.0
2021-05-03 13:45:24+00:00,1.0
2021-04-30 16:20:20+00:00,0.0
2021-04-30 19:37:54+00:00,0.0
2021-04-14 21:32:21+00:00,1.0
2021-04-05 18:01:50+00:00,1.0
2021-04-27 02:56:06+00:00,0.0
2021-04-19 20:38:48+00:00,1.0
2021-04-07 02:05:38+00:00,1.0
2021-04-18 06:13:32+00:00,1.0
2021-04-22 20:02:41+00:00,0.0
2021-04-17 13:48:09+00:00,0.0
2021-04-18 13:25:20+00:00,1.0
2021-04-13 23:55:47+00:00,1.0
2021-04-08 03:21:41+00:00,1.0
2021-04-13 23:53:58+00:00,1.0
2021-05-02 14:30:21+00:00,1.0
2021-04-05 06:14:51+00:00,1.0
2021-04-11 18:09:03+00:00,2.0
2021-04-29 01:04:00+00:00,0.0
2021-04-09 19:29:45+00:00,2.0
2021-04-29 18:59:23+00:00,0.0
2021-04-13 17:16:30+00:00,2.0
2021-04-24 07:25:08+00:00,1.0
2021-04-12 19:37:55+00:00,1.0
2021-05-03 07:13:56+00:00,1.0
2021-04-22 07:55:21+00:00,0.0
2021-04-28 10:00:03+00:00,1.0
2021-04-12 09:49:03+00:00,1.0
2021-04-09 13:28:11+00:00,1.0
2021-04-08 17:09:02+00:00,1.0
2021-05-02 10:32:34+00:00,0.0
2021-04-22 19:31:24+00:00,0.0
2021-04-07 00:37:18+00:00,1.0
2021-04-28 12:34:32+00:00,1.0
2021-04-26 00:25:27+00:00,0.0
2021-04-06 07:33:12+00:00,1.0
2021-04-28 08:26:23+00:00,2485.0
2021-04-06 22:37:39+00:00,1.0
2021-05-01 02:12:22+00:00,0.0
2021-05-01 05:26:20+00:00,0.0
2021-04-07 00:01:50+00:00,1.0
2021-04-21 20:04:44+00:00,1.0
2021-04-19 21:49:29+00:00,1.0
2021-04-25 12:56:07+00:00,1.0
2021-04-10 01:24:40+00:00,1.95
2021-05-01 19:11:47+00:00,0.0
2021-04-13 21:05:00+00:00,2.0
2021-04-07 17:56:53+00:00,1.0
2021-04-14 14:54:03+00:00,1.0
2021-04-20 09:42:15+00:00,1.0
2021-04-14 04:19:02+00:00,1.0
2021-04-28 21:25:23+00:00,1.0
2021-05-01 21:42:46+00:00,0.0
2021-04-28 00:15:34+00:00,0.0
2021-04-28 17:06:38+00:00,1.0
2021-04-24 02:41:56+00:00,1.0
2021-04-08 02:41:09+00:00,1.0
2021-04-26 05:15:06+00:00,0.0
2021-05-02 21:37:00+00:00,1.0
2021-04-17 04:32:37+00:00,0.0
2021-04-08 10:06:39+00:00,176.0
2021-04-13 00:00:39+00:00,1.0
2021-04-18 10:41:06+00:00,1.0
2021-04-05 21:06:46+00:00,1.0
2021-04-24 13:25:42+00:00,1.0
2021-04-23 06:02:46+00:00,3.0
2021-04-30 15:18:45+00:00,0.0
2021-04-19 17:09:08+00:00,2.0
2021-04-05 19:50:53+00:00,1.0
2021-04-06 00:49:11+00:00,1.0
2021-04-27 05:27:28+00:00,0.0
2021-04-25 04:05:54+00:00,1.0
2021-04-07 01:49:43+00:00,1.0
2021-04-16 01:35:09+00:00,1.0
2021-04-28 05:14:18+00:00,0.0
2021-04-17 23:25:38+00:00,2.0
2021-04-18 23:00:35+00:00,2.0
2021-04-28 21:20:34+00:00,1.0
2021-04-23 05:07:00+00:00,3.0
2021-04-06 12:57:02+00:00,1.0
2021-04-07 14:13:19+00:00,1.0
2021-04-14 10:05:30+00:00,1.0
2021-04-08 09:17:28+00:00,111.0
2021-04-17 01:25:34+00:00,0.0
2021-04-19 18:19:38+00:00,1.0
2021-04-11 01:09:25+00:00,2.0
2021-04-25 09:31:12+00:00,83.0
2021-04-27 20:14:53+00:00,0.0
2021-04-23 09:14:44+00:00,8.5
2021-04-26 09:30:34+00:00,0.0
2021-05-02 14:16:36+00:00,404.0
2021-04-09 22:33:30+00:00,1.95
2021-04-17 08:50:34+00:00,0.0
2021-04-20 02:55:51+00:00,1.0
2021-04-30 02:44:20+00:00,0.0
2021-04-28 21:53:54+00:00,0.0
2021-04-29 09:33:17+00:00,0.0
2021-04-26 11:00:22+00:00,0.0
2021-04-09 07:02:48+00:00,1.0
2021-04-15 23:09:53+00:00,1.0
2021-04-17 00:13:39+00:00,0.0
2021-04-05 23:58:36+00:00,1.0
2021-04-20 07:00:39+00:00,1.0
2021-04-06 08:15:06+00:00,1.0
2021-04-22 13:39:33+00:00,0.0
2021-04-23 01:37:35+00:00,3.0
2021-04-17 02:52:44+00:00,0.0
2021-04-22 19:44:11+00:00,0.0
2021-04-21 13:48:25+00:00,0.0
2021-04-20 02:17:12+00:00,1.0
2021-04-20 18:37:12+00:00,1.0
2021-04-25 04:50:59+00:00,1.0
2021-04-06 19:02:04+00:00,1.0
2021-04-30 02:58:15+00:00,0.0
2021-04-23 05:22:59+00:00,2.0
2021-04-20 22:51:36+00:00,0.0
2021-04-23 01:13:34+00:00,3.0
2021-04-17 13:24:27+00:00,0.0
2021-05-01 16:06:38+00:00,0.0
2021-05-03 14:45:18+00:00,1.0
2021-04-21 23:57:59+00:00,0.0
2021-04-24 18:34:50+00:00,1.0
2021-04-21 15:35:15+00:00,0.0
2021-04-23 08:38:08+00:00,8.5
2021-04-27 18:50:45+00:00,0.0
2021-04-28 02:49:55+00:00,0.0
2021-04-21 04:03:45+00:00,0.0
2021-04-10 19:21:22+00:00,1.0
2021-04-20 20:09:02+00:00,1.0
2021-04-28 00:04:39+00:00,0.0
2021-04-05 13:56:37+00:00,1.0
2021-04-22 08:39:55+00:00,0.0
2021-04-29 06:50:33+00:00,0.0
2021-04-21 12:14:44+00:00,0.0
2021-04-15 10:47:41+00:00,1.0
2021-04-08 07:00:50+00:00,1.0
2021-05-03 10:19:17+00:00,1.0
2021-04-11 03:33:52+00:00,2.0
2021-04-16 21:07:15+00:00,0.0
2021-04-30 03:36:32+00:00,0.0
2021-04-16 12:24:08+00:00,1.0
2021-04-23 09:59:24+00:00,253.0
2021-04-28 08:53:58+00:00,135.0
2021-04-27 08:29:42+00:00,0.0
2021-04-20 12:47:32+00:00,2.0
2021-04-10 03:45:21+00:00,1.95
2021-04-15 11:44:44+00:00,2.0
2021-04-28 08:35:36+00:00,2529.0
2021-04-21 05:37:15+00:00,0.0
2021-04-09 02:22:44+00:00,2.0
2021-04-18 04:21:40+00:00,1.0
2021-04-25 09:57:58+00:00,51.0
2021-04-13 20:11:57+00:00,1.0
2021-05-02 22:38:07+00:00,1.0
2021-05-03 11:21:58+00:00,1.0
2021-05-03 07:52:23+00:00,1.0
2021-05-03 07:11:51+00:00,1.0
2021-04-21 03:07:51+00:00,0.0
2021-04-10 17:04:04+00:00,17.25
2021-04-12 20:30:23+00:00,1.0
2021-04-20 00:26:55+00:00,2.0
2021-04-10 11:40:05+00:00,1.95
2021-04-22 01:06:00+00:00,0.0
2021-04-24 06:58:45+00:00,1.0
2021-04-07 23:42:55+00:00,1.0
2021-04-27 10:01:24+00:00,0.0
2021-04-26 02:16:16+00:00,0.0
2021-04-23 14:02:35+00:00,171.0
2021-04-09 08:48:13+00:00,1.0
2021-04-05 10:09:01+00:00,1.0
2021-04-16 11:48:11+00:00,2.0
2021-05-02 02:39:02+00:00,0.0
2021-04-08 21:40:44+00:00,2.0
2021-04-07 22:47:56+00:00,1.0
2021-04-17 12:07:33+00:00,0.0
2021-04-10 06:32:20+00:00,1.95
2021-04-16 06:35:52+00:00,1.0
2021-04-15 07:03:40+00:00,1.0
2021-04-30 04:44:32+00:00,0.0
2021-05-03 20:38:47+00:00,1.0
2021-04-06 21:17:04+00:00,1.0
2021-04-20 01:42:37+00:00,2.0
2021-04-14 14:37:31+00:00,1.0
2021-04-25 10:46:45+00:00,1.0
2021-04-17 22:58:03+00:00,2.0
2021-05-03 05:51:38+00:00,1.0
2021-04-26 19:28:56+00:00,0.0
2021-04-09 15:08:10+00:00,1.0
2021-04-17 05:29:35+00:00,0.0
2021-04-17 23:31:11+00:00,1.0
2021-04-12 08:12:10+00:00,2.0
2021-04-05 13:21:25+00:00,1.0
2021-04-13 04:08:35+00:00,1.0
2021-04-26 11:22:45+00:00,0.0
2021-04-18 16:10:36+00:00,1.0
2021-04-08 10:32:19+00:00,1.0
2021-04-27 18:51:48+00:00,0.0
2021-04-14 07:28:05+00:00,1.0
2021-05-02 08:12:41+00:00,0.0
2021-04-14 05:48:40+00:00,2.0
2021-04-07 15:17:50+00:00,1.0
2021-04-06 10:05:26+00:00,1.0
2021-05-01 04:48:28+00:00,0.0
2021-04-23 04:17:53+00:00,2.0
2021-04-21 00:28:23+00:00,0.0
2021-04-23 17:34:14+00:00,1.0
2021-04-08 03:16:47+00:00,1.0
2021-04-13 23:34:07+00:00,1.0
2021-04-13 01:19:52+00:00,1.0
2021-04-17 16:12:31+00:00,0.0
2021-05-02 09:59:13+00:00,0.0
2021-04-08 06:18:36+00:00,1.0
2021-04-28 12:23:18+00:00,1.0
2021-04-20 12:05:32+00:00,1.0
2021-05-02 05:25:33+00:00,0.0
2021-05-02 00:55:51+00:00,0.0
2021-04-13 05:27:38+00:00,1.0
2021-05-01 14:00:20+00:00,0.0
2021-04-16 09:24:48+00:00,1.0
2021-04-18 08:21:52+00:00,1.0
2021-04-28 16:14:19+00:00,1.0
2021-04-22 21:40:56+00:00,0.0
2021-04-13 14:48:33+00:00,1.0
2021-04-21 15:02:11+00:00,0.0
2021-04-25 04:37:29+00:00,1.0
2021-04-26 03:12:32+00:00,0.0
2021-04-25 19:08:31+00:00,0.0
2021-04-16 10:06:13+00:00,1.0
2021-04-25 06:46:51+00:00,1.0
2021-04-07 21:40:30+00:00,1.0
2021-05-03 08:13:37+00:00,1.0
2021-04-28 16:16:10+00:00,1.0
2021-04-29 08:04:07+00:00,0.0
2021-04-15 01:16:01+00:00,2.0
2021-04-12 19:37:42+00:00,1.0
2021-04-07 15:35:34+00:00,1.0
2021-04-28 17:25:33+00:00,1.0
2021-04-29 00:15:41+00:00,0.0
2021-04-06 20:51:47+00:00,1.0
2021-04-09 19:04:23+00:00,1.0
2021-04-29 09:59:39+00:00,0.0
2021-04-07 19:18:18+00:00,1.0
2021-05-02 06:18:41+00:00,0.0
2021-04-26 09:45:56+00:00,0.0
2021-04-10 18:57:15+00:00,1.0
2021-04-22 11:57:27+00:00,0.0
2021-04-06 20:44:51+00:00,1.0
2021-05-01 22:25:45+00:00,0.0
2021-04-11 00:24:56+00:00,1.0
2021-04-22 06:36:23+00:00,0.0
2021-04-25 02:45:15+00:00,1.0
2021-04-08 13:19:17+00:00,1.0
2021-04-28 01:10:15+00:00,0.0
2021-04-18 14:10:21+00:00,1.0
2021-05-01 09:14:19+00:00,0.0
2021-04-29 09:44:00+00:00,0.0
2021-05-02 04:56:03+00:00,0.0
2021-04-26 08:00:26+00:00,0.0
2021-04-16 07:47:40+00:00,1.0
2021-04-22 22:38:37+00:00,3.0
2021-04-20 16:39:39+00:00,1.0
2021-04-30 03:43:14+00:00,0.0
2021-04-26 17:43:47+00:00,0.0
2021-04-15 20:16:32+00:00,1.0
2021-04-29 03:15:12+00:00,0.0
2021-04-20 08:36:09+00:00,1.0
2021-05-03 23:14:55+00:00,1.0
2021-04-19 02:48:30+00:00,2.0
2021-04-15 02:39:20+00:00,2.0
2021-04-21 01:09:25+00:00,0.0
2021-04-07 00:31:48+00:00,2.0
2021-04-07 13:08:08+00:00,1.0
2021-04-28 13:22:56+00:00,1.0
2021-04-29 02:56:10+00:00,0.0
2021-04-30 04:59:58+00:00,0.0
2021-04-17 05:26:53+00:00,0.0
2021-04-20 00:15:08+00:00,1.0
2021-04-17 11:17:02+00:00,0.0
2021-04-13 18:39:45+00:00,2.0
2021-04-12 14:09:32+00:00,1.0
2021-04-17 02:50:59+00:00,0.0
2021-04-11 07:28:52+00:00,1.0
2021-05-02 10:06:28+00:00,0.0
2021-04-26 16:30:09+00:00,0.0
2021-04-21 07:51:17+00:00,0.0
2021-04-24 07:02:48+00:00,1.0
2021-04-17 11:41:16+00:00,0.0
2021-04-29 04:03:22+00:00,0.0
2021-04-17 11:59:09+00:00,0.0
2021-04-06 19:54:09+00:00,1.0
2021-04-05 02:38:14+00:00,1.0
2021-05-03 00:17:05+00:00,1.0
2021-05-03 08:32:36+00:00,2.0
2021-04-23 01:12:22+00:00,3.0
2021-04-14 22:58:43+00:00,2.0
2021-04-08 07:32:41+00:00,1.0
2021-04-27 19:41:51+00:00,0.0
2021-04-09 17:24:15+00:00,1.0
2021-04-11 18:56:12+00:00,1.0
2021-04-06 00:18:36+00:00,1.0
2021-04-13 10:57:40+00:00,2.0
2021-04-27 14:48:47+00:00,0.0
2021-04-12 16:54:27+00:00,1.0
2021-04-18 15:45:37+00:00,2.0
2021-04-27 06:42:00+00:00,0.0
2021-04-09 14:53:13+00:00,1.0
2021-04-28 10:54:01+00:00,1.0
2021-04-09 12:25:03+00:00,2.0
2021-05-03 10:31:56+00:00,1.0
2021-04-08 11:12:21+00:00,1.0
2021-04-06 15:13:04+00:00,1.0
2021-04-09 14:43:47+00:00,1.0
2021-04-08 08:42:29+00:00,1.0
2021-04-30 14:25:44+00:00,0.0
2021-04-11 05:05:51+00:00,2.0
2021-04-19 09:47:25+00:00,1.0
2021-04-24 17:04:42+00:00,1.0
2021-04-30 12:08:25+00:00,0.0
2021-04-09 23:21:55+00:00,1.95
2021-04-24 17:10:49+00:00,1.0
2021-04-22 19:40:23+00:00,0.0
2021-04-05 11:19:36+00:00,1.0
2021-04-20 22:04:37+00:00,0.0
2021-04-18 18:49:16+00:00,2.0
2021-04-05 16:22:27+00:00,1.0
2021-04-21 08:32:35+00:00,0.0
2021-04-24 15:46:45+00:00,1.0
2021-04-30 04:39:35+00:00,0.0
2021-05-01 14:45:23+00:00,0.0
2021-04-15 01:57:25+00:00,2.0
2021-04-30 18:35:47+00:00,0.0
2021-04-29 13:48:29+00:00,0.0
2021-04-24 08:11:09+00:00,1.0
2021-04-12 09:53:37+00:00,1.0
2021-04-18 14:35:33+00:00,1.0
2021-04-29 14:56:36+00:00,0.0
2021-04-16 08:08:06+00:00,2.0
2021-04-24 04:10:20+00:00,1.0
2021-04-08 16:38:52+00:00,1.0
2021-04-19 14:07:10+00:00,1.0
2021-04-14 23:45:18+00:00,2.0
2021-04-24 10:04:25+00:00,1.0
2021-04-17 17:26:38+00:00,0.0
2021-04-19 08:10:06+00:00,1.0
2021-04-15 16:19:56+00:00,1.0
2021-04-10 09:12:12+00:00,1.95
2021-04-28 08:59:32+00:00,154.0
2021-04-22 00:21:09+00:00,0.0
2021-04-30 18:01:29+00:00,0.0
2021-04-24 20:59:52+00:00,1.0
2021-04-20 14:56:05+00:00,1.0
2021-04-20 01:31:50+00:00,2.0
2021-05-02 10:34:32+00:00,0.0
2021-04-15 22:22:43+00:00,2.0
2021-04-29 11:13:23+00:00,0.0
2021-04-19 10:43:27+00:00,1.0
2021-04-12 06:31:23+00:00,2.0
2021-04-08 00:02:48+00:00,1.0
2021-04-21 16:24:09+00:00,160.0
2021-05-03 12:07:39+00:00,1.0
2021-04-18 13:52:34+00:00,1.0
2021-04-27 12:38:37+00:00,0.0
2021-05-01 03:02:27+00:00,0.0
2021-04-16 01:05:16+00:00,1.0
2021-04-22 09:11:43+00:00,0.0
2021-04-05 15:18:58+00:00,1.0
2021-05-01 23:18:30+00:00,0.0
2021-04-08 19:41:23+00:00,1.0
2021-04-17 02:12:54+00:00,0.0
2021-04-20 01:38:31+00:00,2.0
2021-04-09 05:15:02+00:00,2.0
2021-05-03 02:43:57+00:00,1.0
2021-04-17 00:03:51+00:00,0.0
2021-04-13 03:49:23+00:00,1.0
2021-04-21 18:38:36+00:00,2.0
2021-04-14 06:14:26+00:00,1.0
2021-04-12 09:06:18+00:00,1.0
2021-04-20 03:39:21+00:00,2.0
2021-05-03 01:27:07+00:00,1.0
2021-04-10 04:18:41+00:00,1.95
2021-04-24 23:29:32+00:00,1.0
2021-04-08 17:21:16+00:00,2.0
2021-04-07 15:00:05+00:00,1.0
2021-04-25 08:20:21+00:00,1.0
2021-04-24 17:29:48+00:00,1.0
2021-04-06 10:28:10+00:00,1.0
2021-04-22 12:56:13+00:00,0.0
2021-04-19 08:03:47+00:00,1.0
2021-04-10 11:00:38+00:00,1.95
2021-04-24 14:54:24+00:00,1.0
2021-04-22 05:04:35+00:00,0.0
2021-04-25 12:22:51+00:00,1.0
2021-04-17 14:20:17+00:00,0.0
2021-04-20 01:04:01+00:00,1.0
2021-04-13 21:29:50+00:00,1.0
2021-04-05 03:00:13+00:00,1.0
2021-04-30 23:57:30+00:00,0.0
2021-04-26 12:05:32+00:00,0.0
2021-04-10 08:45:29+00:00,1.95
2021-04-10 06:38:18+00:00,1.95
2021-04-26 09:57:06+00:00,0.0
2021-04-10 10:49:01+00:00,1.95
2021-04-05 21:55:01+00:00,1.0
2021-04-27 22:43:19+00:00,0.0
2021-04-15 02:36:05+00:00,2.0
2021-04-24 16:18:35+00:00,1.0
2021-04-20 15:27:13+00:00,1.0
2021-04-19 21:40:14+00:00,1.0
2021-04-11 09:06:36+00:00,1.0
2021-05-01 22:21:06+00:00,0.0
2021-04-16 10:16:44+00:00,1.0
2021-04-12 12:46:19+00:00,2.0
2021-04-17 01:42:21+00:00,0.0
2021-04-11 06:29:45+00:00,2.0
2021-04-28 23:23:06+00:00,0.0
2021-04-09 04:18:28+00:00,1.0
2021-04-23 11:29:15+00:00,20.0
2021-04-23 04:31:16+00:00,3.0
2021-04-29 06:37:08+00:00,0.0
2021-04-14 19:51:57+00:00,1.0
2021-04-28 13:44:00+00:00,1.0
2021-04-06 05:46:27+00:00,1.0
2021-04-09 17:37:27+00:00,1.0
2021-04-11 15:23:51+00:00,2.0
2021-04-27 03:21:02+00:00,0.0
2021-04-04 22:06:32+00:00,1.0
2021-04-05 08:44:48+00:00,1.0
2021-04-28 14:21:53+00:00,1.0
2021-04-06 04:44:16+00:00,1.0
2021-04-15 17:01:27+00:00,2.0
2021-04-25 15:48:04+00:00,1.0
2021-04-18 18:16:59+00:00,1.0
2021-04-26 22:35:47+00:00,0.0
2021-04-21 07:02:50+00:00,0.0
2021-04-08 10:53:32+00:00,1.0
2021-04-30 12:31:01+00:00,0.0
2021-04-25 10:43:57+00:00,1.0
2021-04-22 15:48:48+00:00,0.0
2021-04-26 14:27:01+00:00,0.0
2021-04-09 01:20:09+00:00,2.0
2021-04-21 06:45:41+00:00,0.0
2021-04-16 14:46:46+00:00,1.0
2021-04-05 15:53:55+00:00,1.0
2021-05-02 09:30:14+00:00,0.0
2021-04-19 19:31:34+00:00,1.0
2021-04-22 04:36:43+00:00,0.0
2021-04-26 23:50:06+00:00,0.0
2021-04-09 19:23:17+00:00,2.0
2021-04-26 16:41:55+00:00,0.0
2021-04-26 14:37:46+00:00,0.0
2021-05-03 18:22:07+00:00,1.0
2021-04-05 12:19:02+00:00,1.0
2021-05-03 18:12:36+00:00,1.0
2021-04-23 03:15:40+00:00,3.0
2021-04-11 14:25:49+00:00,1.0
2021-04-15 01:40:06+00:00,1.0
2021-04-28 12:37:11+00:00,1.0
2021-04-17 10:05:05+00:00,0.0
2021-04-06 07:27:17+00:00,1.0
2021-04-15 21:06:26+00:00,1.0
2021-04-22 07:06:30+00:00,0.0
2021-04-10 13:32:04+00:00,1.95
2021-04-06 00:53:50+00:00,1.0
2021-04-17 01:41:41+00:00,0.0
2021-04-22 19:31:47+00:00,0.0
2021-04-28 17:44:46+00:00,1.0
2021-04-12 11:02:37+00:00,2.0
2021-04-18 19:12:45+00:00,2.0
2021-04-08 22:18:23+00:00,1.0
2021-04-21 15:47:46+00:00,2496.0
2021-04-28 07:54:29+00:00,0.0
2021-04-12 20:52:33+00:00,1.0
2021-04-13 04:17:06+00:00,1.0
2021-04-18 20:50:52+00:00,1.0
2021-04-11 20:39:08+00:00,2.0
2021-04-22 18:30:18+00:00,0.0
2021-04-25 11:08:37+00:00,1.0
2021-04-26 16:28:04+00:00,0.0
2021-04-27 05:16:06+00:00,0.0
2021-04-08 20:04:11+00:00,1.0
2021-04-12 03:58:04+00:00,1.0
2021-04-28 17:24:36+00:00,1.0
2021-04-30 10:04:38+00:00,0.0
2021-04-15 21:51:27+00:00,2.0
2021-04-11 20:59:04+00:00,1.0
2021-04-12 21:38:56+00:00,1.0
2021-05-03 09:54:54+00:00,1.0
2021-04-15 05:58:37+00:00,2.0
2021-04-22 21:26:56+00:00,0.0
2021-04-20 18:48:02+00:00,1.0
2021-05-03 23:27:30+00:00,1.0
2021-04-25 21:25:28+00:00,0.0
2021-04-22 13:18:26+00:00,0.0
2021-04-18 20:47:07+00:00,2.0
2021-04-30 20:12:33+00:00,0.0
2021-04-26 14:29:14+00:00,0.0
2021-04-24 22:19:48+00:00,1.0
2021-05-01 13:05:51+00:00,0.0
2021-05-03 23:36:04+00:00,1.0
2021-04-24 22:25:09+00:00,1.0
2021-04-24 14:07:23+00:00,1.0
2021-04-29 01:03:44+00:00,0.0
2021-04-25 07:04:38+00:00,1.0
2021-04-06 00:06:54+00:00,1.0
2021-04-15 04:47:37+00:00,2.0
2021-04-12 19:29:05+00:00,1.0
2021-04-06 06:56:33+00:00,1.0
2021-04-30 15:24:16+00:00,0.0
2021-04-18 18:07:08+00:00,2.0
2021-04-14 13:52:30+00:00,1.0
2021-04-20 16:12:23+00:00,1.0
2021-05-01 13:59:34+00:00,0.0
2021-04-20 14:20:30+00:00,1.0
2021-04-09 10:41:04+00:00,1.0
2021-04-23 00:49:49+00:00,3.0
2021-05-03 04:35:35+00:00,1.0
2021-04-30 04:16:24+00:00,0.0
2021-04-15 05:16:52+00:00,2.0
2021-04-10 08:11:00+00:00,1.95
2021-04-08 12:01:05+00:00,1.0
2021-04-24 19:18:33+00:00,1.0
2021-04-07 03:54:43+00:00,1.0
2021-04-22 13:27:15+00:00,0.0
2021-04-09 21:08:02+00:00,2.0
2021-04-19 18:39:16+00:00,2.0
2021-04-21 22:21:21+00:00,0.0
2021-05-02 09:42:52+00:00,0.0
2021-04-21 02:06:54+00:00,0.0
2021-04-18 00:56:11+00:00,2.0
2021-05-02 19:38:52+00:00,1.0
2021-04-16 10:03:00+00:00,1.0
2021-04-16 16:33:52+00:00,1.0
2021-04-07 16:48:42+00:00,1.0
2021-04-15 17:45:45+00:00,2.0
2021-04-12 03:10:17+00:00,2.0
2021-04-06 17:46:46+00:00,1.0
2021-04-21 18:36:20+00:00,1.0
2021-04-18 07:08:20+00:00,1.0
2021-04-16 13:13:47+00:00,2.0
2021-04-20 10:06:40+00:00,1.0
2021-04-16 21:00:26+00:00,0.0
2021-04-14 18:00:32+00:00,1.0
2021-04-19 04:34:41+00:00,2.0
2021-05-03 11:59:23+00:00,1.0
2021-05-03 17:58:55+00:00,1.0
2021-05-02 16:36:11+00:00,1.0
2021-04-07 20:25:59+00:00,1.0
2021-04-12 13:52:37+00:00,1.0
2021-04-27 04:37:17+00:00,0.0
2021-04-27 09:56:50+00:00,0.0
2021-04-29 00:37:02+00:00,0.0
2021-04-20 07:44:09+00:00,2.0
2021-04-23 03:57:49+00:00,3.0
2021-04-22 21:12:07+00:00,0.0
2021-04-20 10:56:01+00:00,1.0
2021-04-12 01:57:26+00:00,2.0
2021-04-25 04:15:47+00:00,1.0
2021-04-28 02:15:31+00:00,0.0
2021-04-30 01:40:42+00:00,0.0
2021-04-13 05:27:58+00:00,1.0
2021-04-13 11:35:26+00:00,1.0
2021-04-30 11:14:16+00:00,0.0
2021-04-16 22:48:17+00:00,0.0
2021-04-13 10:08:53+00:00,1.0
2021-04-27 14:12:02+00:00,0.0
2021-04-08 04:37:38+00:00,1.0
2021-04-29 07:11:16+00:00,0.0
2021-05-01 10:03:51+00:00,0.0
2021-04-05 00:00:18+00:00,1.0
2021-04-10 13:53:06+00:00,1.95
2021-05-02 18:04:35+00:00,1.0
2021-04-22 20:46:23+00:00,0.0
2021-05-01 05:17:47+00:00,0.0
2021-04-18 04:47:07+00:00,1.0
2021-04-06 14:43:25+00:00,1.0
2021-05-02 19:02:07+00:00,1.0
2021-04-11 20:43:22+00:00,1.0
2021-04-09 19:53:08+00:00,1.0
2021-04-08 04:13:19+00:00,1.0
2021-04-29 08:21:52+00:00,0.0
2021-04-23 16:22:30+00:00,1.0
2021-04-20 19:41:43+00:00,1.0
2021-04-20 06:44:37+00:00,1.0
2021-04-13 22:57:58+00:00,1.0
2021-05-03 21:26:16+00:00,1.0
2021-04-11 12:21:17+00:00,2.0
2021-04-30 11:50:56+00:00,0.0
2021-04-27 03:31:18+00:00,0.0
2021-04-08 00:45:03+00:00,1.0
2021-05-03 09:17:41+00:00,1.0
2021-04-07 22:56:00+00:00,1.0
2021-04-13 04:26:30+00:00,1.0
2021-04-28 01:10:22+00:00,0.0
2021-04-26 12:48:42+00:00,0.0
2021-04-20 23:28:42+00:00,0.0
2021-04-24 12:24:53+00:00,1.0
2021-04-29 16:17:52+00:00,0.0
2021-04-15 20:41:15+00:00,2.0
2021-05-02 14:46:54+00:00,1.0
2021-04-28 14:24:54+00:00,1.0
2021-04-16 10:39:12+00:00,1.0
2021-04-12 15:45:23+00:00,1.0
2021-04-23 12:18:07+00:00,6.0
2021-04-09 06:43:04+00:00,1.0
2021-04-11 00:48:13+00:00,1.0
2021-04-25 09:07:58+00:00,73.0
2021-04-19 00:18:07+00:00,1.0
2021-04-11 22:38:32+00:00,1.0
2021-04-29 20:22:29+00:00,0.0
2021-04-19 04:26:36+00:00,2.0
2021-04-09 03:53:43+00:00,2.0
2021-04-27 19:59:51+00:00,0.0
2021-04-27 18:08:07+00:00,0.0
2021-04-10 08:10:43+00:00,1.95
2021-04-17 01:57:06+00:00,0.0
2021-04-14 21:28:59+00:00,2.0
2021-04-25 03:28:36+00:00,1.0
2021-05-03 03:54:20+00:00,1.0
2021-04-29 14:12:01+00:00,0.0
2021-04-20 07:15:53+00:00,1.0
2021-04-07 20:00:34+00:00,1.0
2021-04-14 12:23:32+00:00,1.0
2021-04-07 22:47:01+00:00,1.0
2021-04-14 02:19:41+00:00,2.0
2021-04-28 04:43:32+00:00,0.0
2021-04-28 17:27:06+00:00,1.0
2021-04-30 11:13:30+00:00,0.0
2021-04-09 06:13:29+00:00,2.0
2021-04-14 07:48:37+00:00,1.0
2021-04-13 10:33:46+00:00,2.0
2021-05-01 07:30:51+00:00,0.0
2021-04-26 18:19:33+00:00,0.0
2021-04-17 15:28:35+00:00,0.0
2021-04-18 07:07:55+00:00,1.0
2021-05-03 17:07:08+00:00,1.0
2021-04-24 00:55:48+00:00,1.0
2021-04-19 04:25:07+00:00,2.0
2021-05-01 10:53:21+00:00,0.0
2021-04-22 15:08:16+00:00,0.0
2021-04-10 00:51:41+00:00,1.95
2021-04-27 14:58:49+00:00,0.0
2021-05-01 14:47:45+00:00,0.0
2021-04-12 19:28:46+00:00,1.0
2021-04-10 01:18:19+00:00,1.95
2021-04-28 05:35:32+00:00,0.0
2021-05-01 08:49:21+00:00,0.0
2021-04-07 03:32:00+00:00,1.0
2021-04-11 21:11:51+00:00,1.0
2021-04-29 16:12:19+00:00,0.0
2021-04-22 23:01:38+00:00,3.0
2021-05-01 06:27:27+00:00,0.0
2021-04-23 11:19:58+00:00,100.5
2021-04-11 01:46:13+00:00,1.0
2021-04-19 04:08:59+00:00,2.0
2021-04-28 09:42:21+00:00,1.0
2021-04-25 10:00:51+00:00,259.0
2021-04-26 21:22:53+00:00,0.0
2021-04-12 17:04:58+00:00,2.0
2021-04-18 04:13:33+00:00,1.0
2021-04-16 22:46:33+00:00,0.0
2021-04-16 02:14:37+00:00,1.0
2021-05-03 21:16:03+00:00,1.0
2021-04-10 09:50:01+00:00,1.95
2021-04-12 06:22:42+00:00,1.0
2021-04-10 19:54:10+00:00,1.0
2021-04-07 23:09:59+00:00,1.0
2021-04-26 20:40:36+00:00,0.0
2021-04-24 12:06:23+00:00,1.0
2021-04-19 22:11:55+00:00,1.0
2021-04-19 05:11:42+00:00,1.0
2021-04-16 13:56:07+00:00,1.0
2021-04-11 20:45:30+00:00,1.0
2021-04-15 19:52:15+00:00,2.0
2021-04-09 02:22:32+00:00,2.0
2021-04-17 04:03:21+00:00,0.0
2021-04-24 10:13:18+00:00,1.0
2021-04-20 12:21:23+00:00,2.0
2021-04-13 19:34:54+00:00,1.0
2021-04-06 17:08:37+00:00,1.0
2021-04-22 05:45:30+00:00,0.0
2021-04-25 14:06:24+00:00,1.0
2021-04-16 02:25:08+00:00,1.0
2021-04-09 12:07:35+00:00,1.0
2021-04-26 13:53:44+00:00,0.0
2021-04-06 20:09:20+00:00,1.0
2021-04-27 12:20:25+00:00,0.0
2021-04-14 04:28:52+00:00,1.0
2021-05-02 04:58:35+00:00,0.0
2021-04-07 11:01:02+00:00,1.0
2021-04-23 01:34:03+00:00,2.0
2021-04-16 10:24:06+00:00,1.0
2021-04-05 21:49:34+00:00,1.0
2021-04-11 02:53:39+00:00,1.0
2021-04-27 04:12:33+00:00,0.0
2021-04-30 11:04:15+00:00,0.0
2021-04-07 20:34:32+00:00,1.0
2021-04-26 12:17:52+00:00,0.0
2021-04-05 08:03:28+00:00,1.0
2021-04-12 16:48:51+00:00,1.5
2021-04-30 08:32:46+00:00,0.0
2021-04-25 06:21:39+00:00,1.0
2021-04-24 00:48:00+00:00,1.0
2021-04-25 10:50:11+00:00,1.0
2021-04-28 19:11:34+00:00,1.0
2021-04-28 07:09:08+00:00,0.0
2021-04-22 03:26:40+00:00,0.0
2021-04-26 02:52:45+00:00,0.0
2021-04-18 20:40:20+00:00,2.0
2021-05-01 04:33:33+00:00,0.0
2021-04-18 05:14:12+00:00,1.0
2021-04-10 08:49:21+00:00,1.95
2021-04-17 10:44:57+00:00,0.0
2021-04-09 08:44:44+00:00,1.0
2021-04-28 01:41:45+00:00,0.0
2021-05-03 05:42:09+00:00,1.0
2021-04-07 20:06:03+00:00,1.0
2021-04-23 11:44:33+00:00,11.0
2021-04-14 05:48:35+00:00,2.0
2021-04-26 13:16:39+00:00,0.0
2021-04-14 16:37:03+00:00,1.0
2021-04-27 09:38:14+00:00,0.0
2021-05-03 13:35:19+00:00,1.0
2021-04-26 14:54:43+00:00,0.0
2021-04-20 08:49:04+00:00,1.0
2021-04-15 04:23:24+00:00,1.0
2021-04-07 08:52:22+00:00,1.0
2021-04-20 02:08:31+00:00,1.0
2021-04-12 16:04:25+00:00,1.0
2021-04-09 20:54:06+00:00,1.0
2021-05-01 06:17:11+00:00,0.0
2021-04-10 13:42:46+00:00,1.95
2021-04-13 11:11:31+00:00,1.0
2021-04-06 07:25:55+00:00,1.0
2021-04-29 19:40:17+00:00,0.0
2021-04-10 05:09:33+00:00,1.95
2021-05-02 23:28:17+00:00,1.0
2021-04-18 01:09:15+00:00,1.0
2021-04-17 00:58:24+00:00,0.0
2021-04-11 13:25:19+00:00,1.0
2021-04-18 07:57:44+00:00,2.0
2021-04-30 22:51:40+00:00,0.0
2021-04-19 03:47:18+00:00,2.0
2021-04-06 21:48:12+00:00,1.0
2021-04-07 20:57:03+00:00,1.0
2021-04-26 14:49:10+00:00,0.0
2021-04-30 17:35:13+00:00,0.0
2021-04-28 17:12:08+00:00,1.0
2021-04-04 22:10:42+00:00,1.0
2021-04-09 20:01:21+00:00,1.0
2021-04-27 00:04:15+00:00,0.0
2021-04-13 05:47:47+00:00,1.0
2021-04-07 23:54:18+00:00,2.0
2021-04-05 17:08:00+00:00,1.0
2021-04-08 11:40:34+00:00,1.0
2021-05-03 08:55:28+00:00,1.0
2021-04-07 08:18:31+00:00,1.0
2021-04-08 03:20:59+00:00,1.0
2021-04-18 18:44:17+00:00,1.0
2021-05-03 07:13:19+00:00,1.0
2021-04-29 14:01:33+00:00,0.0
2021-04-15 03:00:56+00:00,2.0
2021-04-23 11:07:40+00:00,176.0
2021-04-25 17:39:37+00:00,1.0
2021-04-06 13:30:57+00:00,1.0
2021-04-14 06:04:01+00:00,1.0
2021-04-05 18:33:19+00:00,1.0
2021-05-01 23:32:01+00:00,0.0
2021-04-30 09:38:23+00:00,0.0
2021-04-23 00:17:42+00:00,3.0
2021-04-21 23:31:05+00:00,0.0
2021-04-16 00:50:48+00:00,1.0
2021-04-05 05:25:20+00:00,1.0
2021-04-18 23:18:05+00:00,1.0
2021-04-05 14:18:45+00:00,1.0
2021-04-09 21:07:20+00:00,1.0
2021-04-11 11:32:01+00:00,1.0
2021-04-22 15:21:17+00:00,0.0
2021-05-01 10:10:27+00:00,0.0
2021-04-28 23:14:09+00:00,0.0
2021-04-11 13:25:31+00:00,1.0
2021-04-29 02:13:09+00:00,0.0
2021-04-08 21:26:19+00:00,2.0
2021-04-23 11:29:11+00:00,64.0
2021-04-08 03:51:12+00:00,1.0
2021-04-13 15:04:36+00:00,1.0
2021-04-13 21:10:09+00:00,1.0
2021-04-19 02:01:24+00:00,1.0
2021-04-13 13:25:47+00:00,2.0
2021-04-26 17:22:45+00:00,0.0
2021-04-11 04:18:51+00:00,1.0
2021-04-12 05:49:07+00:00,1.0
2021-04-18 01:03:35+00:00,2.0
2021-04-07 19:54:45+00:00,1.0
2021-04-22 20:47:58+00:00,0.0
2021-04-19 01:40:16+00:00,1.0
2021-04-18 18:47:23+00:00,1.0
2021-04-07 06:16:46+00:00,1.0
2021-04-05 14:20:54+00:00,1.0
2021-04-17 04:25:02+00:00,0.0
2021-04-28 05:50:35+00:00,0.0
2021-05-02 23:11:53+00:00,1.0
2021-04-09 08:03:18+00:00,2.0
2021-04-22 03:35:52+00:00,0.0
2021-04-05 05:32:50+00:00,1.0
2021-04-24 08:02:30+00:00,1.0
2021-04-16 12:42:49+00:00,2.0
2021-04-12 00:47:20+00:00,1.0
2021-04-17 13:42:07+00:00,0.0
2021-05-03 23:40:50+00:00,1.0
2021-05-02 19:34:47+00:00,1.0
2021-04-28 16:30:17+00:00,1.0
2021-04-12 04:58:48+00:00,1.0
2021-04-12 10:38:09+00:00,1.0
2021-04-07 09:49:04+00:00,1.0
2021-04-21 09:43:24+00:00,0.0
2021-04-17 07:32:35+00:00,0.0
2021-04-10 10:11:31+00:00,1.95
2021-05-02 13:43:12+00:00,8.0
2021-04-22 02:21:41+00:00,0.0
2021-04-10 08:23:45+00:00,1.95
2021-04-08 21:21:03+00:00,1.0
2021-04-25 13:55:37+00:00,1.0
2021-04-09 15:25:20+00:00,2.0
2021-04-23 05:50:44+00:00,3.0
2021-04-26 00:24:10+00:00,0.0
2021-04-19 12:08:29+00:00,1.0
2021-04-21 17:49:17+00:00,1.0
2021-04-11 09:48:35+00:00,1.0
2021-04-30 17:12:45+00:00,0.0
2021-04-29 04:07:30+00:00,0.0
2021-04-07 05:25:44+00:00,1.0
2021-04-09 00:08:42+00:00,1.0
2021-04-07 05:31:35+00:00,1.0
2021-04-20 09:37:34+00:00,2.0
2021-04-08 22:48:47+00:00,1.0
2021-04-25 18:15:08+00:00,1.0
2021-04-12 22:29:52+00:00,1.0
2021-05-01 05:20:48+00:00,0.0
2021-04-05 05:30:10+00:00,1.0
2021-04-25 07:59:09+00:00,1.0
2021-04-13 02:56:50+00:00,1.0
2021-04-12 13:02:33+00:00,1.0
2021-04-27 17:39:22+00:00,0.0
2021-04-16 15:58:00+00:00,1.0
2021-04-26 18:34:04+00:00,0.0
2021-04-09 02:32:05+00:00,1.0
2021-04-06 18:33:08+00:00,1.0
2021-04-24 14:54:26+00:00,1.0
2021-04-19 15:34:28+00:00,1.0
2021-04-27 01:11:58+00:00,0.0
2021-04-13 19:42:07+00:00,1.0
2021-04-10 00:08:18+00:00,1.95
2021-04-18 01:38:06+00:00,1.0
2021-04-20 19:44:27+00:00,1.0
2021-04-05 02:24:32+00:00,1.0
2021-04-07 02:48:02+00:00,1.0
2021-04-25 12:32:09+00:00,1.0
2021-05-01 15:26:16+00:00,0.0
2021-04-22 04:40:59+00:00,0.0
2021-04-23 08:09:32+00:00,8.5
2021-04-18 06:24:05+00:00,1.0
2021-04-05 18:41:48+00:00,1.0
2021-04-07 14:50:16+00:00,1.0
2021-04-23 02:18:17+00:00,3.0
2021-04-17 20:55:44+00:00,1.0
2021-04-16 11:35:21+00:00,2.0
2021-04-25 06:09:24+00:00,1.0
2021-04-19 23:42:18+00:00,1.0
2021-04-14 14:33:15+00:00,1.0
2021-04-12 08:31:49+00:00,1.0
2021-05-02 22:51:33+00:00,1.0
2021-04-11 04:28:33+00:00,2.0
2021-04-21 00:16:04+00:00,0.0
2021-04-17 23:38:08+00:00,2.0
2021-04-18 06:02:10+00:00,1.0
2021-04-06 11:55:27+00:00,1.0
2021-04-10 10:38:26+00:00,1.95
2021-04-10 21:50:17+00:00,1.0
2021-04-12 22:55:57+00:00,1.0
2021-04-24 18:21:10+00:00,1.0
2021-04-28 04:07:01+00:00,0.0
2021-04-16 07:45:47+00:00,2.0
2021-04-10 10:41:20+00:00,1.95
2021-04-25 00:45:46+00:00,1.0
2021-04-24 18:35:17+00:00,1.0
2021-04-15 22:13:37+00:00,1.0
2021-04-16 22:14:30+00:00,0.0
2021-04-14 13:59:59+00:00,1.0
2021-04-29 18:22:46+00:00,0.0
2021-04-29 06:03:55+00:00,0.0
2021-04-07 15:40:55+00:00,1.0
2021-04-27 17:11:24+00:00,0.0
2021-05-02 14:28:41+00:00,1.0
2021-04-14 11:41:36+00:00,1.0
2021-04-08 06:14:34+00:00,1.0
2021-04-23 09:22:11+00:00,8.5
2021-04-22 00:00:28+00:00,0.0
2021-04-30 09:40:25+00:00,0.0
2021-05-03 00:34:49+00:00,1.0
2021-04-27 07:02:01+00:00,0.0
2021-04-25 10:26:32+00:00,1.0
2021-04-13 19:27:48+00:00,2.0
2021-04-30 00:16:49+00:00,0.0
2021-05-02 13:52:01+00:00,59.0
2021-04-22 18:52:10+00:00,0.0
2021-04-24 13:22:41+00:00,1.0
2021-05-03 23:44:51+00:00,1.0
2021-04-24 18:31:54+00:00,1.0
2021-04-16 20:34:23+00:00,0.0
2021-04-28 12:07:27+00:00,1.0
2021-04-26 02:05:53+00:00,0.0
2021-04-11 17:39:37+00:00,1.0
2021-04-20 14:02:08+00:00,1.0
2021-04-22 17:55:37+00:00,0.0
2021-04-14 01:01:11+00:00,1.0
2021-04-29 07:01:16+00:00,0.0
2021-04-18 08:16:30+00:00,1.0
2021-04-10 04:25:03+00:00,1.95
2021-04-23 08:29:18+00:00,8.5
2021-04-05 23:55:51+00:00,1.0
2021-04-13 05:29:23+00:00,1.0
2021-04-18 19:25:00+00:00,2.0
2021-04-14 19:38:06+00:00,2.0
2021-05-01 12:20:53+00:00,0.0
2021-05-01 17:19:52+00:00,0.0
2021-04-14 11:07:27+00:00,1.0
2021-04-28 18:10:39+00:00,1.0
2021-04-09 05:05:28+00:00,1.0
2021-04-13 00:33:26+00:00,1.0
2021-04-06 04:45:56+00:00,1.0
2021-04-29 11:21:24+00:00,0.0
2021-04-15 20:04:19+00:00,1.0
2021-04-26 21:02:19+00:00,0.0
2021-04-11 18:26:17+00:00,1.0
2021-05-01 03:41:30+00:00,0.0
2021-04-22 02:42:26+00:00,0.0
2021-04-22 14:14:36+00:00,0.0
2021-04-06 05:05:58+00:00,1.0
2021-04-10 22:46:51+00:00,2.0
2021-04-19 09:03:57+00:00,2.0
2021-04-22 16:57:48+00:00,0.0
2021-04-13 11:28:03+00:00,1.0
2021-04-25 02:36:57+00:00,1.0
2021-04-11 08:45:14+00:00,2.0
2021-04-18 23:23:35+00:00,1.0
2021-04-23 14:25:54+00:00,5.0
2021-04-13 19:06:54+00:00,1.0
2021-04-19 16:49:04+00:00,1.0
2021-04-20 14:02:33+00:00,2.0
2021-04-20 16:39:20+00:00,1.0
2021-04-08 19:52:58+00:00,2.0
2021-04-05 13:56:23+00:00,1.0
2021-04-12 11:34:05+00:00,1.0
2021-04-11 02:08:21+00:00,2.0
2021-04-29 10:47:40+00:00,0.0
2021-04-24 19:12:02+00:00,1.0
2021-04-29 21:45:24+00:00,0.0
2021-04-09 07:21:36+00:00,1.0
2021-05-02 22:04:39+00:00,1.0
2021-04-22 08:58:51+00:00,0.0
2021-05-01 03:17:59+00:00,0.0
2021-05-03 15:00:29+00:00,1.0
2021-04-19 16:25:27+00:00,1.0
2021-04-20 21:09:31+00:00,1.0
2021-04-16 08:58:07+00:00,1.0
2021-04-29 18:41:18+00:00,0.0
2021-04-17 23:29:17+00:00,1.0
2021-04-14 02:04:18+00:00,2.0
2021-04-28 00:42:36+00:00,0.0
2021-05-01 01:35:46+00:00,0.0
2021-04-15 15:05:58+00:00,1.0
2021-04-07 22:04:43+00:00,1.0
2021-04-14 19:18:32+00:00,1.0
2021-04-23 15:18:22+00:00,1.0
2021-04-29 19:20:24+00:00,0.0
2021-04-21 03:43:32+00:00,0.0
2021-04-10 01:44:03+00:00,1.95
2021-04-27 11:15:43+00:00,0.0
2021-04-07 06:18:09+00:00,1.0
2021-04-23 19:35:38+00:00,1.0
2021-04-07 18:39:05+00:00,1.0
2021-04-15 15:02:35+00:00,1.0
2021-05-03 20:26:25+00:00,1.0
2021-04-20 23:21:40+00:00,0.0
2021-04-13 13:08:20+00:00,1.0
2021-05-01 00:53:08+00:00,0.0
2021-04-20 20:48:06+00:00,2.0
2021-04-13 12:54:10+00:00,1.0
2021-04-27 01:23:18+00:00,0.0
2021-04-08 21:00:33+00:00,1.0
2021-04-24 21:29:04+00:00,1.0
2021-04-07 05:15:44+00:00,1.0
2021-04-29 13:58:45+00:00,0.0
2021-04-30 01:27:02+00:00,0.0
2021-04-27 15:21:46+00:00,0.0
2021-04-30 15:12:07+00:00,0.0
2021-05-03 01:39:06+00:00,1.0
2021-04-14 22:12:46+00:00,2.0
2021-04-25 22:54:41+00:00,0.0
2021-04-16 04:49:20+00:00,2.0
2021-05-01 02:10:47+00:00,0.0
2021-04-10 10:50:05+00:00,1.95
2021-04-25 17:42:18+00:00,1.0
2021-04-17 16:35:25+00:00,0.0
2021-04-11 17:30:12+00:00,2.0
2021-04-16 05:33:50+00:00,2.0
2021-04-05 00:43:19+00:00,1.0
2021-04-30 09:11:30+00:00,0.0
2021-04-08 08:27:46+00:00,1.0
2021-05-03 12:14:06+00:00,1.0
2021-05-03 05:51:10+00:00,1.0
2021-05-03 22:14:15+00:00,1.0
2021-04-28 07:01:24+00:00,0.0
2021-04-26 09:57:44+00:00,0.0
2021-05-01 05:42:19+00:00,0.0
2021-04-25 12:29:12+00:00,1.0
2021-04-25 14:15:24+00:00,1.0
2021-04-14 05:52:10+00:00,1.0
2021-04-29 13:44:21+00:00,0.0
2021-04-21 22:37:47+00:00,0.0
2021-04-07 01:50:59+00:00,1.0
2021-04-08 22:41:19+00:00,1.0
2021-04-22 19:49:18+00:00,0.0
2021-04-23 18:20:31+00:00,1.0
2021-04-27 04:13:29+00:00,0.0
2021-04-11 05:20:42+00:00,2.0
2021-04-15 04:05:26+00:00,2.0
2021-04-10 11:32:18+00:00,1.95
2021-04-13 19:57:30+00:00,1.0
2021-04-11 15:51:18+00:00,2.0
2021-04-24 18:45:45+00:00,1.0
2021-04-27 14:29:23+00:00,0.0
2021-04-18 04:08:29+00:00,1.0
2021-04-12 06:42:07+00:00,1.0
2021-04-28 19:19:32+00:00,1.0
2021-04-11 08:22:49+00:00,1.0
2021-04-18 06:09:22+00:00,1.0
2021-04-20 19:36:04+00:00,2.0
2021-04-29 02:58:00+00:00,0.0
2021-04-19 11:44:45+00:00,2.0
2021-05-03 11:25:42+00:00,1.0
2021-05-02 18:12:01+00:00,1.0
2021-04-23 14:47:19+00:00,9.0
2021-04-19 15:50:31+00:00,1.0
2021-04-18 16:00:37+00:00,1.0
2021-04-15 10:57:17+00:00,1.0
2021-04-08 06:05:00+00:00,1.0
2021-04-11 09:18:37+00:00,1.0
2021-04-06 09:02:08+00:00,1.0
2021-04-28 14:12:33+00:00,1.0
2021-05-02 15:41:18+00:00,1.0
2021-05-02 12:09:27+00:00,0.0
2021-04-23 23:59:24+00:00,1.0
2021-04-23 10:08:37+00:00,5.0
2021-04-29 01:38:11+00:00,0.0
2021-04-11 18:19:42+00:00,2.0
2021-04-22 01:17:29+00:00,0.0
2021-04-19 13:23:56+00:00,1.0
2021-04-17 10:01:59+00:00,0.0
2021-04-23 04:33:39+00:00,3.0
2021-04-21 04:03:22+00:00,0.0
2021-04-24 21:13:00+00:00,1.0
2021-04-29 12:30:15+00:00,0.0
2021-04-28 23:41:26+00:00,0.0
2021-04-06 23:34:38+00:00,1.0
2021-04-08 16:41:26+00:00,1.0
2021-05-03 21:11:09+00:00,1.0
2021-04-11 15:01:59+00:00,2.0
2021-05-01 13:03:20+00:00,0.0
2021-04-28 05:28:29+00:00,0.0
2021-05-03 19:32:26+00:00,1.0
2021-04-25 10:31:31+00:00,1.0
2021-04-13 07:13:11+00:00,1.0
2021-04-18 22:28:02+00:00,1.0
2021-04-15 23:30:53+00:00,1.0
2021-04-26 19:33:15+00:00,0.0
2021-04-06 13:15:41+00:00,1.0
2021-04-14 02:48:08+00:00,1.0
2021-04-12 03:37:05+00:00,1.0
2021-04-28 05:51:10+00:00,0.0
2021-04-23 21:14:26+00:00,1.0
2021-04-13 02:51:03+00:00,1.0
2021-04-10 16:31:50+00:00,140.0
2021-04-08 21:06:19+00:00,2.0
2021-04-21 05:59:32+00:00,0.0
2021-05-02 17:15:37+00:00,1.0
2021-04-12 14:02:39+00:00,1.0
2021-04-30 21:08:27+00:00,0.0
2021-04-11 22:22:43+00:00,2.0
2021-04-17 08:28:45+00:00,0.0
2021-04-06 16:23:29+00:00,1.0
2021-04-25 16:07:59+00:00,1.0
2021-05-03 06:51:28+00:00,1.0
2021-04-16 20:00:26+00:00,0.0
2021-04-06 19:27:33+00:00,1.0
2021-04-12 15:20:25+00:00,2.0
2021-04-21 16:53:24+00:00,5.0
2021-04-27 03:58:41+00:00,0.0
2021-04-10 10:32:03+00:00,1.95
2021-04-26 12:58:41+00:00,0.0
2021-04-06 05:30:36+00:00,1.0
2021-04-17 15:58:08+00:00,0.0
2021-04-29 06:29:54+00:00,0.0
2021-05-03 04:56:31+00:00,1.0
2021-04-25 11:58:12+00:00,1.0
2021-04-06 01:09:11+00:00,1.0
2021-04-13 15:14:12+00:00,1.0
2021-04-19 21:34:58+00:00,2.0
2021-04-21 02:09:29+00:00,0.0
2021-04-09 00:10:35+00:00,1.0
2021-04-23 07:33:31+00:00,3.0
2021-04-30 05:55:15+00:00,0.0
2021-04-25 20:48:32+00:00,0.0
2021-04-08 21:36:28+00:00,2.0
2021-04-30 04:44:16+00:00,0.0
2021-04-19 18:54:20+00:00,2.0
2021-04-17 14:29:13+00:00,0.0
2021-04-27 18:09:30+00:00,0.0
2021-04-19 14:12:44+00:00,2.0
2021-04-10 22:46:53+00:00,2.0
2021-04-24 18:02:21+00:00,1.0
2021-04-22 12:35:49+00:00,0.0
2021-04-24 15:16:08+00:00,1.0
2021-04-17 07:44:56+00:00,0.0
2021-04-11 17:59:11+00:00,1.0
2021-04-17 18:13:41+00:00,1.0
2021-04-05 22:00:15+00:00,1.0
2021-04-09 16:49:57+00:00,1.0
2021-04-15 04:39:24+00:00,1.0
2021-05-01 01:50:59+00:00,0.0
2021-04-11 02:05:34+00:00,1.0
2021-04-27 11:12:11+00:00,0.0
2021-04-28 08:17:55+00:00,0.0
2021-04-22 07:00:52+00:00,0.0
2021-04-20 02:10:33+00:00,1.0
2021-04-18 21:10:40+00:00,1.0
2021-04-21 13:38:00+00:00,0.0
2021-04-15 14:45:55+00:00,1.0
2021-04-17 02:02:42+00:00,0.0
2021-04-08 15:17:08+00:00,1.0
2021-04-22 01:20:13+00:00,0.0
2021-04-30 19:32:21+00:00,0.0
2021-04-24 08:38:56+00:00,1.0
2021-04-19 10:24:07+00:00,1.0
2021-04-23 07:42:07+00:00,3.0
2021-04-05 21:02:50+00:00,1.0
2021-04-12 09:45:44+00:00,1.0
2021-04-05 00:12:23+00:00,1.0
2021-04-25 15:46:04+00:00,1.0
2021-04-06 17:16:54+00:00,1.0
2021-04-25 09:50:21+00:00,77.0
2021-04-29 16:45:10+00:00,0.0
2021-04-28 14:58:45+00:00,1.0
2021-04-29 00:20:18+00:00,0.0
2021-05-01 15:19:53+00:00,0.0
2021-05-03 13:25:47+00:00,1.0
2021-04-29 00:02:13+00:00,0.0
2021-04-09 02:38:50+00:00,1.0
2021-04-24 11:17:25+00:00,1.0
2021-05-02 23:38:46+00:00,1.0
2021-04-24 05:40:29+00:00,1.0
2021-04-17 16:32:57+00:00,0.0
2021-04-23 10:34:28+00:00,85.0
2021-04-30 13:12:51+00:00,0.0
2021-04-11 11:56:09+00:00,1.0
2021-04-20 12:08:52+00:00,1.0
2021-04-06 03:52:09+00:00,1.0
2021-04-09 12:19:18+00:00,1.0
2021-04-22 03:58:17+00:00,0.0
2021-04-14 04:53:22+00:00,1.0
2021-04-25 21:25:29+00:00,0.0
2021-04-07 09:30:05+00:00,1.0
2021-04-29 13:37:34+00:00,0.0
2021-04-11 09:19:32+00:00,1.0
2021-04-06 19:27:15+00:00,1.0
2021-04-24 23:33:59+00:00,1.0
2021-04-10 09:01:36+00:00,1.95
2021-04-14 04:40:26+00:00,2.0
2021-04-20 01:10:10+00:00,1.0
2021-04-09 04:04:39+00:00,2.0
2021-04-22 03:37:05+00:00,0.0
2021-04-15 22:42:26+00:00,2.0
2021-05-03 05:34:23+00:00,1.0
2021-04-26 18:32:38+00:00,0.0
2021-04-16 00:04:09+00:00,2.0
2021-05-01 01:48:42+00:00,0.0
2021-04-19 14:03:37+00:00,1.0
2021-04-19 06:22:35+00:00,1.0
2021-05-01 09:28:14+00:00,0.0
2021-04-26 06:56:40+00:00,0.0
2021-04-16 08:20:51+00:00,1.0
2021-04-16 07:50:49+00:00,1.0
2021-04-22 17:01:25+00:00,0.0
2021-04-08 10:53:13+00:00,1.0
2021-05-02 22:16:34+00:00,2.0
2021-04-08 03:47:48+00:00,1.0
2021-04-18 07:03:43+00:00,2.0
2021-04-25 08:35:23+00:00,1.0
2021-04-12 03:56:27+00:00,1.0
2021-04-06 19:09:06+00:00,1.0
2021-04-14 17:26:42+00:00,1.0
2021-04-06 00:41:28+00:00,1.0
2021-04-05 23:09:57+00:00,1.0
2021-04-06 20:53:34+00:00,1.0
2021-04-23 02:00:48+00:00,3.0
2021-05-02 15:14:39+00:00,1.0
2021-04-13 06:37:55+00:00,1.0
2021-04-26 03:26:38+00:00,0.0
2021-04-13 12:38:36+00:00,1.0
2021-05-03 18:10:49+00:00,1.0
2021-04-23 01:02:21+00:00,3.0
2021-04-10 21:45:14+00:00,1.0
2021-04-24 13:26:58+00:00,1.0
2021-04-16 05:43:15+00:00,1.0
2021-04-21 20:25:35+00:00,2.0
2021-04-16 21:08:14+00:00,0.0
2021-04-16 07:29:42+00:00,1.0
2021-04-29 09:31:27+00:00,0.0
2021-04-22 14:06:41+00:00,0.0
2021-04-12 04:36:09+00:00,1.0
2021-04-22 17:00:00+00:00,0.0
2021-04-05 07:11:35+00:00,1.0
2021-04-07 11:11:01+00:00,1.0
2021-04-21 13:34:29+00:00,0.0
2021-04-11 19:48:24+00:00,1.0
2021-04-26 20:55:29+00:00,0.0
2021-04-28 09:56:11+00:00,1.0
2021-04-05 22:42:23+00:00,1.0
2021-04-17 02:51:42+00:00,0.0
2021-04-26 23:26:59+00:00,0.0
2021-04-14 07:22:47+00:00,2.0
2021-04-16 16:18:18+00:00,1.0
2021-04-27 02:04:02+00:00,0.0
2021-04-05 01:03:58+00:00,1.0
2021-04-25 13:44:25+00:00,1.0
2021-04-14 00:43:14+00:00,2.0
2021-04-19 03:23:54+00:00,2.0
2021-05-02 06:43:28+00:00,0.0
2021-04-29 07:06:46+00:00,0.0
2021-04-10 08:47:25+00:00,1.95
2021-04-05 17:56:08+00:00,1.0
2021-04-15 04:21:11+00:00,1.0
2021-04-22 11:29:59+00:00,0.0
2021-04-20 21:07:39+00:00,1.0
2021-04-15 16:57:23+00:00,1.0
2021-04-09 06:28:51+00:00,1.0
2021-04-07 06:02:36+00:00,1.0
2021-04-22 14:00:10+00:00,0.0
2021-04-25 09:10:17+00:00,99.0
2021-05-01 19:56:05+00:00,0.0
2021-04-27 09:17:42+00:00,0.0
2021-04-10 23:20:11+00:00,2.0
2021-04-08 06:46:49+00:00,1.0
2021-04-11 11:56:06+00:00,1.0
2021-04-06 08:56:42+00:00,1.0
2021-04-21 15:03:22+00:00,0.0
2021-04-26 16:02:53+00:00,0.0
2021-04-30 23:55:33+00:00,0.0
2021-04-13 15:10:52+00:00,2.0
2021-04-25 14:51:55+00:00,1.0
2021-04-19 06:21:18+00:00,2.0
2021-04-11 19:27:44+00:00,1.0
2021-04-10 05:26:28+00:00,1.95
2021-04-11 04:25:32+00:00,2.0
2021-04-13 16:00:16+00:00,2.0
2021-04-12 13:56:59+00:00,1.0
2021-04-26 09:57:38+00:00,0.0
2021-04-21 10:30:43+00:00,0.0
2021-04-23 11:27:30+00:00,8.0
2021-04-05 16:17:40+00:00,1.0
2021-04-10 22:51:02+00:00,1.0
2021-04-16 01:11:38+00:00,1.0
2021-04-05 13:28:37+00:00,1.0
2021-04-19 11:51:25+00:00,1.0
2021-04-23 22:58:58+00:00,1.0
2021-04-14 11:29:53+00:00,1.0
2021-04-17 17:31:46+00:00,0.0
2021-04-13 17:04:32+00:00,2.0
2021-04-14 16:18:17+00:00,2.0
2021-04-19 00:58:08+00:00,1.0
2021-04-29 20:11:00+00:00,0.0
2021-04-17 15:15:37+00:00,0.0
2021-04-09 03:09:29+00:00,1.0
2021-04-26 03:32:34+00:00,0.0
2021-04-19 00:59:49+00:00,1.0
2021-04-07 20:54:41+00:00,1.0
2021-04-18 09:38:52+00:00,1.0
2021-04-13 07:41:51+00:00,1.0
2021-04-26 05:38:13+00:00,0.0
2021-04-25 00:07:36+00:00,1.0
2021-04-29 09:30:13+00:00,0.0
2021-04-15 03:03:29+00:00,2.0
2021-04-28 02:00:38+00:00,0.0
2021-04-25 20:22:45+00:00,0.0
2021-04-23 08:19:15+00:00,8.5
2021-04-20 07:51:18+00:00,1.0
2021-04-26 15:35:47+00:00,0.0
2021-04-24 19:08:09+00:00,1.0
2021-04-22 10:00:38+00:00,0.0
2021-04-21 08:33:16+00:00,0.0
2021-04-20 11:07:43+00:00,1.0
2021-04-26 08:50:18+00:00,0.0
2021-04-29 20:19:45+00:00,0.0
2021-04-24 06:44:41+00:00,1.0
2021-05-02 17:06:01+00:00,1.0
2021-04-20 01:50:04+00:00,2.0
2021-04-20 01:46:41+00:00,1.0
2021-04-10 14:41:49+00:00,1.95
2021-04-25 09:20:07+00:00,107.0
2021-04-14 17:34:13+00:00,1.0
2021-04-27 13:19:59+00:00,0.0
2021-04-17 04:13:31+00:00,0.0
2021-04-05 13:39:58+00:00,1.0
2021-04-12 18:01:16+00:00,1.0
2021-04-30 18:50:58+00:00,0.0
2021-04-21 17:23:26+00:00,5.0
2021-04-27 00:25:25+00:00,0.0
2021-04-13 04:41:17+00:00,1.0
2021-04-07 00:21:16+00:00,1.0
2021-04-17 19:22:47+00:00,1.0
2021-04-16 05:27:36+00:00,2.0
2021-05-03 11:46:20+00:00,1.0
2021-04-30 00:21:52+00:00,0.0
2021-04-16 00:15:33+00:00,1.0
2021-04-12 12:42:08+00:00,1.0
2021-05-01 12:05:24+00:00,0.0
2021-04-19 04:41:41+00:00,2.0
2021-04-16 09:49:02+00:00,1.0
2021-04-23 22:23:26+00:00,1.0
2021-04-06 13:37:29+00:00,1.0
2021-04-09 03:27:18+00:00,1.0
2021-04-18 16:29:45+00:00,1.0
2021-04-28 14:16:49+00:00,1.0
2021-04-20 01:53:43+00:00,1.0
2021-05-02 20:01:08+00:00,1.0
2021-04-05 00:24:54+00:00,1.0
2021-04-30 07:56:07+00:00,0.0
2021-04-19 19:55:40+00:00,1.0
2021-04-05 20:29:15+00:00,1.0
2021-04-25 12:34:39+00:00,1.0
2021-05-03 23:38:32+00:00,1.0
2021-04-14 04:16:33+00:00,1.0
2021-04-24 04:23:56+00:00,1.0
2021-04-18 16:37:42+00:00,1.0
2021-04-21 22:39:23+00:00,0.0
2021-04-06 09:35:47+00:00,1.0
2021-04-22 07:30:36+00:00,0.0
2021-05-03 19:03:13+00:00,1.0
2021-04-15 19:45:23+00:00,1.0
2021-04-20 23:58:50+00:00,0.0
2021-04-14 00:55:18+00:00,2.0
2021-04-29 02:39:20+00:00,0.0
2021-04-06 20:58:16+00:00,1.0
2021-04-23 23:04:52+00:00,1.0
2021-04-24 07:43:30+00:00,1.0
2021-04-26 10:28:21+00:00,0.0
2021-04-05 20:08:57+00:00,1.0
2021-04-27 11:16:53+00:00,0.0
2021-04-22 20:23:27+00:00,0.0
2021-04-16 20:03:04+00:00,0.0
2021-04-12 02:05:17+00:00,1.0
2021-04-22 12:02:15+00:00,0.0
2021-04-18 17:07:13+00:00,2.0
2021-04-12 16:04:11+00:00,1.0
2021-04-06 16:45:39+00:00,1.0
2021-04-25 16:42:19+00:00,1.0
2021-04-20 16:50:52+00:00,1.0
2021-05-02 12:56:16+00:00,0.0
2021-04-19 02:56:08+00:00,2.0
2021-04-20 03:53:56+00:00,1.0
2021-04-22 23:42:40+00:00,3.0
2021-04-20 14:09:30+00:00,1.0
2021-04-13 11:10:13+00:00,1.0
2021-04-07 11:57:54+00:00,1.0
2021-04-22 12:48:18+00:00,0.0
2021-04-29 22:27:42+00:00,0.0
2021-04-12 19:22:47+00:00,1.0
2021-04-16 03:45:36+00:00,1.0
2021-04-13 11:11:47+00:00,1.0
2021-04-23 00:32:53+00:00,3.0
2021-04-22 23:20:57+00:00,3.0
2021-04-08 11:44:11+00:00,1.0
2021-04-13 20:37:17+00:00,2.0
2021-05-01 12:03:07+00:00,0.0
2021-04-19 19:03:03+00:00,1.0
2021-04-21 17:51:31+00:00,2.0
2021-04-11 00:11:54+00:00,1.0
2021-04-24 21:04:44+00:00,1.0
2021-04-17 13:40:32+00:00,0.0
2021-05-01 20:35:42+00:00,0.0
2021-04-19 12:18:32+00:00,1.0
2021-05-03 20:10:02+00:00,1.0
2021-04-25 23:10:23+00:00,0.0
2021-04-17 22:58:36+00:00,1.0
2021-04-08 03:30:59+00:00,1.0
2021-04-27 23:58:14+00:00,0.0
2021-04-16 09:59:56+00:00,1.0
2021-04-28 06:46:40+00:00,0.0
2021-04-23 04:48:43+00:00,3.0
2021-04-12 19:49:46+00:00,2.0
2021-04-25 02:07:04+00:00,1.0
2021-04-16 11:09:28+00:00,1.0
2021-04-14 06:14:49+00:00,1.0
2021-04-14 11:39:12+00:00,1.0
2021-04-13 20:12:39+00:00,1.0
2021-04-16 07:08:55+00:00,1.0
2021-04-27 04:11:30+00:00,0.0
2021-04-09 16:47:05+00:00,1.0
2021-04-28 05:12:17+00:00,0.0
2021-05-01 01:01:04+00:00,0.0
2021-04-20 00:05:17+00:00,1.5
2021-04-22 06:54:56+00:00,0.0
2021-04-20 10:39:29+00:00,1.0
2021-04-06 04:32:22+00:00,1.0
2021-04-11 07:29:53+00:00,1.0
2021-04-06 20:15:14+00:00,1.0
2021-04-10 12:12:49+00:00,1.95
2021-05-01 20:38:30+00:00,0.0
2021-04-06 18:52:57+00:00,1.0
2021-04-07 12:21:36+00:00,1.0
2021-04-27 14:00:52+00:00,0.0
2021-04-15 23:23:46+00:00,1.0
2021-04-24 00:04:53+00:00,1.0
2021-04-25 05:58:49+00:00,1.0
2021-04-19 12:01:21+00:00,2.0
2021-04-10 04:02:03+00:00,1.95
2021-05-03 12:15:42+00:00,1.0
2021-04-13 03:55:32+00:00,1.0
2021-04-08 23:34:38+00:00,1.0
2021-04-24 08:41:45+00:00,1.0
2021-04-07 07:05:46+00:00,1.0
2021-04-05 18:36:13+00:00,1.0
2021-04-14 20:54:36+00:00,1.0
2021-04-20 04:45:16+00:00,1.0
2021-04-18 04:09:30+00:00,1.0
2021-05-01 14:33:14+00:00,0.0
2021-04-26 17:25:17+00:00,0.0
2021-04-26 17:34:32+00:00,0.0
2021-04-12 10:12:51+00:00,1.0
2021-05-03 13:56:20+00:00,1.0
2021-04-08 21:28:54+00:00,1.0
2021-04-28 15:14:10+00:00,1.0
2021-04-29 07:42:16+00:00,0.0
2021-04-16 07:53:03+00:00,2.0
2021-04-12 17:35:23+00:00,1.0
2021-04-21 20:30:18+00:00,2.0
2021-04-20 22:28:32+00:00,0.0
2021-04-11 12:21:50+00:00,2.0
2021-04-05 11:36:08+00:00,1.0
2021-04-20 19:06:13+00:00,1.0
2021-05-03 13:54:59+00:00,1.0
2021-04-18 22:17:38+00:00,1.0
2021-04-16 23:19:39+00:00,0.0
2021-04-09 19:30:33+00:00,1.0
2021-04-09 11:03:59+00:00,1.0
2021-04-16 00:42:22+00:00,1.0
2021-04-16 12:08:48+00:00,2.0
2021-04-07 02:43:33+00:00,1.0
2021-04-23 16:08:58+00:00,1.0
2021-04-12 20:07:27+00:00,1.0
2021-04-09 15:01:24+00:00,1.0
2021-04-29 01:11:40+00:00,0.0
2021-05-01 07:50:57+00:00,0.0
2021-04-22 15:28:43+00:00,0.0
2021-04-21 15:11:57+00:00,0.0
2021-04-19 01:28:37+00:00,2.0
2021-04-21 12:22:44+00:00,0.0
2021-05-02 05:22:33+00:00,0.0
2021-04-25 11:00:27+00:00,1.0
2021-04-24 05:26:26+00:00,1.0
2021-04-07 13:52:00+00:00,1.0
2021-04-17 02:25:41+00:00,0.0
2021-04-06 04:52:09+00:00,1.0
2021-04-07 11:51:48+00:00,1.0
2021-04-11 00:43:40+00:00,2.0
2021-04-19 02:21:59+00:00,2.0
2021-04-17 05:26:33+00:00,0.0
2021-04-24 12:06:55+00:00,1.0
2021-04-08 10:28:54+00:00,1.0
2021-04-16 17:18:25+00:00,0.0
2021-04-19 12:29:50+00:00,2.0
2021-05-03 22:12:32+00:00,1.0
2021-04-15 11:57:03+00:00,2.0
2021-04-21 15:32:22+00:00,0.0
2021-04-25 08:15:18+00:00,1.0
2021-04-27 06:36:29+00:00,0.0
2021-04-12 20:18:42+00:00,1.0
2021-04-27 04:14:04+00:00,0.0
2021-05-01 23:11:13+00:00,0.0
2021-04-24 19:16:50+00:00,1.0
2021-04-15 01:16:54+00:00,1.0
2021-04-05 03:32:20+00:00,1.0
2021-04-25 19:04:58+00:00,0.0
2021-04-24 11:55:04+00:00,1.0
2021-04-09 21:39:12+00:00,1.95
2021-04-05 02:41:48+00:00,1.0
2021-04-24 10:58:31+00:00,1.0
2021-04-05 06:00:07+00:00,1.0
2021-04-30 08:08:01+00:00,0.0
2021-04-12 06:39:39+00:00,2.0
2021-04-15 07:40:34+00:00,2.0
2021-05-02 05:21:31+00:00,0.0
2021-04-12 00:03:10+00:00,1.0
2021-04-24 00:31:42+00:00,1.0
2021-04-19 05:43:41+00:00,1.0
2021-04-27 17:51:22+00:00,0.0
2021-04-24 11:52:52+00:00,2.0
2021-04-23 03:36:18+00:00,3.0
2021-04-09 08:29:19+00:00,1.0
2021-04-29 03:06:03+00:00,0.0
2021-04-11 18:35:30+00:00,1.0
2021-04-25 19:47:51+00:00,0.0
2021-04-18 01:47:22+00:00,2.0
2021-04-25 18:59:07+00:00,0.0
2021-04-09 18:42:54+00:00,1.0
2021-04-20 10:52:05+00:00,1.0
2021-04-28 17:29:04+00:00,1.0
2021-04-10 18:35:51+00:00,1.0
2021-05-03 14:37:21+00:00,1.0
2021-04-26 12:14:52+00:00,0.0
2021-04-09 02:14:48+00:00,1.0
2021-04-26 05:33:04+00:00,0.0
2021-04-19 12:58:15+00:00,1.0
2021-04-24 18:00:26+00:00,1.0
2021-04-20 15:48:04+00:00,1.0
2021-05-01 05:20:21+00:00,0.0
2021-04-26 02:30:05+00:00,0.0
2021-04-07 13:54:24+00:00,1.0
2021-05-02 12:54:49+00:00,0.0
2021-04-06 22:12:26+00:00,1.0
2021-05-01 05:41:39+00:00,0.0
2021-04-08 03:03:40+00:00,1.0
2021-04-19 06:44:08+00:00,2.0
2021-04-14 10:29:05+00:00,1.0
2021-04-19 02:06:32+00:00,1.0
2021-04-11 14:26:26+00:00,1.0
2021-04-05 19:18:24+00:00,1.0
2021-04-15 04:43:27+00:00,2.0
2021-04-15 08:00:25+00:00,2.0
2021-04-11 23:29:47+00:00,1.0
2021-04-28 10:20:10+00:00,1.0
2021-04-06 20:42:28+00:00,1.0
2021-04-13 10:59:14+00:00,1.0
2021-04-07 16:23:38+00:00,1.0
2021-04-06 05:00:20+00:00,1.0
2021-04-17 04:38:17+00:00,0.0
2021-04-19 07:50:39+00:00,1.0
2021-04-11 08:04:11+00:00,2.0
2021-05-02 04:12:18+00:00,0.0
2021-04-28 17:33:03+00:00,1.0
2021-04-10 06:14:02+00:00,1.95
2021-04-29 21:51:26+00:00,0.0
2021-04-14 08:11:04+00:00,1.0
2021-04-05 06:36:32+00:00,1.0
2021-04-07 10:15:33+00:00,1.0
2021-04-16 07:40:08+00:00,1.0
2021-04-07 15:17:45+00:00,1.0
2021-04-09 08:11:24+00:00,2.0
2021-04-18 17:22:54+00:00,2.0
2021-04-16 20:06:51+00:00,0.0
2021-04-07 07:12:38+00:00,1.0
2021-04-30 21:02:15+00:00,0.0
2021-04-23 00:23:57+00:00,3.0
2021-04-28 02:26:20+00:00,0.0
2021-04-11 13:42:23+00:00,1.0
2021-04-23 17:46:32+00:00,1.0
2021-04-30 23:00:59+00:00,0.0
2021-04-27 00:03:36+00:00,0.0
2021-04-23 20:18:47+00:00,1.0
2021-04-21 14:58:36+00:00,0.0
2021-04-13 23:00:13+00:00,2.0
2021-04-14 16:34:49+00:00,2.0
2021-04-29 21:24:03+00:00,0.0
2021-04-20 17:00:25+00:00,1.0
2021-04-25 11:35:31+00:00,1.0
2021-04-14 05:42:38+00:00,2.0
2021-04-08 02:33:02+00:00,1.0
2021-05-02 02:30:58+00:00,0.0
2021-04-16 09:48:42+00:00,1.0
2021-04-24 10:59:11+00:00,1.0
2021-04-21 16:11:18+00:00,17.0
2021-04-12 12:48:19+00:00,2.0
2021-05-01 15:40:54+00:00,0.0
2021-04-19 03:14:30+00:00,1.0
2021-04-19 04:41:31+00:00,2.0
2021-04-14 22:13:30+00:00,2.0
2021-04-27 07:41:33+00:00,0.0
2021-04-20 17:18:33+00:00,1.0
2021-04-28 11:59:12+00:00,1.0
2021-04-10 12:37:17+00:00,1.95
2021-04-21 06:39:01+00:00,0.0
2021-04-14 23:39:07+00:00,1.0
2021-04-09 15:51:05+00:00,1.0
2021-04-28 09:17:30+00:00,178.0
2021-04-28 07:08:18+00:00,0.0
2021-04-27 20:13:22+00:00,0.0
2021-04-18 09:56:54+00:00,1.0
2021-04-07 13:00:50+00:00,1.0
2021-04-08 05:21:01+00:00,1.0
2021-04-22 04:44:19+00:00,0.0
2021-04-07 01:06:00+00:00,1.0
2021-04-13 19:23:11+00:00,1.0
2021-04-27 15:23:09+00:00,0.0
2021-04-09 16:40:08+00:00,1.0
2021-04-20 03:38:25+00:00,2.0
2021-04-23 18:05:14+00:00,1.0
2021-04-23 13:26:02+00:00,11.0
2021-04-23 08:45:57+00:00,8.5
2021-04-27 04:46:14+00:00,0.0
2021-04-29 14:09:57+00:00,0.0
2021-04-05 20:20:51+00:00,1.0
2021-04-19 01:52:35+00:00,2.0
2021-04-23 02:26:36+00:00,2.0
2021-04-26 21:19:56+00:00,0.0
2021-05-03 19:58:38+00:00,1.0
2021-05-02 08:53:37+00:00,0.0
2021-04-10 17:07:51+00:00,134.0
2021-04-13 12:50:16+00:00,2.0
2021-04-09 15:47:21+00:00,2.0
2021-04-22 03:54:04+00:00,0.0
2021-04-30 18:21:35+00:00,0.0
2021-04-18 19:34:49+00:00,1.0
2021-04-26 22:27:37+00:00,0.0
2021-04-26 14:38:57+00:00,0.0
2021-05-03 19:57:04+00:00,1.0
2021-04-06 19:38:11+00:00,1.0
2021-04-23 15:01:51+00:00,17.0
2021-04-09 09:32:17+00:00,1.0
2021-05-01 18:04:24+00:00,0.0
2021-04-10 16:21:27+00:00,5.0
2021-04-06 05:06:01+00:00,1.0
2021-04-23 20:32:45+00:00,1.0
2021-04-17 09:30:12+00:00,0.0
2021-04-10 12:54:19+00:00,1.95
2021-04-26 15:39:23+00:00,0.0
2021-04-29 01:43:49+00:00,0.0
2021-04-25 01:17:21+00:00,1.0
2021-04-24 20:23:42+00:00,1.0
2021-04-30 10:40:22+00:00,0.0
2021-04-25 05:04:30+00:00,1.0
2021-04-29 16:43:39+00:00,0.0
2021-04-18 09:25:57+00:00,2.0
2021-05-01 05:54:47+00:00,0.0
2021-04-19 16:02:11+00:00,1.0
2021-04-19 05:39:04+00:00,1.0
2021-04-10 13:58:36+00:00,1.95
2021-04-10 23:39:47+00:00,1.0
2021-04-20 12:41:20+00:00,1.0
2021-05-02 12:06:12+00:00,0.0
2021-04-16 19:26:37+00:00,0.0
2021-04-10 20:33:18+00:00,1.0
2021-04-15 14:37:00+00:00,1.0
2021-04-29 01:10:08+00:00,0.0
2021-04-23 00:33:18+00:00,3.0
2021-04-21 10:59:21+00:00,0.0
2021-04-24 14:20:02+00:00,1.0
2021-04-13 02:22:04+00:00,1.0
2021-04-25 11:04:18+00:00,1.0
2021-04-27 15:16:51+00:00,0.0
2021-04-23 19:48:46+00:00,1.0
2021-04-27 05:32:06+00:00,0.0
2021-04-18 20:33:41+00:00,1.0
2021-04-23 17:14:03+00:00,1.0
2021-04-18 16:45:10+00:00,1.0
2021-04-12 17:06:40+00:00,1.0
2021-04-17 06:23:29+00:00,0.0
2021-04-10 05:51:35+00:00,1.95
2021-04-23 00:14:48+00:00,3.0
2021-04-28 17:00:10+00:00,1.0
2021-04-17 22:57:00+00:00,2.0
2021-04-29 03:05:26+00:00,0.0
2021-04-30 21:09:25+00:00,0.0
2021-04-24 17:56:11+00:00,1.0
2021-04-11 14:09:21+00:00,1.0
2021-04-05 22:01:18+00:00,1.0
2021-04-10 05:51:18+00:00,1.95
2021-04-23 05:43:41+00:00,3.0
2021-04-22 07:53:39+00:00,0.0
2021-04-11 01:29:42+00:00,2.0
2021-04-06 02:43:55+00:00,1.0
2021-05-03 02:49:24+00:00,1.0
2021-04-27 08:36:01+00:00,0.0
2021-04-05 22:07:54+00:00,1.0
2021-04-29 01:14:12+00:00,0.0
2021-04-18 20:45:28+00:00,1.0
2021-04-05 19:23:44+00:00,1.0
2021-04-09 06:27:31+00:00,1.0
2021-05-01 03:14:14+00:00,0.0
2021-04-22 09:14:39+00:00,0.0
2021-04-15 14:09:13+00:00,1.0
2021-04-22 18:21:31+00:00,0.0
2021-04-29 17:40:56+00:00,0.0
2021-04-30 19:57:49+00:00,0.0
2021-04-16 08:19:32+00:00,2.0
2021-04-09 07:09:57+00:00,1.0
2021-04-05 04:01:30+00:00,1.0
2021-04-18 07:35:52+00:00,2.0
2021-04-21 02:20:07+00:00,0.0
2021-04-09 18:02:49+00:00,1.0
2021-04-24 17:11:52+00:00,1.0
2021-04-09 19:11:07+00:00,1.0
2021-04-11 17:30:28+00:00,1.0
2021-04-23 13:02:02+00:00,26.0
2021-04-29 21:36:45+00:00,0.0
2021-04-28 22:14:06+00:00,0.0
2021-04-26 06:34:57+00:00,0.0
2021-04-12 01:45:07+00:00,1.0
2021-04-07 22:20:38+00:00,2.0
2021-04-22 09:30:21+00:00,0.0
2021-04-30 10:53:28+00:00,0.0
2021-04-22 06:06:17+00:00,0.0
2021-05-02 19:19:33+00:00,1.0
2021-04-09 10:30:56+00:00,1.0
2021-04-13 16:20:09+00:00,1.0
2021-04-05 04:35:53+00:00,1.0
2021-04-29 05:31:27+00:00,0.0
2021-04-30 19:31:14+00:00,0.0
2021-04-27 22:32:40+00:00,0.0
2021-04-05 02:44:37+00:00,1.0
2021-04-26 00:02:29+00:00,0.0
2021-04-21 08:59:42+00:00,0.0
2021-04-26 04:27:45+00:00,0.0
2021-04-08 13:43:30+00:00,1.0
2021-05-01 07:09:19+00:00,0.0
2021-04-24 00:08:04+00:00,1.0
2021-04-18 21:13:02+00:00,1.0
2021-04-30 01:10:45+00:00,0.0
2021-04-16 12:29:01+00:00,1.0
2021-04-25 12:57:33+00:00,1.0
2021-04-22 12:41:36+00:00,0.0
2021-04-22 18:57:21+00:00,0.0
2021-04-19 12:43:17+00:00,2.0
2021-04-27 02:30:02+00:00,0.0
2021-04-14 10:45:19+00:00,1.0
2021-04-27 06:28:01+00:00,0.0
2021-04-10 07:46:20+00:00,1.95
2021-04-14 06:01:40+00:00,1.0
2021-04-24 16:32:42+00:00,1.0
2021-05-02 18:28:06+00:00,1.0
2021-04-16 20:02:32+00:00,0.0
2021-04-28 23:59:52+00:00,0.0
2021-04-21 23:14:35+00:00,0.0
2021-04-07 07:17:36+00:00,1.0
2021-05-02 05:18:32+00:00,0.0
2021-04-20 15:06:10+00:00,1.0
2021-04-13 06:29:12+00:00,1.0
2021-04-12 09:13:30+00:00,2.0
2021-04-17 11:04:46+00:00,0.0
2021-04-27 23:13:17+00:00,0.0
2021-05-03 14:15:43+00:00,1.0
2021-04-14 09:19:26+00:00,1.0
2021-04-20 18:45:26+00:00,1.0
2021-04-18 14:34:55+00:00,2.0
2021-04-25 08:31:26+00:00,1.0
2021-05-02 14:55:37+00:00,1.0
2021-04-11 14:16:39+00:00,1.0
2021-05-03 21:41:35+00:00,1.0
2021-04-10 14:33:56+00:00,1.95
2021-04-27 17:19:12+00:00,0.0
2021-04-10 01:03:27+00:00,1.95
2021-04-06 11:37:17+00:00,1.0
2021-04-18 08:28:35+00:00,2.0
2021-04-08 01:57:12+00:00,1.0
2021-04-07 18:50:55+00:00,1.0
2021-04-10 08:24:02+00:00,1.95
2021-04-07 07:42:53+00:00,1.0
2021-04-08 14:26:48+00:00,1.0
2021-05-03 19:30:58+00:00,1.0
2021-04-18 04:32:15+00:00,2.0
2021-04-17 06:10:50+00:00,0.0
2021-04-21 01:48:53+00:00,0.0
2021-04-19 09:59:57+00:00,1.0
2021-05-02 07:52:19+00:00,0.0
2021-05-02 16:21:53+00:00,1.0
2021-04-24 11:29:21+00:00,1.0
2021-04-29 17:01:19+00:00,0.0
2021-04-29 23:03:47+00:00,0.0
2021-04-27 22:53:17+00:00,0.0
2021-04-23 09:41:45+00:00,21.0
2021-04-16 22:41:45+00:00,0.0
2021-04-14 06:27:06+00:00,2.0
2021-04-09 14:59:11+00:00,1.0
2021-04-22 14:02:17+00:00,0.0
2021-04-06 20:56:09+00:00,1.0
2021-05-02 09:38:32+00:00,0.0
2021-04-21 17:01:10+00:00,5.0
2021-04-18 19:27:08+00:00,1.0
2021-04-06 02:56:13+00:00,1.0
2021-04-09 04:08:44+00:00,2.0
2021-04-27 11:57:11+00:00,0.0
2021-05-01 05:01:24+00:00,0.0
2021-04-12 03:47:27+00:00,2.0
2021-04-18 16:53:24+00:00,2.0
2021-04-21 14:42:38+00:00,0.0
2021-04-15 06:52:56+00:00,1.0
2021-04-07 18:58:46+00:00,1.0
2021-04-16 12:02:47+00:00,2.0
2021-05-01 01:03:06+00:00,0.0
2021-04-18 23:59:17+00:00,1.0
2021-04-25 21:49:15+00:00,0.0
2021-05-02 15:20:08+00:00,1.0
2021-04-18 22:41:14+00:00,1.0
2021-04-26 19:37:55+00:00,0.0
2021-04-14 11:35:55+00:00,1.0
2021-04-26 04:29:12+00:00,0.0
2021-04-06 06:28:35+00:00,1.0
2021-04-26 02:14:25+00:00,0.0
2021-04-23 07:06:55+00:00,3.0
2021-04-29 13:45:42+00:00,0.0
2021-04-28 10:07:24+00:00,1.0
2021-04-05 22:06:35+00:00,1.0
2021-05-02 10:22:55+00:00,0.0
2021-04-25 12:37:59+00:00,1.0
2021-04-15 18:35:18+00:00,1.0
2021-04-12 04:15:47+00:00,2.0
2021-04-28 20:21:12+00:00,1.0
2021-04-05 16:41:37+00:00,1.0
2021-04-09 01:54:25+00:00,1.0
2021-04-19 15:30:40+00:00,1.0
2021-04-13 01:33:55+00:00,1.0
2021-04-26 23:07:43+00:00,0.0
2021-04-25 16:05:27+00:00,1.0
2021-04-11 17:11:42+00:00,1.0
2021-04-25 10:33:48+00:00,1.0
2021-04-29 21:35:32+00:00,0.0
2021-05-01 16:19:33+00:00,0.0
2021-04-30 22:30:52+00:00,0.0
2021-05-02 09:24:18+00:00,0.0
2021-04-23 06:35:02+00:00,5.0
2021-04-05 23:39:31+00:00,1.0
2021-04-22 12:55:18+00:00,0.0
2021-04-24 16:08:12+00:00,1.0
2021-04-11 17:06:59+00:00,1.0
2021-04-09 21:59:58+00:00,1.95
2021-04-17 13:56:56+00:00,0.0
2021-05-01 23:45:40+00:00,0.0
2021-04-11 05:33:50+00:00,1.0
2021-04-09 00:41:47+00:00,2.0
2021-04-06 13:58:55+00:00,1.0
2021-04-15 03:32:22+00:00,1.0
2021-04-19 12:21:35+00:00,1.0
2021-04-30 17:06:59+00:00,0.0
2021-04-14 05:37:25+00:00,2.0
2021-04-30 16:55:59+00:00,0.0
2021-04-25 17:33:59+00:00,1.0
2021-04-17 03:08:09+00:00,0.0
2021-04-24 22:38:51+00:00,1.0
2021-04-17 14:08:35+00:00,0.0
2021-04-18 00:17:20+00:00,2.0
2021-04-24 02:11:10+00:00,1.0
2021-04-28 21:12:17+00:00,1.0
2021-04-30 17:14:23+00:00,0.0
2021-04-30 01:25:01+00:00,0.0
2021-04-29 21:38:27+00:00,0.0
2021-04-09 07:25:56+00:00,2.0
2021-04-17 23:31:21+00:00,1.0
2021-04-16 19:53:36+00:00,0.0
2021-04-24 11:29:37+00:00,1.0
2021-04-27 22:07:50+00:00,0.0
2021-04-10 18:05:45+00:00,1.0
2021-04-24 09:33:44+00:00,1.0
2021-04-08 19:48:14+00:00,2.0
2021-04-17 22:16:55+00:00,2.0
2021-04-18 03:26:19+00:00,1.0
2021-04-29 10:54:18+00:00,0.0
2021-04-27 06:54:10+00:00,0.0
2021-04-23 12:57:32+00:00,430.0
2021-05-01 08:06:14+00:00,0.0
2021-04-30 10:46:15+00:00,0.0
2021-05-03 09:57:50+00:00,1.0
2021-04-27 04:37:25+00:00,0.0
2021-04-14 04:19:38+00:00,2.0
2021-04-24 13:52:54+00:00,1.0
2021-04-17 16:12:05+00:00,0.0
2021-04-15 09:13:03+00:00,2440.0
2021-04-25 14:57:43+00:00,1.0
2021-04-30 11:54:18+00:00,0.0
2021-04-15 01:12:25+00:00,1.5
2021-04-09 17:16:02+00:00,1.0
2021-04-22 09:26:18+00:00,0.0
2021-04-29 11:25:50+00:00,0.0
2021-04-28 00:19:51+00:00,0.0
2021-04-16 14:56:50+00:00,1.0
2021-04-11 21:45:31+00:00,1.0
2021-05-01 19:15:30+00:00,0.0
2021-04-08 04:54:42+00:00,1.0
2021-04-14 09:32:18+00:00,1.0
2021-04-11 11:04:40+00:00,2.0
2021-04-07 07:48:41+00:00,1.0
2021-04-06 13:20:41+00:00,1.0
2021-04-09 20:10:46+00:00,2.0
2021-04-14 14:01:43+00:00,2.0
2021-04-21 00:28:59+00:00,0.0
2021-04-25 19:51:10+00:00,0.0
2021-04-15 22:57:58+00:00,1.0
2021-04-11 12:34:16+00:00,1.0
2021-04-22 05:06:59+00:00,0.0
2021-04-24 02:48:50+00:00,1.0
2021-04-30 01:56:12+00:00,0.0
2021-04-25 03:43:17+00:00,1.0
2021-04-11 09:30:53+00:00,1.0
2021-04-29 05:03:43+00:00,0.0
2021-04-09 06:15:20+00:00,1.0
2021-04-17 02:08:00+00:00,0.0
2021-04-24 10:42:06+00:00,1.0
2021-04-17 01:20:29+00:00,0.0
2021-04-08 21:15:39+00:00,1.0
2021-04-27 04:19:38+00:00,0.0
2021-04-07 09:16:28+00:00,1.0
2021-04-30 14:53:43+00:00,0.0
2021-05-03 12:22:43+00:00,1.0
2021-04-14 23:36:27+00:00,2.0
2021-04-29 18:15:08+00:00,0.0
2021-04-07 19:30:38+00:00,1.0
2021-04-14 01:04:05+00:00,2.0
2021-04-16 22:58:42+00:00,0.0
2021-04-09 23:23:31+00:00,1.95
2021-04-17 03:19:13+00:00,0.0
2021-04-15 12:48:05+00:00,1.0
2021-04-28 05:31:09+00:00,0.0
2021-04-23 19:53:56+00:00,1.0
2021-04-17 16:42:42+00:00,0.0
2021-04-07 01:17:04+00:00,1.0
2021-04-05 12:09:44+00:00,1.0
2021-04-06 11:13:04+00:00,1.0
2021-04-23 15:25:19+00:00,1.0
2021-05-03 07:31:42+00:00,1.0
2021-04-22 00:10:30+00:00,0.0
2021-04-07 22:06:06+00:00,1.0
2021-04-27 18:17:43+00:00,0.0
2021-04-15 23:34:47+00:00,2.0
2021-04-29 09:28:01+00:00,0.0
2021-04-23 21:25:26+00:00,1.0
2021-04-13 09:19:26+00:00,2.0
2021-04-26 19:33:44+00:00,0.0
2021-04-28 23:13:09+00:00,0.0
2021-04-17 23:43:03+00:00,1.0
2021-04-25 20:03:13+00:00,0.0
2021-04-09 21:07:25+00:00,1.0
2021-04-14 03:54:48+00:00,1.0
2021-04-23 06:45:18+00:00,5.0
2021-04-24 19:46:30+00:00,1.0
2021-04-07 09:51:46+00:00,1.0
2021-05-02 20:24:40+00:00,1.0
2021-04-23 10:10:18+00:00,5.0
2021-04-14 14:52:57+00:00,1.0
2021-04-26 15:04:26+00:00,0.0
2021-04-08 02:20:35+00:00,1.0
2021-04-07 07:11:56+00:00,1.0
2021-04-30 10:16:36+00:00,0.0
2021-04-27 02:30:17+00:00,0.0
2021-04-13 10:56:18+00:00,1.0
2021-04-21 08:36:35+00:00,0.0
2021-04-05 19:39:01+00:00,1.0
2021-04-25 01:35:38+00:00,1.0
2021-04-18 16:58:05+00:00,2.0
2021-04-20 17:44:13+00:00,1.0
2021-04-27 00:54:18+00:00,0.0
2021-04-11 04:44:12+00:00,1.0
2021-04-10 00:14:30+00:00,1.95
2021-05-02 20:23:48+00:00,1.0
2021-04-18 11:02:27+00:00,1.0
2021-04-07 00:56:34+00:00,1.0
2021-04-23 19:15:29+00:00,1.0
2021-04-26 01:37:47+00:00,0.0
2021-04-06 11:40:26+00:00,1.0
2021-04-19 04:00:25+00:00,2.0
2021-04-16 16:22:34+00:00,1.0
2021-04-14 09:41:09+00:00,1.0
2021-04-05 09:02:57+00:00,1.0
2021-05-03 22:46:19+00:00,1.0
2021-04-18 01:47:32+00:00,2.0
2021-04-06 01:45:23+00:00,1.0
2021-04-30 08:42:00+00:00,0.0
2021-04-05 07:51:21+00:00,1.0
2021-04-05 18:50:41+00:00,1.0
2021-04-12 06:39:16+00:00,1.0
2021-04-10 06:31:03+00:00,1.95
2021-04-12 17:07:14+00:00,1.0
2021-04-27 18:35:40+00:00,0.0
2021-04-21 17:33:05+00:00,5.0
2021-04-20 04:29:52+00:00,2.0
2021-04-23 20:16:50+00:00,1.0
2021-05-02 03:09:10+00:00,0.0
2021-04-12 08:15:26+00:00,2.0
2021-04-06 22:45:52+00:00,1.0
2021-04-18 09:11:47+00:00,2.0
2021-04-21 17:39:16+00:00,5.0
2021-04-20 15:44:52+00:00,2.0
2021-04-09 19:52:15+00:00,1.0
2021-04-13 15:27:15+00:00,1.0
2021-04-10 05:39:01+00:00,1.95
2021-04-28 11:56:31+00:00,1.0
2021-04-05 12:16:00+00:00,1.0
2021-04-30 20:54:23+00:00,0.0
2021-04-09 13:40:54+00:00,1.0
2021-04-09 19:18:54+00:00,2.0
2021-05-03 16:39:22+00:00,1.0
2021-04-30 23:21:47+00:00,0.0
2021-05-03 03:49:50+00:00,1.0
2021-04-09 10:25:46+00:00,1.0
2021-04-22 05:42:20+00:00,0.0
2021-04-05 01:51:22+00:00,1.0
2021-04-19 00:37:45+00:00,1.0
2021-05-03 05:17:05+00:00,1.0
2021-04-19 00:05:42+00:00,2.0
2021-04-26 23:09:58+00:00,0.0
2021-04-15 12:23:15+00:00,1.0
2021-04-23 07:38:43+00:00,3.0
2021-04-09 01:27:04+00:00,1.0
2021-04-11 08:00:17+00:00,1.0
2021-05-01 18:48:56+00:00,0.0
2021-04-17 22:08:11+00:00,2.0
2021-05-01 10:41:44+00:00,0.0
2021-04-27 08:27:28+00:00,0.0
2021-04-13 00:32:35+00:00,1.0
2021-04-29 12:41:44+00:00,0.0
2021-04-23 21:57:01+00:00,1.0
2021-04-15 14:26:40+00:00,1.0
2021-04-07 14:37:28+00:00,1.0
2021-04-21 04:39:08+00:00,0.0
2021-04-10 19:12:56+00:00,1.0
2021-04-27 22:56:14+00:00,0.0
2021-04-23 13:37:10+00:00,2507.0
2021-04-09 09:22:21+00:00,1.0
2021-04-12 02:00:09+00:00,1.0
2021-04-27 19:30:47+00:00,0.0
2021-04-11 05:46:41+00:00,2.0
2021-04-12 18:12:14+00:00,1.0
2021-04-07 05:35:16+00:00,1.0
2021-04-20 10:19:35+00:00,1.0
2021-04-05 03:41:31+00:00,1.0
2021-04-14 21:34:43+00:00,1.0
2021-04-30 15:39:15+00:00,0.0
2021-04-11 16:04:09+00:00,1.0
2021-04-23 21:40:24+00:00,1.0
2021-04-08 03:03:10+00:00,1.0
2021-04-29 02:37:31+00:00,0.0
2021-04-19 00:59:34+00:00,1.0
2021-04-22 21:10:13+00:00,0.0
2021-04-14 07:06:38+00:00,1.0
2021-04-06 04:17:36+00:00,1.0
2021-04-26 15:19:14+00:00,0.0
2021-04-25 09:42:38+00:00,114.0
2021-04-14 23:42:44+00:00,1.0
2021-04-08 00:23:08+00:00,2.0
2021-04-18 20:31:03+00:00,1.0
2021-05-02 23:44:03+00:00,1.0
2021-04-21 15:29:36+00:00,0.0
2021-04-19 18:39:59+00:00,2.0
2021-04-10 19:21:19+00:00,1.0
2021-04-22 20:54:38+00:00,0.0
2021-04-06 19:12:22+00:00,1.0
2021-04-05 14:23:00+00:00,1.0
2021-04-29 19:42:44+00:00,0.0
2021-04-21 04:07:03+00:00,0.0
2021-04-04 21:52:56+00:00,1.0
2021-04-08 01:01:24+00:00,1.0
2021-04-22 01:03:45+00:00,0.0
2021-04-04 22:05:35+00:00,1.0
2021-04-23 05:46:53+00:00,3.0
2021-04-16 05:02:25+00:00,2.0
2021-04-17 03:48:27+00:00,0.0
2021-04-10 16:35:40+00:00,5.0
2021-04-23 03:11:21+00:00,3.0
2021-04-22 23:45:29+00:00,3.0
2021-04-16 05:26:35+00:00,2.0
2021-04-14 03:32:46+00:00,1.0
2021-04-10 08:30:42+00:00,1.95
2021-04-07 07:07:39+00:00,1.0
2021-04-22 07:10:39+00:00,0.0
2021-04-24 03:44:07+00:00,1.0
2021-05-03 08:31:06+00:00,1.0
2021-04-29 20:13:03+00:00,0.0
2021-04-12 11:30:12+00:00,1.0
2021-04-20 19:56:00+00:00,1.0
2021-04-15 03:55:48+00:00,1.0
2021-05-01 14:05:23+00:00,0.0
2021-04-14 21:24:48+00:00,1.0
2021-04-14 09:41:20+00:00,1.0
2021-04-13 03:04:43+00:00,1.0
2021-04-10 17:26:40+00:00,518.0
2021-04-20 03:41:49+00:00,1.0
2021-04-06 22:29:32+00:00,1.0
2021-05-01 14:37:06+00:00,0.0
2021-04-06 18:51:58+00:00,1.0
2021-04-15 04:55:24+00:00,1.0
2021-04-05 06:01:36+00:00,1.0
2021-04-24 03:35:32+00:00,1.0
2021-04-25 16:45:49+00:00,1.0
2021-04-19 11:55:12+00:00,1.0
2021-04-05 21:34:43+00:00,1.0
2021-04-18 08:27:17+00:00,1.0
2021-04-18 02:12:44+00:00,1.0
2021-04-26 06:22:47+00:00,0.0
2021-04-27 14:44:36+00:00,0.0
2021-04-10 19:30:36+00:00,1.0
2021-04-07 14:12:38+00:00,1.0
2021-04-25 08:09:19+00:00,1.0
2021-04-20 20:36:48+00:00,1.0
2021-04-12 04:39:41+00:00,2.0
2021-04-14 11:17:19+00:00,1.0
2021-05-01 02:02:01+00:00,0.0
2021-04-13 02:02:49+00:00,1.0
2021-04-22 16:38:38+00:00,0.0
2021-04-14 11:06:29+00:00,1.0
2021-04-28 14:32:57+00:00,1.0
2021-04-26 01:47:20+00:00,0.0
2021-04-08 02:53:57+00:00,1.0
2021-04-13 09:35:22+00:00,1.0
2021-04-27 00:42:56+00:00,0.0
2021-04-12 00:51:39+00:00,1.0
2021-04-29 07:59:00+00:00,0.0
2021-04-27 21:21:06+00:00,0.0
2021-04-21 07:33:26+00:00,0.0
2021-04-25 00:30:48+00:00,1.0
2021-04-18 08:30:58+00:00,2.0
2021-04-27 07:48:36+00:00,0.0
2021-04-18 03:21:28+00:00,2.0
2021-05-01 19:39:44+00:00,0.0
2021-04-07 10:20:14+00:00,1.0
2021-04-27 01:32:25+00:00,0.0
2021-04-20 02:28:29+00:00,2.0
2021-04-28 17:40:14+00:00,1.0
2021-04-10 02:09:37+00:00,1.95
2021-04-11 00:58:26+00:00,1.0
2021-04-20 14:26:13+00:00,1.0
2021-04-10 06:34:23+00:00,1.95
2021-05-01 02:07:37+00:00,0.0
2021-04-06 07:18:29+00:00,1.0
2021-05-01 11:04:24+00:00,0.0
2021-04-15 23:25:57+00:00,2.0
2021-04-14 16:19:25+00:00,1.0
2021-04-21 23:08:32+00:00,0.0
2021-04-27 00:58:35+00:00,0.0
2021-04-28 06:39:41+00:00,0.0
2021-04-14 00:08:04+00:00,1.0
2021-04-28 16:29:49+00:00,1.0
2021-04-06 05:42:45+00:00,1.0
2021-05-02 02:58:50+00:00,0.0
2021-04-22 02:55:29+00:00,0.0
2021-04-18 21:42:50+00:00,2.0
2021-04-06 14:29:10+00:00,1.0
2021-04-23 18:23:16+00:00,1.0
2021-04-16 09:12:31+00:00,2.0
2021-04-13 03:15:05+00:00,1.0
2021-04-30 09:03:26+00:00,0.0
2021-04-29 18:01:32+00:00,0.0
2021-04-25 02:39:27+00:00,1.0
2021-04-10 16:37:29+00:00,139.0
2021-04-05 19:55:44+00:00,1.0
2021-04-16 13:19:28+00:00,1.0
2021-05-02 23:24:40+00:00,1.0
2021-04-23 23:27:55+00:00,1.0
2021-04-18 15:26:26+00:00,1.0
2021-04-24 08:16:26+00:00,1.0
2021-04-20 03:56:26+00:00,1.0
2021-04-19 05:52:04+00:00,2.0
2021-04-07 02:57:18+00:00,1.0
2021-04-19 17:15:33+00:00,1.0
2021-04-30 09:08:39+00:00,0.0
2021-04-11 22:27:37+00:00,1.0
2021-04-22 22:46:48+00:00,3.0
2021-04-26 07:13:52+00:00,0.0
2021-04-06 10:12:40+00:00,1.0
2021-04-14 10:02:42+00:00,1.0
2021-04-22 22:11:49+00:00,5.0
2021-04-16 06:58:39+00:00,1.0
2021-04-26 06:55:33+00:00,0.0
2021-04-17 11:03:38+00:00,0.0
2021-04-22 18:21:32+00:00,0.0
2021-04-14 07:46:35+00:00,1.0
2021-04-12 03:07:23+00:00,1.0
2021-04-12 23:15:26+00:00,1.0
2021-04-18 13:41:31+00:00,1.0
2021-04-24 03:59:37+00:00,1.0
2021-04-23 13:52:02+00:00,2529.0
2021-04-06 18:42:21+00:00,1.0
2021-04-09 13:19:43+00:00,2.0
2021-04-21 13:24:36+00:00,0.0
2021-05-01 20:43:08+00:00,0.0
2021-04-12 10:17:41+00:00,1.0
2021-04-24 17:58:58+00:00,1.0
2021-04-23 08:33:35+00:00,8.5
2021-04-07 01:05:35+00:00,1.0
2021-04-10 02:05:51+00:00,1.95
2021-04-08 23:30:56+00:00,1.0
2021-04-14 02:17:53+00:00,1.0
2021-04-14 14:13:50+00:00,1.0
2021-05-01 22:56:48+00:00,0.0
2021-05-03 02:15:18+00:00,1.0
2021-04-19 12:06:44+00:00,1.0
2021-04-15 02:14:01+00:00,2.0
2021-05-02 01:05:54+00:00,0.0
2021-04-09 18:33:11+00:00,2.0
2021-04-12 01:05:08+00:00,1.0
2021-04-22 09:03:55+00:00,0.0
2021-04-24 22:25:18+00:00,1.0
2021-04-20 13:33:04+00:00,2.0
2021-04-30 06:55:26+00:00,0.0
2021-04-24 23:24:29+00:00,1.0
2021-04-15 13:12:44+00:00,1.0
2021-04-11 06:29:47+00:00,2.0
2021-05-01 14:54:18+00:00,0.0
2021-04-05 16:43:11+00:00,1.0
2021-04-25 11:00:06+00:00,1.0
2021-04-05 00:36:10+00:00,1.0
2021-04-19 06:53:49+00:00,2.0
2021-04-18 20:39:19+00:00,1.0
2021-04-17 11:42:56+00:00,0.0
2021-04-12 13:22:15+00:00,2.0
2021-04-14 22:02:05+00:00,2.0
2021-04-05 18:49:25+00:00,1.0
2021-04-10 01:20:26+00:00,1.95
2021-04-27 15:03:13+00:00,0.0
2021-04-08 07:23:47+00:00,1.0
2021-04-30 01:25:57+00:00,0.0
2021-04-29 12:48:34+00:00,0.0
2021-04-15 11:03:13+00:00,2.0
2021-04-28 19:44:54+00:00,1.0
2021-04-19 23:47:59+00:00,1.0
2021-05-01 16:44:52+00:00,0.0
2021-04-07 08:46:05+00:00,1.0
2021-04-18 04:24:25+00:00,1.0
2021-04-14 17:03:57+00:00,1.0
2021-05-03 16:41:20+00:00,1.0
2021-04-08 19:20:23+00:00,1.0
2021-04-17 22:15:30+00:00,1.0
2021-04-23 04:24:25+00:00,3.0
2021-04-13 21:56:17+00:00,2.0
2021-04-08 22:58:30+00:00,2.0
2021-04-06 00:46:37+00:00,1.0
2021-04-29 04:11:02+00:00,0.0
2021-04-23 14:34:56+00:00,5.0
2021-04-07 10:55:27+00:00,1.0
2021-04-12 21:33:57+00:00,1.0
2021-04-05 03:36:24+00:00,1.0
2021-04-22 12:38:26+00:00,0.0
2021-05-01 13:27:50+00:00,0.0
2021-04-26 11:00:36+00:00,0.0
2021-04-25 06:01:40+00:00,1.0
2021-04-14 21:08:19+00:00,1.0
2021-04-29 22:03:07+00:00,0.0
2021-04-22 23:36:05+00:00,3.0
2021-05-01 16:40:51+00:00,0.0
2021-04-13 08:18:05+00:00,2.0
2021-04-16 19:29:21+00:00,0.0
2021-04-19 08:58:52+00:00,2.0
2021-04-19 05:57:28+00:00,2.0
2021-04-10 09:28:46+00:00,1.95
2021-04-17 20:23:01+00:00,1.0
2021-04-21 07:27:34+00:00,0.0
2021-04-29 18:31:00+00:00,0.0
2021-04-23 20:26:16+00:00,1.0
2021-04-18 00:37:46+00:00,1.0
2021-04-20 23:45:27+00:00,0.0
2021-04-22 18:02:02+00:00,0.0
2021-04-05 11:20:53+00:00,1.0
2021-04-18 12:15:57+00:00,2.0
2021-04-09 19:07:27+00:00,1.0
2021-04-21 23:33:25+00:00,0.0
2021-04-26 21:20:08+00:00,0.0
2021-04-11 17:34:14+00:00,1.0
2021-04-22 14:57:53+00:00,0.0
2021-04-27 07:44:21+00:00,0.0
2021-04-26 04:17:08+00:00,0.0
2021-04-26 03:42:27+00:00,0.0
2021-04-26 06:22:03+00:00,0.0
2021-04-24 01:10:55+00:00,1.0
2021-04-29 13:03:30+00:00,0.0
2021-04-14 14:49:32+00:00,1.0
2021-04-05 10:16:35+00:00,1.0
2021-04-14 01:29:19+00:00,1.0
2021-04-23 16:02:15+00:00,1.0
2021-04-06 08:35:13+00:00,1.0
2021-04-08 02:40:47+00:00,1.0
2021-04-17 22:21:31+00:00,1.0
2021-04-06 17:05:06+00:00,1.0
2021-04-11 00:45:05+00:00,1.0
2021-04-09 19:54:01+00:00,1.0
2021-04-19 00:58:22+00:00,2.0
2021-05-01 08:49:23+00:00,0.0
2021-04-25 16:17:45+00:00,1.0
2021-04-18 04:14:10+00:00,2.0
2021-05-02 04:02:38+00:00,0.0
2021-04-29 08:06:39+00:00,0.0
2021-04-17 17:59:27+00:00,1.0
2021-05-01 20:15:43+00:00,0.0
2021-04-20 19:33:00+00:00,1.0
2021-04-30 11:56:47+00:00,0.0
2021-05-01 09:48:28+00:00,0.0
2021-04-09 01:28:34+00:00,1.0
2021-04-24 10:45:36+00:00,1.0
2021-04-07 20:08:58+00:00,1.0
2021-04-27 22:14:39+00:00,0.0
2021-04-11 14:18:28+00:00,1.0
2021-04-21 03:38:43+00:00,0.0
2021-04-25 20:15:28+00:00,0.0
2021-04-05 09:53:29+00:00,1.0
2021-04-20 18:21:55+00:00,1.0
2021-04-24 17:42:09+00:00,1.0
2021-04-10 15:31:32+00:00,123.0
2021-04-20 11:42:45+00:00,2.0
2021-04-26 23:32:36+00:00,0.0
2021-04-13 04:34:55+00:00,1.0
2021-04-25 13:14:50+00:00,1.0
2021-04-08 16:37:24+00:00,1.0
2021-04-29 10:29:26+00:00,0.0
2021-04-05 15:57:31+00:00,1.0
2021-04-13 07:03:51+00:00,1.0
2021-04-18 23:09:12+00:00,2.0
2021-04-24 16:20:31+00:00,1.0
2021-04-11 06:54:15+00:00,1.0
2021-04-18 12:57:53+00:00,2.0
2021-04-23 16:11:36+00:00,1.0
2021-04-13 09:24:18+00:00,1.0
2021-04-19 06:05:17+00:00,1.0
2021-04-30 05:37:37+00:00,0.0
2021-04-16 08:25:19+00:00,2.0
2021-04-10 23:41:49+00:00,2.0
2021-04-25 21:13:16+00:00,0.0
2021-04-22 01:35:02+00:00,0.0
2021-05-02 20:11:13+00:00,1.0
2021-04-22 11:54:34+00:00,0.0
2021-04-25 09:52:18+00:00,132.0
2021-04-23 07:12:38+00:00,3.0
2021-04-12 14:52:24+00:00,1.0
2021-04-09 19:08:44+00:00,1.0
2021-04-10 07:05:33+00:00,1.95
2021-04-07 15:13:21+00:00,1.0
2021-05-02 18:54:36+00:00,1.0
2021-04-24 21:50:27+00:00,1.0
2021-04-21 09:40:38+00:00,0.0
2021-04-17 15:55:26+00:00,0.0
2021-04-11 23:13:06+00:00,2.0
2021-04-05 14:51:08+00:00,1.0
2021-04-26 17:14:37+00:00,0.0
2021-04-20 11:32:43+00:00,2.0
2021-04-15 17:45:22+00:00,2.0
2021-04-06 10:43:00+00:00,1.0
2021-04-17 19:53:32+00:00,1.0
2021-04-16 23:55:46+00:00,0.0
2021-04-19 20:59:32+00:00,2.0
2021-04-17 04:08:47+00:00,0.0
2021-05-02 05:03:35+00:00,0.0
2021-04-17 05:06:59+00:00,0.0
2021-04-20 09:06:11+00:00,1.0
2021-04-27 09:30:36+00:00,0.0
2021-04-06 12:13:21+00:00,1.0
2021-04-16 00:53:31+00:00,1.0
2021-04-22 08:53:24+00:00,0.0
2021-04-12 22:19:43+00:00,1.0
2021-04-28 15:54:33+00:00,1.0
2021-04-19 23:21:47+00:00,1.0
2021-04-05 07:14:20+00:00,1.0
2021-04-17 01:47:19+00:00,0.0
2021-04-29 07:17:06+00:00,0.0
2021-04-17 13:16:22+00:00,0.0
2021-04-21 09:04:34+00:00,0.0
2021-04-22 21:08:45+00:00,0.0
2021-04-05 13:13:40+00:00,1.0
2021-05-02 21:53:57+00:00,1.0
2021-04-14 23:27:32+00:00,1.0
2021-04-15 23:55:41+00:00,1.0
2021-04-23 23:40:23+00:00,1.0
2021-04-10 12:32:54+00:00,1.95
2021-04-07 07:13:57+00:00,1.0
2021-04-16 14:02:18+00:00,1.0
2021-04-21 08:32:58+00:00,0.0
2021-04-22 23:44:02+00:00,3.0
2021-04-13 16:02:33+00:00,1.0
2021-04-12 01:33:25+00:00,2.0
2021-05-03 03:20:26+00:00,1.0
2021-04-23 08:30:43+00:00,8.5
2021-05-03 19:47:03+00:00,1.0
2021-04-16 07:01:14+00:00,2.0
2021-04-28 02:43:27+00:00,0.0
2021-04-19 07:59:05+00:00,2.0
2021-04-13 06:12:46+00:00,1.0
2021-04-08 00:33:58+00:00,1.0
2021-04-07 00:01:31+00:00,1.0
2021-04-16 05:24:22+00:00,1.0
2021-04-16 17:50:32+00:00,0.0
2021-04-20 20:06:10+00:00,1.0
2021-04-11 17:52:16+00:00,1.0
2021-04-10 23:00:47+00:00,2.0
2021-04-13 17:32:39+00:00,1.0
2021-04-18 13:59:08+00:00,1.0
2021-04-22 11:26:21+00:00,0.0
2021-04-13 00:07:35+00:00,1.0
2021-04-15 06:11:46+00:00,2.0
2021-04-24 12:48:13+00:00,1.0
2021-04-28 08:56:43+00:00,16.0
2021-04-18 15:16:56+00:00,1.0
2021-04-26 09:20:57+00:00,0.0
2021-04-21 05:32:45+00:00,0.0
2021-04-07 08:28:18+00:00,1.0
2021-04-29 00:39:07+00:00,0.0
2021-04-05 07:34:59+00:00,1.0
2021-04-20 04:37:13+00:00,2.0
2021-04-19 09:07:05+00:00,1.0
2021-04-20 09:06:13+00:00,1.0
2021-04-22 02:42:18+00:00,0.0
2021-04-14 09:27:24+00:00,1.5
2021-04-09 17:50:52+00:00,1.0
2021-04-20 19:08:08+00:00,1.0
2021-04-11 01:35:16+00:00,1.0
2021-04-13 19:47:40+00:00,2.0
2021-04-05 09:02:52+00:00,1.0
2021-04-23 09:32:54+00:00,8.5
2021-04-07 10:37:06+00:00,1.0
2021-04-16 03:15:16+00:00,1.0
2021-04-29 23:27:14+00:00,0.0
2021-04-29 01:04:59+00:00,0.0
2021-04-25 23:37:42+00:00,0.0
2021-04-06 19:13:39+00:00,1.0
2021-04-09 09:05:46+00:00,2.0
2021-04-30 10:41:44+00:00,0.0
2021-04-25 01:42:24+00:00,1.0
2021-04-17 01:26:08+00:00,0.0
2021-04-06 19:20:29+00:00,1.0
2021-04-16 19:13:40+00:00,0.0
2021-04-05 01:40:29+00:00,1.0
2021-04-14 22:44:20+00:00,1.0
2021-04-23 12:34:50+00:00,115.0
2021-04-09 08:33:44+00:00,1.0
2021-04-14 12:05:06+00:00,1.0
2021-04-24 17:43:29+00:00,1.0
2021-04-26 22:46:46+00:00,0.0
2021-05-03 21:30:57+00:00,1.0
2021-04-20 04:08:44+00:00,2.0
2021-05-02 06:34:50+00:00,0.0
2021-05-01 23:51:40+00:00,0.0
2021-04-21 02:15:08+00:00,0.0
2021-04-16 04:16:10+00:00,1.0
2021-04-27 09:52:00+00:00,0.0
2021-04-05 05:38:04+00:00,1.0
2021-04-13 07:17:10+00:00,1.0
2021-04-15 23:34:19+00:00,2.0
2021-04-28 16:43:16+00:00,1.0
2021-04-30 09:20:58+00:00,0.0
2021-04-29 03:29:14+00:00,0.0
2021-04-23 19:21:54+00:00,1.0
2021-04-27 13:43:14+00:00,0.0
2021-04-09 11:33:07+00:00,2.0
2021-04-08 01:47:45+00:00,1.0
2021-04-11 20:51:01+00:00,1.0
2021-04-15 02:46:22+00:00,1.0
2021-04-17 22:47:46+00:00,1.0
2021-04-23 15:38:17+00:00,1.0
2021-04-26 04:51:33+00:00,0.0
2021-04-16 14:52:19+00:00,1.0
2021-04-13 13:50:36+00:00,1.0
2021-04-19 09:27:47+00:00,1.0
2021-04-20 18:04:35+00:00,1.0
2021-04-08 21:55:04+00:00,1.0
2021-05-02 20:26:56+00:00,1.0
2021-04-26 06:51:46+00:00,0.0
2021-04-06 16:42:12+00:00,1.0
2021-04-21 11:07:06+00:00,0.0
2021-05-02 01:48:21+00:00,0.0
2021-04-07 16:41:39+00:00,1.0
2021-04-07 12:39:17+00:00,1.0
2021-04-20 00:48:30+00:00,2.0
2021-04-19 12:47:06+00:00,1.0
2021-04-28 03:27:18+00:00,0.0
2021-04-28 00:04:17+00:00,0.0
2021-04-16 19:38:40+00:00,0.0
2021-04-26 19:36:05+00:00,0.0
2021-04-09 05:42:53+00:00,2.0
2021-04-15 19:43:02+00:00,1.0
2021-04-10 00:34:46+00:00,1.95
2021-04-10 12:14:50+00:00,1.95
2021-04-27 20:21:19+00:00,0.0
2021-04-15 07:35:18+00:00,1.0
2021-04-08 07:33:41+00:00,1.0
2021-04-10 16:29:31+00:00,81.0
2021-05-01 01:23:22+00:00,0.0
2021-04-20 22:44:11+00:00,0.0
2021-04-28 14:27:26+00:00,1.0
2021-04-09 12:34:47+00:00,2.0
2021-04-21 03:40:09+00:00,0.0
2021-04-13 10:21:39+00:00,1.0
2021-04-21 17:13:17+00:00,5.0
2021-04-23 04:06:43+00:00,3.0
2021-04-29 06:53:17+00:00,0.0
2021-04-07 01:31:02+00:00,1.0
2021-05-03 21:08:52+00:00,1.0
2021-05-02 08:11:33+00:00,0.0
2021-04-11 17:31:25+00:00,1.0
2021-04-09 06:15:01+00:00,2.0
2021-04-10 00:49:19+00:00,1.95
2021-04-28 21:40:53+00:00,1.0
2021-04-05 12:40:13+00:00,1.0
2021-05-01 19:15:28+00:00,0.0
2021-04-21 07:33:57+00:00,0.0
2021-04-24 06:11:47+00:00,1.0
2021-04-14 12:34:26+00:00,2.0
2021-04-21 03:48:33+00:00,0.0
2021-04-20 09:28:53+00:00,1.0
2021-04-09 22:15:38+00:00,1.95
2021-04-04 22:37:40+00:00,1.0
2021-04-13 14:39:03+00:00,1.0
2021-04-08 05:48:00+00:00,1.0
2021-04-20 14:20:25+00:00,1.0
2021-04-22 02:53:06+00:00,0.0
2021-05-01 20:11:44+00:00,0.0
2021-04-27 15:28:28+00:00,0.0
2021-05-03 09:13:16+00:00,1.0
2021-05-01 14:52:18+00:00,0.0
2021-04-09 17:21:45+00:00,1.0
2021-04-18 21:09:19+00:00,2.0
2021-04-15 05:17:44+00:00,2.0
2021-04-20 02:35:00+00:00,2.0
2021-04-11 15:11:08+00:00,1.0
2021-04-07 13:50:38+00:00,1.0
2021-04-22 11:48:44+00:00,0.0
2021-04-16 17:01:56+00:00,1.0
2021-04-30 14:44:02+00:00,0.0
2021-04-19 18:00:45+00:00,1.0
2021-04-15 10:25:34+00:00,2.0
2021-04-09 10:32:05+00:00,1.0
2021-04-20 14:16:02+00:00,2.0
2021-04-10 16:55:28+00:00,157.0
2021-04-24 15:53:04+00:00,1.0
2021-05-01 09:25:49+00:00,0.0
2021-04-07 21:46:17+00:00,1.0
2021-04-13 05:24:53+00:00,1.0
2021-04-27 10:53:58+00:00,0.0
2021-04-20 05:32:32+00:00,1.0
2021-04-16 14:45:36+00:00,1.0
2021-04-23 01:35:54+00:00,3.0
2021-04-11 15:51:37+00:00,2.0
2021-04-29 06:48:22+00:00,0.0
2021-04-16 05:19:38+00:00,2.0
2021-04-29 10:46:49+00:00,0.0
2021-05-01 07:00:34+00:00,0.0
2021-05-01 01:42:04+00:00,0.0
2021-04-10 17:26:06+00:00,456.0
2021-04-25 11:14:03+00:00,1.0
2021-04-07 12:56:10+00:00,1.0
2021-04-09 02:24:59+00:00,2.0
2021-04-08 14:46:57+00:00,1.0
2021-04-17 12:30:29+00:00,0.0
2021-04-29 12:36:29+00:00,0.0
2021-04-19 06:34:30+00:00,2.0
2021-04-17 08:55:55+00:00,0.0
2021-05-02 17:00:30+00:00,1.0
2021-04-07 19:34:55+00:00,1.0
2021-04-14 12:23:01+00:00,1.0
2021-04-06 01:12:08+00:00,1.0
2021-04-25 20:13:43+00:00,0.0
2021-04-08 18:05:48+00:00,2.0
2021-04-08 14:15:48+00:00,1.0
2021-04-26 09:47:29+00:00,0.0
2021-04-30 09:34:10+00:00,0.0
2021-04-16 03:06:01+00:00,1.0
2021-04-06 11:13:25+00:00,1.0
2021-04-21 13:38:19+00:00,0.0
2021-04-29 10:09:10+00:00,0.0
2021-04-17 10:38:12+00:00,0.0
2021-04-20 01:45:21+00:00,1.0
2021-04-09 12:51:56+00:00,2.0
2021-04-12 23:42:29+00:00,1.0
2021-04-04 22:38:15+00:00,1.0
2021-04-05 20:02:33+00:00,1.0
2021-04-18 03:04:53+00:00,2.0
2021-04-13 11:25:42+00:00,1.0
2021-04-30 15:47:20+00:00,0.0
2021-04-15 01:24:44+00:00,2.0
2021-04-30 21:54:02+00:00,0.0
2021-04-23 17:44:16+00:00,1.0
2021-04-11 21:47:13+00:00,1.0
2021-04-28 07:31:15+00:00,0.0
2021-04-13 03:15:42+00:00,1.0
2021-04-24 14:37:34+00:00,1.0
2021-04-13 19:28:42+00:00,2.0
2021-05-01 18:55:25+00:00,0.0
2021-04-30 05:13:11+00:00,0.0
2021-04-15 12:12:16+00:00,2.0
2021-04-09 12:10:04+00:00,2.0
2021-05-02 13:54:47+00:00,137.0
2021-04-04 22:15:26+00:00,1.0
2021-04-10 22:09:50+00:00,1.5
2021-04-25 01:35:43+00:00,1.0
2021-04-16 08:23:26+00:00,1.0
2021-04-17 05:12:19+00:00,0.0
2021-05-03 18:40:37+00:00,1.0
2021-04-15 05:58:46+00:00,1.0
2021-04-17 07:54:29+00:00,0.0
2021-04-13 02:30:58+00:00,1.0
2021-04-10 21:18:12+00:00,1.0
2021-04-12 22:19:08+00:00,1.0
2021-04-27 16:46:28+00:00,0.0
2021-04-23 05:53:57+00:00,2.0
2021-04-08 23:59:57+00:00,1.0
2021-04-06 15:00:58+00:00,1.0
2021-04-22 06:10:21+00:00,0.0
2021-04-07 09:51:10+00:00,1.0
2021-04-15 05:29:13+00:00,1.0
2021-04-14 14:15:31+00:00,1.0
2021-04-22 16:18:05+00:00,0.0
2021-04-16 21:28:58+00:00,0.0
2021-05-02 12:21:08+00:00,0.0
2021-05-03 23:07:43+00:00,1.0
2021-04-22 05:45:45+00:00,0.0
2021-04-05 12:00:48+00:00,1.0
2021-04-12 03:40:12+00:00,2.0
2021-05-01 09:10:39+00:00,0.0
2021-04-19 14:19:13+00:00,1.0
2021-04-22 18:47:12+00:00,0.0
2021-04-07 18:21:23+00:00,1.0
2021-04-22 03:34:04+00:00,0.0
2021-04-21 06:16:21+00:00,0.0
2021-04-24 04:51:24+00:00,1.0
2021-04-15 18:25:56+00:00,1.0
2021-04-17 05:53:39+00:00,0.0
2021-04-12 20:09:10+00:00,1.0
2021-04-14 05:37:48+00:00,2.0
2021-04-16 22:46:22+00:00,0.0
2021-04-11 22:41:28+00:00,1.0
2021-05-01 15:13:56+00:00,0.0
2021-05-03 21:24:13+00:00,1.0
2021-04-23 05:04:37+00:00,3.0
2021-04-30 20:10:36+00:00,0.0
2021-04-23 06:01:01+00:00,3.0
2021-04-19 05:57:12+00:00,2.0
2021-04-07 04:47:08+00:00,1.0
2021-04-14 02:06:25+00:00,2.0
2021-04-19 16:45:38+00:00,2.0
2021-04-27 09:03:03+00:00,0.0
2021-04-14 11:18:28+00:00,1.0
2021-04-05 23:43:55+00:00,1.0
2021-05-03 13:33:33+00:00,1.0
2021-04-19 09:34:01+00:00,2.0
2021-04-17 00:47:34+00:00,0.0
2021-04-16 06:28:30+00:00,1.0
2021-05-01 00:00:18+00:00,0.0
2021-04-29 17:01:05+00:00,0.0
2021-04-12 06:32:25+00:00,1.0
2021-04-27 10:17:54+00:00,0.0
2021-04-16 00:37:22+00:00,1.0
2021-04-30 18:39:01+00:00,0.0
2021-05-03 03:42:07+00:00,1.0
2021-04-28 14:57:46+00:00,1.0
2021-04-15 16:15:05+00:00,1.0
2021-04-30 10:10:51+00:00,0.0
2021-04-23 09:18:09+00:00,8.5
2021-04-08 12:26:03+00:00,1.0
2021-04-27 05:23:13+00:00,0.0
2021-04-18 02:43:24+00:00,1.0
2021-04-29 14:50:54+00:00,0.0
2021-04-21 06:31:19+00:00,0.0
2021-04-28 03:53:29+00:00,0.0
2021-04-28 10:56:24+00:00,1.0
2021-04-28 05:45:11+00:00,0.0
2021-04-21 16:23:09+00:00,10.0
2021-04-24 21:40:12+00:00,1.0
2021-04-12 13:10:25+00:00,1.0
2021-04-24 17:23:06+00:00,1.0
2021-04-11 08:53:02+00:00,2.0
2021-04-10 12:23:51+00:00,1.95
2021-04-13 09:54:46+00:00,1.0
2021-04-27 15:23:15+00:00,0.0
2021-04-06 00:30:05+00:00,1.0
2021-04-25 07:52:20+00:00,1.0
2021-04-13 02:04:06+00:00,1.0
2021-04-26 02:24:25+00:00,0.0
2021-04-05 22:33:35+00:00,1.0
2021-04-05 16:37:04+00:00,1.0
2021-04-08 13:00:13+00:00,1.0
2021-04-24 21:17:02+00:00,1.0
2021-05-03 08:28:16+00:00,1.0
2021-04-15 09:12:08+00:00,2474.0
2021-04-18 23:51:16+00:00,1.0
2021-04-18 17:47:45+00:00,1.0
2021-04-11 19:50:39+00:00,1.0
2021-04-20 02:20:33+00:00,2.0
2021-04-21 10:01:44+00:00,0.0
2021-05-01 09:14:17+00:00,0.0
2021-04-29 05:18:43+00:00,0.0
2021-04-07 11:09:26+00:00,1.0
2021-04-23 20:23:11+00:00,1.0
2021-04-24 09:05:23+00:00,1.0
2021-04-23 20:47:23+00:00,1.0
2021-04-12 03:19:37+00:00,1.0
2021-04-07 03:43:06+00:00,1.0
2021-04-13 20:04:03+00:00,1.0
2021-04-07 08:30:57+00:00,1.0
2021-04-29 02:18:57+00:00,0.0
2021-04-05 12:54:16+00:00,1.0
2021-04-24 11:52:12+00:00,1.0
2021-04-20 10:40:53+00:00,2.0
2021-04-21 03:38:02+00:00,0.0
2021-04-29 22:19:15+00:00,0.0
2021-04-26 02:43:07+00:00,0.0
2021-04-10 02:42:37+00:00,1.95
2021-04-05 11:06:10+00:00,2.0
2021-04-19 21:13:19+00:00,1.0
2021-04-22 23:21:49+00:00,3.0
2021-04-15 01:51:43+00:00,1.0
2021-04-11 17:52:59+00:00,1.0
2021-04-29 23:44:03+00:00,0.0
2021-04-07 06:35:20+00:00,1.0
2021-04-08 16:00:59+00:00,1.0
2021-05-02 08:41:44+00:00,0.0
2021-04-29 23:09:28+00:00,0.0
2021-04-07 21:13:01+00:00,1.0
2021-04-20 06:08:37+00:00,2.0
2021-04-16 12:47:25+00:00,1.0
2021-04-30 16:46:30+00:00,0.0
2021-04-29 18:40:30+00:00,0.0
2021-04-07 18:03:51+00:00,1.0
2021-04-19 00:01:52+00:00,2.0
2021-04-14 15:51:15+00:00,1.0
2021-05-03 01:43:07+00:00,1.0
2021-04-22 23:44:34+00:00,3.0
2021-04-12 19:36:53+00:00,2.0
2021-04-20 09:45:06+00:00,2.0
2021-04-15 16:04:14+00:00,1.0
2021-04-28 11:02:20+00:00,1.0
2021-04-27 16:53:22+00:00,0.0
2021-04-07 14:21:42+00:00,1.0
2021-04-27 07:39:31+00:00,0.0
2021-04-15 02:59:11+00:00,1.0
2021-04-20 08:46:39+00:00,1.0
2021-04-30 18:06:04+00:00,0.0
2021-04-08 05:06:34+00:00,2.0
2021-04-29 02:40:29+00:00,0.0
2021-04-28 23:32:20+00:00,0.0
2021-04-17 10:02:33+00:00,0.0
2021-04-17 21:02:10+00:00,1.0
2021-04-18 01:03:52+00:00,2.0
2021-04-06 04:08:38+00:00,1.0
2021-04-26 16:49:24+00:00,0.0
2021-04-19 23:10:26+00:00,2.0
2021-04-25 23:00:25+00:00,0.0
2021-04-29 09:09:40+00:00,0.0
2021-04-07 04:01:16+00:00,1.0
2021-04-27 03:08:21+00:00,0.0
2021-04-26 02:28:56+00:00,0.0
2021-04-29 11:48:47+00:00,0.0
2021-05-03 18:27:47+00:00,1.0
2021-04-10 13:30:11+00:00,1.95
2021-04-30 11:26:09+00:00,0.0
2021-05-02 18:24:50+00:00,1.0
2021-04-13 10:39:56+00:00,2.0
2021-04-06 13:23:28+00:00,1.0
2021-05-03 08:06:13+00:00,1.0
2021-05-01 20:24:21+00:00,0.0
2021-04-06 22:36:56+00:00,1.0
2021-04-15 14:18:08+00:00,1.0
2021-04-14 01:38:40+00:00,2.0
2021-04-21 16:23:20+00:00,17.0
2021-04-06 14:13:26+00:00,1.0
2021-04-22 14:44:04+00:00,0.0
2021-04-12 09:07:38+00:00,1.0
2021-04-12 04:07:54+00:00,2.0
2021-04-12 01:01:09+00:00,1.0
2021-04-23 21:28:36+00:00,1.0
2021-04-16 07:31:06+00:00,2.0
2021-04-27 12:19:44+00:00,0.0
2021-04-28 16:18:20+00:00,1.0
2021-04-14 04:46:05+00:00,1.0
2021-04-09 20:45:18+00:00,1.0
2021-04-15 02:05:56+00:00,1.0
2021-04-06 15:59:41+00:00,1.0
2021-04-15 05:04:10+00:00,1.0
2021-05-02 21:11:31+00:00,1.0
2021-04-17 22:38:18+00:00,2.0
2021-05-03 12:29:25+00:00,1.0
2021-04-19 06:33:27+00:00,1.0
2021-04-25 05:30:23+00:00,1.0
2021-04-28 05:50:55+00:00,0.0
2021-04-18 00:06:30+00:00,1.0
2021-04-12 23:16:04+00:00,1.0
2021-04-05 00:58:51+00:00,1.0
2021-04-14 01:10:03+00:00,1.0
2021-04-22 03:15:54+00:00,0.0
2021-05-03 20:20:45+00:00,1.0
2021-04-08 14:34:10+00:00,1.0
2021-04-16 07:02:02+00:00,1.0
2021-04-26 03:53:38+00:00,0.0
2021-04-17 20:25:44+00:00,2.0
2021-04-05 14:43:52+00:00,1.0
2021-04-09 09:02:19+00:00,1.0
2021-04-12 17:01:28+00:00,2.0
2021-04-20 23:40:56+00:00,0.0
2021-04-17 11:15:07+00:00,0.0
2021-04-25 09:29:34+00:00,86.0
2021-05-02 19:41:20+00:00,1.0
2021-04-28 19:08:17+00:00,1.0
2021-04-17 09:19:37+00:00,0.0
2021-04-22 01:08:31+00:00,0.0
2021-04-19 23:49:42+00:00,1.0
2021-04-22 03:45:30+00:00,0.0
2021-04-29 18:08:26+00:00,0.0
2021-04-27 06:04:11+00:00,0.0
2021-04-13 03:59:03+00:00,1.0
2021-04-19 08:57:52+00:00,1.0
2021-04-15 06:37:56+00:00,1.0
2021-04-24 00:56:37+00:00,1.0
2021-04-30 06:43:16+00:00,0.0
2021-04-08 21:03:51+00:00,1.0
2021-04-14 05:00:53+00:00,2.0
2021-04-24 00:57:26+00:00,1.0
2021-04-17 17:45:26+00:00,2.0
2021-04-22 17:56:06+00:00,0.0
2021-04-19 15:55:08+00:00,1.0
2021-04-14 21:30:35+00:00,1.0
2021-04-22 09:55:07+00:00,0.0
2021-04-15 01:22:40+00:00,1.0
2021-04-22 03:21:50+00:00,0.0
2021-05-02 18:09:50+00:00,1.0
2021-04-27 21:11:59+00:00,0.0
2021-04-05 04:59:40+00:00,1.0
2021-04-29 17:56:35+00:00,0.0
2021-04-06 21:21:14+00:00,1.0
2021-04-11 05:32:54+00:00,2.0
2021-04-22 12:09:09+00:00,0.0
2021-04-15 05:14:36+00:00,2.0
2021-04-18 12:24:37+00:00,1.0
2021-04-15 05:07:53+00:00,1.0
2021-04-09 04:47:12+00:00,1.0
2021-04-22 15:11:56+00:00,0.0
2021-04-19 11:33:41+00:00,1.0
2021-04-08 14:39:22+00:00,1.0
2021-04-07 17:41:09+00:00,1.0
2021-04-16 23:18:54+00:00,0.0
2021-05-02 07:09:06+00:00,0.0
2021-04-25 16:09:26+00:00,1.0
2021-04-22 08:21:17+00:00,0.0
2021-04-11 03:17:38+00:00,2.0
2021-04-24 14:47:16+00:00,1.0
2021-04-15 00:43:32+00:00,1.0
2021-04-08 22:38:26+00:00,1.0
2021-04-14 11:51:18+00:00,1.0
2021-05-01 22:43:04+00:00,0.0
2021-04-11 04:43:49+00:00,2.0
2021-04-19 21:37:32+00:00,2.0
2021-04-28 07:19:55+00:00,0.0
2021-04-22 00:59:25+00:00,0.0
2021-04-10 21:40:35+00:00,2.0
2021-05-01 16:07:59+00:00,0.0
2021-04-27 00:30:28+00:00,0.0
2021-04-08 16:55:56+00:00,1.0
2021-04-07 18:32:53+00:00,1.0
2021-04-23 22:24:34+00:00,1.0
2021-04-23 00:40:28+00:00,3.0
2021-04-29 18:26:33+00:00,0.0
2021-04-05 17:38:14+00:00,1.0
2021-04-28 14:41:35+00:00,1.0
2021-04-09 19:58:07+00:00,1.0
2021-04-19 05:58:31+00:00,1.0
2021-04-21 01:28:09+00:00,0.0
2021-04-24 20:56:36+00:00,1.0
2021-04-30 11:45:16+00:00,0.0
2021-04-13 22:42:32+00:00,2.0
2021-04-16 10:12:24+00:00,1.0
2021-05-01 06:00:40+00:00,0.0
2021-04-25 05:17:33+00:00,1.0
2021-04-30 13:21:41+00:00,0.0
2021-05-01 00:15:59+00:00,0.0
2021-04-23 11:33:33+00:00,83.0
2021-04-19 07:18:25+00:00,1.0
2021-04-25 19:37:31+00:00,0.0
2021-04-23 02:10:24+00:00,3.0
2021-04-26 19:06:22+00:00,0.0
2021-04-30 19:43:52+00:00,0.0
2021-04-23 23:04:16+00:00,1.0
2021-04-21 05:30:12+00:00,0.0
2021-04-25 06:30:43+00:00,1.0
2021-04-18 00:50:09+00:00,1.0
2021-04-14 19:42:27+00:00,2.0
2021-04-25 15:11:10+00:00,1.0
2021-04-20 21:47:54+00:00,1.0
2021-05-03 11:02:08+00:00,1.0
2021-04-22 08:00:14+00:00,0.0
2021-04-22 09:59:03+00:00,0.0
2021-05-02 20:38:10+00:00,1.0
2021-04-09 07:43:55+00:00,1.0
2021-04-26 14:50:53+00:00,0.0
2021-04-29 08:49:40+00:00,0.0
2021-04-14 09:39:37+00:00,1.0
2021-04-08 02:12:30+00:00,1.0
2021-04-20 02:30:34+00:00,1.0
2021-04-17 07:10:11+00:00,0.0
2021-05-03 22:03:44+00:00,1.0
2021-04-16 00:43:38+00:00,1.0
2021-04-15 12:20:51+00:00,1.0
2021-04-22 23:33:37+00:00,3.0
2021-04-10 04:05:26+00:00,1.95
2021-04-09 21:43:57+00:00,1.95
2021-04-15 05:10:26+00:00,1.0
2021-04-26 18:43:50+00:00,0.0
2021-04-09 23:33:30+00:00,1.95
2021-04-26 12:40:58+00:00,0.0
2021-04-27 22:23:31+00:00,0.0
2021-04-14 23:41:33+00:00,1.0
2021-04-30 20:59:42+00:00,0.0
2021-04-12 09:27:51+00:00,2.0
2021-04-07 20:46:39+00:00,1.0
2021-05-02 19:15:03+00:00,1.0
2021-04-08 01:56:26+00:00,1.0
2021-05-01 23:39:18+00:00,0.0
2021-04-11 07:37:38+00:00,1.0
2021-04-22 04:01:30+00:00,0.0
2021-04-28 04:23:33+00:00,0.0
2021-04-11 02:16:02+00:00,1.0
2021-04-21 22:23:33+00:00,0.0
2021-04-29 02:28:35+00:00,0.0
2021-04-18 10:04:18+00:00,1.0
2021-04-16 20:33:42+00:00,0.0
2021-05-03 21:11:06+00:00,1.0
2021-04-26 15:18:14+00:00,0.0
2021-04-06 09:32:30+00:00,1.0
2021-05-03 09:36:45+00:00,1.0
2021-04-21 20:33:30+00:00,2.0
2021-05-01 09:17:29+00:00,0.0
2021-04-19 22:33:36+00:00,2.0
2021-04-26 03:42:05+00:00,0.0
2021-04-10 10:28:22+00:00,1.95
2021-05-02 11:14:58+00:00,0.0
2021-04-22 06:35:31+00:00,0.0
2021-04-19 16:46:14+00:00,1.0
2021-04-20 01:29:20+00:00,1.0
2021-04-29 04:20:13+00:00,0.0
2021-04-11 01:12:50+00:00,2.0
2021-05-01 22:28:21+00:00,0.0
2021-04-08 20:33:54+00:00,2.0
2021-04-19 23:03:21+00:00,2.0
2021-04-18 16:26:10+00:00,1.0
2021-04-28 02:57:10+00:00,0.0
2021-04-17 17:20:06+00:00,0.0
2021-04-24 01:11:39+00:00,1.0
2021-04-20 00:12:22+00:00,1.0
2021-04-07 16:33:48+00:00,1.0
2021-04-05 13:20:34+00:00,1.0
2021-04-26 23:20:00+00:00,0.0
2021-04-10 18:41:20+00:00,2.0
2021-04-16 01:01:47+00:00,2.0
2021-04-10 07:35:14+00:00,1.95
2021-04-11 13:45:15+00:00,1.0
2021-04-12 01:36:59+00:00,1.0
2021-04-29 10:06:12+00:00,0.0
2021-04-07 03:02:37+00:00,1.0
2021-04-27 08:09:50+00:00,0.0
2021-04-30 17:18:18+00:00,0.0
2021-05-02 21:08:52+00:00,1.0
2021-04-05 15:26:11+00:00,1.0
2021-04-08 19:22:20+00:00,1.5
2021-04-16 23:14:04+00:00,0.0
2021-04-20 23:04:59+00:00,0.0
2021-04-17 03:04:30+00:00,0.0
2021-04-30 20:28:46+00:00,0.0
2021-04-10 10:32:50+00:00,1.95
2021-04-18 13:31:13+00:00,1.0
2021-04-22 09:09:08+00:00,0.0
2021-04-06 06:53:15+00:00,1.0
2021-04-16 04:01:17+00:00,1.0
2021-04-07 03:23:11+00:00,1.0
2021-04-14 09:45:39+00:00,2.0
2021-04-10 00:24:27+00:00,1.95
2021-04-20 02:23:48+00:00,2.0
2021-04-27 20:11:00+00:00,0.0
2021-04-25 07:18:48+00:00,1.0
2021-04-23 16:25:52+00:00,1.0
2021-04-08 03:26:31+00:00,1.0
2021-04-07 13:47:45+00:00,1.0
2021-04-09 21:06:34+00:00,1.0
2021-04-05 07:25:42+00:00,1.0
2021-04-23 12:30:26+00:00,10.0
2021-05-02 05:54:29+00:00,0.0
2021-04-07 18:18:22+00:00,1.0
2021-05-01 02:50:18+00:00,0.0
2021-04-29 12:24:35+00:00,0.0
2021-04-30 14:48:11+00:00,0.0
2021-04-21 20:17:18+00:00,1.0
2021-04-12 04:34:26+00:00,1.0
2021-04-11 06:49:13+00:00,2.0
2021-05-02 15:23:46+00:00,1.0
2021-04-29 09:16:10+00:00,0.0
2021-04-09 13:34:06+00:00,1.0
2021-04-29 11:35:25+00:00,0.0
2021-04-15 21:32:44+00:00,1.0
2021-04-16 22:06:22+00:00,0.0
2021-05-02 01:15:08+00:00,0.0
2021-04-27 15:48:57+00:00,0.0
2021-05-01 13:39:50+00:00,0.0
2021-04-14 09:09:28+00:00,1.0
2021-04-12 23:18:36+00:00,1.0
2021-04-21 02:42:52+00:00,0.0
2021-04-22 03:14:55+00:00,0.0
2021-04-25 04:38:09+00:00,1.0
2021-04-18 00:27:51+00:00,1.0
2021-04-20 11:11:52+00:00,1.0
2021-04-15 02:33:41+00:00,1.0
2021-04-14 08:53:09+00:00,1.0
2021-05-03 10:36:35+00:00,1.0
2021-04-16 17:05:07+00:00,1.0
2021-04-28 12:56:03+00:00,1.0
2021-04-13 07:24:41+00:00,1.0
2021-04-20 20:46:28+00:00,1.0
2021-04-11 20:19:57+00:00,1.0
2021-04-16 17:29:33+00:00,0.0
2021-04-11 02:46:00+00:00,1.0
2021-04-20 01:15:28+00:00,1.25
2021-04-24 15:14:07+00:00,1.0
2021-04-19 06:48:38+00:00,1.0
2021-04-25 03:13:00+00:00,1.0
2021-04-19 12:56:23+00:00,1.0
2021-04-14 11:13:45+00:00,1.0
2021-04-21 23:29:52+00:00,0.0
2021-04-20 06:38:22+00:00,2.0
2021-04-08 19:23:52+00:00,2.0
2021-04-17 01:57:42+00:00,0.0
2021-04-27 21:00:36+00:00,0.0
2021-04-12 01:53:05+00:00,1.0
2021-04-14 12:33:47+00:00,2.0
2021-04-10 13:53:03+00:00,1.95
2021-04-18 08:31:04+00:00,2.0
2021-04-22 23:44:36+00:00,3.0
2021-04-22 01:26:57+00:00,0.0
2021-04-22 09:38:14+00:00,0.0
2021-04-13 11:22:31+00:00,1.0
2021-04-30 14:06:56+00:00,0.0
2021-04-23 19:43:19+00:00,1.0
2021-05-02 09:58:11+00:00,0.0
2021-05-02 05:31:00+00:00,0.0
2021-04-14 09:00:25+00:00,1.0
2021-04-12 23:25:49+00:00,1.0
2021-04-19 00:55:23+00:00,2.0
2021-04-18 15:58:51+00:00,1.0
2021-04-17 06:13:04+00:00,0.0
2021-04-05 11:35:57+00:00,1.0
2021-04-10 04:39:18+00:00,1.95
2021-04-20 21:15:51+00:00,1.0
2021-04-07 00:55:27+00:00,1.0
2021-04-28 08:20:19+00:00,20.0
2021-04-11 07:03:16+00:00,1.0
2021-04-06 07:03:40+00:00,1.0
2021-04-30 11:08:40+00:00,0.0
2021-04-29 21:14:12+00:00,0.0
2021-04-29 05:20:48+00:00,0.0
2021-04-30 17:23:51+00:00,0.0
2021-04-27 09:59:39+00:00,0.0
2021-04-22 02:36:35+00:00,0.0
2021-04-09 03:33:53+00:00,2.0
2021-04-16 02:43:00+00:00,2.0
2021-04-12 00:49:05+00:00,1.0
2021-04-27 05:29:52+00:00,0.0
2021-04-27 17:49:01+00:00,0.0
2021-04-18 16:43:04+00:00,1.0
2021-04-21 21:17:04+00:00,2.0
2021-04-28 08:46:15+00:00,132.0
2021-04-19 03:47:21+00:00,2.0
2021-04-13 00:30:14+00:00,1.0
2021-04-12 12:44:11+00:00,1.0
2021-04-28 01:01:37+00:00,0.0
2021-05-03 08:45:52+00:00,1.0
2021-04-22 19:44:58+00:00,0.0
2021-04-12 00:26:38+00:00,1.0
2021-04-11 12:33:24+00:00,2.0
2021-04-17 13:35:42+00:00,0.0
2021-04-20 06:21:22+00:00,2.0
2021-04-19 02:43:22+00:00,1.0
2021-04-14 13:59:27+00:00,1.0
2021-04-21 00:31:08+00:00,0.0
2021-05-03 19:55:50+00:00,1.0
2021-04-15 17:20:39+00:00,2.0
2021-04-22 23:48:57+00:00,3.0
2021-04-13 14:54:08+00:00,1.0
2021-04-20 04:18:42+00:00,1.0
2021-04-11 05:34:19+00:00,2.0
2021-04-06 20:24:37+00:00,1.0
2021-04-08 09:24:08+00:00,2307.0
2021-04-28 15:18:14+00:00,1.0
2021-04-06 22:06:33+00:00,1.0
2021-04-19 08:53:02+00:00,1.0
2021-04-13 18:28:45+00:00,1.0
2021-04-17 19:41:25+00:00,1.0
2021-04-07 11:29:35+00:00,1.0
2021-05-02 00:15:49+00:00,0.0
2021-04-23 16:59:29+00:00,1.0
2021-04-13 11:48:41+00:00,1.0
2021-04-25 06:56:46+00:00,1.0
2021-04-18 15:13:07+00:00,2.0
